Book ID,Title,Author,Image URL,Book URL,Description,Age,Genres
1,Թունելից 13 կմ հեռավորության վրա,Ռուբեն Եսայան,https://zangakbookstore.am/media/products/300x0/25ee5bd6f17ca76888a3cea980f1df6a.png,https://zangakbookstore.am/tunelits-13-km-heravorutyan-vra,"Ռուբեն Եսայանի հեղինակած «Թունելից 13 կմ հեռավորության վրա» վեպը հայկական գրականության առաջին սարսափ-թրիլլեր ժանրի վեպն է:
 
Այն պատմում է Երևանի Պետական Համալսարանի ֆակուլտետներից մեկում սովորող մի խումբ ուսանողների մասին, որոնք ուսումնական տարվա ավարտին` քննություններից հետո, որոշում են գնալ քաղաքից դուրս, սակայն նրանց մտքով անգամ չի անցնում, թե ինչպիսի սարսափ է նրանց սպասվում այնտեղ․․․",16.0,"Թրիլլեր, Երիտասարդական"
2,Խատուտիկ,Արփինե Լևոնյան,https://zangakbookstore.am/media/products/300x0/bb4becfb1d9dbf40f2f201b81e4beb54.jpg,https://zangakbookstore.am/khatutik,,16.0,Unknown
3,Այս աղջիկը,Սոնա Վան,https://zangakbookstore.am/media/products/300x0/a966abd639e3027593bf549064162008.jpg,https://zangakbookstore.am/ays-akhjiky,,16.0,Unknown
4,Սպանություն դրախտում,Ջեսահ,https://zangakbookstore.am/media/products/300x0/14286fa09564612cd07ec08a3b3adcd9.jpg,https://zangakbookstore.am/spanutyun-drakhtum,"Երբ դրախտում խաղաղությունը խաթարվում է անսպասելի և սարսափելի սպանություններով, հրեշտակապետներն ընկնում են անելանելի դրության մեջ։ Դեպքերը բացահայտելու և վերահաս վտանգները կանխելու համար նրանք դժոխքից օգնության են կանչում փորձառու քննիչ Իսայանին։ Նրա առաքելությունը բարդ է և արկածներով լի: Որո՞նք են այդ խորհրդավոր հանցագործությունների շարժառիթները: Ո՞վ է համարձակվել խախտել Երկնքի և Երկրի հավասարակշռությունը և անբիծ միջավայր բերել մեղքը: Իսայանի ուղին անցնում է դժոխքի մռայլ թագավորությունից մինչև դրախտի շողացող պարտեզները՝ բացահայտելով գաղտնիքներ, որոնք պտտվում են անցյալի և ներկայի Հայաստանի շուրջ։
Կիրականացնի՞ արդյոք քննիչն իրեն վստահված առաքելությունը, կկարողանա՞ քանդել այս խճճված հանգույցը։ Ջեսահի «Սպանություն դրախտում» վեպը պատմություն է բարու և չարի բախման, վախի և հուսահատության մեջ հույսի փնտրտուքի մասին:
Իրադարձությունները զարգանում են հետադարձ անդրադարձումներով, և ամեն քայլափոխին ճշմարտությունը դառնում է ավելի վտանգավոր, քան ցանկացած սուտ։",16.0,"Դետեկտիվ, Առեղծված"
5,Աճող սիրտ,Անահիտ Ղազախեցյան,https://zangakbookstore.am/media/products/300x0/c6dc3f0fdabf9b1063a5df89e0363742.jpg,https://zangakbookstore.am/achokh-sirt,"«Աճող սիրտ» ժողովածուն բանաստեղծական ճամփորդություն է տարբեր տարածություններով՝ սիրո, կապվածության, ցավի, հարափոփոխ հիշողության փնտրտուքներով։ Այն ժամանակակից գրող Անահիտ Ղազախեցյանի բանաստեղծությունների երկրորդ ժողովածուն է, որում մեկտեղվել են վերջին վեց տարիների գործերը։",16.0,"Պոեզիա, Ժամանակակից"
6,Համլետ,Ուիլյամ Շեքսպիր,https://zangakbookstore.am/media/products/300x0/13cadad2b20d3ea3aae1a6445960c917.jpg,https://zangakbookstore.am/hamlet-3,,16.0,Unknown
7,Գեշ անեկդոտ,Ֆյոդոր Դոստոևսկի,https://zangakbookstore.am/media/products/300x0/aa7abef8e2473317fcb96f1a5917c79a.jpg,https://zangakbookstore.am/gesh-anekdot,,16.0,Unknown
8,Լավագույնը հյուսիսային քամու դեմ,Դանիել Գլաթաուեր,https://zangakbookstore.am/media/products/300x0/6a975403dc3567d7f973ce48c3fae8d2.jpg,https://zangakbookstore.am/lavaguyny-hyusisayin-qamu-dem,"Դանիել Գլաթաուերի 2006 թվականին լույս տեսած «Լավագույնը հյուսիսային քամու դեմ» վեպը պատմում է տառասխալի պատճառով սկսված էլեկտրոնային նամակագրության մասին, որը շոշափում է ժամանակակից մարդու, վիրտուալ իրականության և դրա հատ նրա հարաբերությունների խնդիրները։  

Կա՞ արդյոք ավելի պաշտպանված և մինևնույն ժամանակ անպաշտպան տարածք քան վիրտուալը․․․ «Լավագույնը Հյուսիսային քամու դեմ»-ը ժամանակակից նամակագրական վեպ է, որը ծավալվում է հենց այս տարածքում։ Սխալ մուտքագրված մեկ տառ, և Էմմի Ռոթների էլեկտրոնային նամակները հայտնվում են hոգելեզվաբան Լեո Լայքեի փոստարկղում: Լեոն, այնուամենայնիվ, պատասխանում է և սկսվում է նամակների զվարճալի փոխանակում, որը դառնում է ավելի ու ավելի անձնական, վերածվում կախվածություն․․․  

Կբավավարի՞ արդյոք միայն վիրտուալ շփումը, կհամարձակվե՞ն/կխիզախեն արդյոք Լեոն և Էմմին անտեսել խոչընդոտներն ու ծանոթանալ նաև իրական կյանքում ․․․",16.0,"Ժամանակակից, Դրամա"
9,Հետգրություն Փարիզից,Մարկ Լևի,https://zangakbookstore.am/media/products/300x0/ee8e2f9dcbfdc6af8c0135fb923fd30f.jpeg,https://zangakbookstore.am/hetgrutyun-parizits,,16.0,Unknown
10,Աչքը Լսում է Պոլ Կլոդել,Պոլ Կլոդել,https://zangakbookstore.am/media/products/300x0/e42c175655f71b5de1dda08b2f13ea96.jpg,https://zangakbookstore.am/achqy-lsum-e-pol-klodel,"«Ժամանակ և Խոսք» մատենաշարի սույն հատորը ներկայացնում է ֆրանսիացի բանաստեղծ, թատերագիր, մտածող Պոլ Կլոդելի (1868-1955) «Աչքը լսում է» էսսեների նշանավոր ժողովածուն (1946): Հեղինակն անդրադառնում է հոլանդական, իսպանական գեղանկարչությանը, ֆրանսիական տաճարների վիտրաժներին, ճարտարապետությանը, երաժշտությանը, լուսանկարչությանը, թանկարժեք քարերին…",16.0,"Պոեզիա, Ժամանակակից"
11,Աննալների դպրոցը,Սմբատ Հովհաննիսյան,https://zangakbookstore.am/media/products/300x0/22eae12639a1efac0f0b4e85c2dbfce9.jpg,https://zangakbookstore.am/annalneri-dprotsy,"ենագրությունը նվիրված է XX դարի արևմտյան պատմագիտության մեջ բեկում մտցրած ֆրանսիական Աննալների դպրոցի պատմությանը։ Պատմական գիտելիքների ընդհանուր զարգացման համատեքստում վեր են հանվում Աննալների դպրոցի ավանդույթի ձևավորման պայմաններն ու ակունքները։ Աննալների դպրոցի ծագման և զարգացման օրինակով վերլուծվում են աննալականների դասական հայեցակարգերի ձևավորումը և այլացումը, տարաբնույթ թեմատիկ և մեթոդական նախասիրություններն ու արդի պատմագիտության մի շարք հարացույցների կայացումը:",16.0,"Պատմական գեղարվեստական գրականություն, Երիտասարդական"
12,Արիության մետաղ,Սյունե Սևադա,https://zangakbookstore.am/media/products/300x0/df6108b4807537465e611c6d1239ae17.jpg,https://zangakbookstore.am/ariutyan-metakh,"Մնալ ցավի մե՞ջ, թե՞ դուրս գալ թեկուզ սողալով։ Անցյալը բերե՞լ ներկա՝ փորձելով լուծումներ գտնել, թե՞ փակել ու շարժվել առաջ։ Որոշ իրավիճակներում այս հարցերի պատասխանները հստակ չեն, ու թվում է՝ հուշերի խեղդող ալիքներն արդեն հեռվում են, բայց հանկարծ պարզվում է, որ դառը օրերի համառ ու սառը ցնցուղը մշտապես գլխավերևում է՝ պատրաստ փայտացնել կամ էլ... սթափեցնել։Որտե՞ղ սկսվեց ու որտե՞ղ կավարտվի ներքին կռիվը։ Այս հարցերի պատասխաններն են փնտրում «Արիության մետաղ» վեպի հերոսները, որոնք այսօր բախվել են անցյալի ծանր փորձություններին, որոշումներին ու թուլություններին և պետք է հասկանան, թե ինչ է պետք անել ապագայի հետ։Այս վեպը փորձում է հիշեցնել, որ ամեն ոք իր ներսում ունի արիության սեփական մետաղը, բայց թե ինչպես այն կկիրառի, ի՛ր ընտրությունն է։Գլխավոր գործընկեր՝ «Սպարսիս» ընկերություն։",16.0,"Դրամա, Թրիլլեր"
13,Հայելիս,Ավետ Բարսեղյան,https://zangakbookstore.am/media/products/300x0/051890470356aa0cee973a5a0956c30c.jpg,https://zangakbookstore.am/hayelis,"«Հայելիս» բանաստեղծությունների ժողովածուն Ավետ Բարսեղյանի անդրանիկ գիրքն է: Գրքում յուրաքանչյուր տող ինքնաբացահայտման փորձ է, որը ընթերցողին հնարավորություն է տալիս նայել մարդուն, կյանքին և սիրուն Ավետի հայացքով։ Գիրքը բացահայտում է հեղինակի հոգու ամենանուրբ անկյունները՝ անկեղծությամբ և առանց զարդարանքի։ «Ազնիվ»` այդպես է բնորոշում Ավետի պոեզիան Ընթերցողը։",16.0,"Պոեզիա, Ռոմանս"
14,Վերջին կարմիր շրթներկը,,https://zangakbookstore.am/media/products/300x0/9237dc9e62d755b1c1463520ba71ee27.jpg,https://zangakbookstore.am/verjin-karmir-shrtnerky,"Արցախի հայաթափման հաջորդող տարում Ծովինար Բարխուդարյանը բազմաթիվ վկայություններ է հավաքել՝ ցնցող, ցավեցնող, սարսափելի, հուզիչ, ապրելու ուժ տվող։ Մեկ գրքում Ծովինարն ամփոփել է իր և 12 կանանց ճշմարտությունը, պատմել իրենց ցավն աննկարագրելի արժանապատվությամբ կրող մարդկանց մասին։ Գիրքն ականատեսի ճշգրիտ, փաստական վկայությունների և հուզիչ համալրումների ամբողջացում է։ Հեղինակը պատմում է սեփական ու արցախցի իր հայրենակիցների պատմությունը՝ նկարագրելով արցախցու անկոտրում կամքը և ծանր գաղթի մղձավանջային ճանապարհը։",16.0,"Կենսագրություն, Թրիլլեր"
15,Հրաժեշտի աչքերը,Հերմինե Ավագյան,https://zangakbookstore.am/media/products/300x0/19343a35a8d28880a986e7304b0ffd14.jpg,https://zangakbookstore.am/hrazheshti-achqery,"Մարդկային խեղված ճակատագրեր, ժամանակից շուտ մեծացած երեխաներ, հայրենի տունը լքելու պարտադրանք, կարոտ. սա այն է, ինչ իր հետ բերում է պատերազմը։ Այն մարդիկ, ովքեր անցել են այս ամենի միջով, շատ նման են իրար. նրանց հոգիներում դատարկ անկյուններ կան, որոնք ոչ մի բանով հնարավոր չէ լրացնել, ամբողջացնել։  Պատերազմից հետո մնում է ծանր լռություն, որով իրար հետ հաղորդակցվում են երազանքները կորցրած մարդիկ։ Նրանք իրար հետ խոսում են աչքերով, որովհետև ընկերոջ, հարևանի, որդու, ամուսնու հայացքում նրանք ամեն օր գտնում են իրենց հիշատակները, կորուստները և խաղաղության հավատը:",16.0,"Դրամա, Թրիլլեր"
16,Տարզան,Էդգար Ռայս Բերրոուզ,https://zangakbookstore.am/media/products/300x0/0caa5079a118f0d44d146cf7012af463.jpg,https://zangakbookstore.am/tarzan,"«Արկածային գրադարան» շարքով լույս է տեսել «Տարզան. Կապիկների որդեգիրը» գիրքը, որը ամերիկացի գրող
Էդգար Ռայս Բերրոուզի (1875-1950) ստեղծած Տարզանի՝ մարդ-կապիկի մասին պատմող վիպաշարի (քսաներկու պատմություններ)
առաջին գիրքն է, որում պատմվում է անգլիացի մի ազնվականի որդու՝ Ջոն Գրեյսթոքի (նույն ինքը՝ Տարզանի) կյանքի պատմությունը
լույս աշխարհ գալու պահից  մինչև քաղաքակրթության մեջ հայտնվելը: 
Նա անակնկալ սիրո ազդեցության ներքո աստիճանաբար վերածվում է իսկական ջենթլմենի: 
Արձակագիրը միաժամանակ հմտորեն ներկայացնում է նաև տվյալ ժամանակաշրջանին բնորոշ քաղաքական իրավիճակը:
Նա բավական ուշագրավ ու մանրամասն պատկերել է աֆրիկյան ջունգլիների տարօրինակ ու յուրօրինակ կյանքը, ներկայացրել 
մարդանման կապիկներին բնորոշ սովորությունները, զգացմունքային աշխարհն ու վայրենիների նիստուկացը:",12.0,"Կենսագրություն, Դրամա"
17,ա-մսագիր / #20(26) /2024,,https://zangakbookstore.am/media/products/300x0/797e807dd8b128ffb07746959658eb40.jpeg,https://zangakbookstore.am/a-msagir-2026-2024,,16.0,Unknown
18,Վերադարձություն,,https://zangakbookstore.am/media/products/300x0/25047e60e06994f6e2ed718b6e08442c.jpg,https://zangakbookstore.am/veradardzutyun,,16.0,Unknown
19,Հովհաննես Թումանյան ...մի ճամփորդ է իմ հոգին,Հովհաննես Թումանյան,https://zangakbookstore.am/media/products/300x0/294d3601ca98323349d1f8ec444ed949.jpg,https://zangakbookstore.am/hovhannes-tumanyan-mi-champord-e-im-hogin,"«Զանգակ» և «Ակտուալ արվեստ» հրատարակչությունները համատեղ լույս են ընծայել Հովհաննես Թումանյանի հիշատակի 100-րդ տարելիցին նվիրված  «Հովհաննես Թումանյան․ մի ճամփորդ է իմ հոգին։ Հարյուր և մեկ ստեղծագործական ակնթարթ» գիրքը։

Առաջին անգամ ժողովածուում մեկտեղվում են բանաստեղծի միայն այն գործերն ու առանձին հատվածներ, որոնք գրականագետները հաճախ անվանում են «խոհափիլիսոփայական»։

Հովհաննես Թումանյանի մահվանը հաջորդող 100 և ավելի տարիներից ոչ մեկը  չի եղել առանց նրա կյանքի ու ստեղծագործության մասին որեւէ անդրադարձի և դրանց հետագիծը գրքի այս բաժիններից մեկն է:

Բանաստեղծություններին զուգահեռ գրքի երրորդ բաժնում ընթերցողը կգտնի Հովհաննես Թումանյանի այս կամ այն ստեղծագործությանը ծնունդ տված դիպվածներ, կամ բովանդակային առումով դրանց առնչվող հեղինակային մտորումներ:",16.0,"Պոեզիա, Դրամա"
20,Զահրատ․ Կիկոյի հետ առաջ ու հետ,Զահրատ,https://zangakbookstore.am/media/products/300x0/40828eaa01e0b6fad966f3ea9389de94.jpg,https://zangakbookstore.am/zahrat-kikoyi-het-araj-u-het,,16.0,Unknown
21,Ամբարտակ խաղաղականի դեմ,Մարգրիտ Դյուրաս,https://zangakbookstore.am/media/products/300x0/b566a95aa98db1fa9d3afff0d20fffd7.jpg,https://zangakbookstore.am/ambartak-khakhakhakani-dem,,16.0,Unknown
22,Մեղք,Նորետա Անդրեասյան - Թոմաս,https://zangakbookstore.am/media/products/300x0/0a846d7e6906ab9b0b907b5dcb462b08.jpg,https://zangakbookstore.am/mekhq,,16.0,Unknown
23,Մի անգամ Երևանում,Արմեն Վարդանյան,https://zangakbookstore.am/media/products/300x0/7186804e63c79fce1bd7f5382dccd1db.jpg,https://zangakbookstore.am/mi-angam-erevanum,"Իրադարձությունները ծավալվում են 1993 թվականի ձմռանը: Արտակը և Գնելը եղբայրներ են, որոնք ներկայացնում են 90-ական- ների երիտասարդության երկու հակառակ բևեռները։ Արտակը սո- վորում է ԵՊՀ բանասիրական ֆակուլտետում, ՈՒՀԱ-ի թիմի ավագ է, աղջիկների սիրելին: Գնելը տաղանդավոր ըմբշամարտիկ է և թաղային հեղինակություն: Բուհ, փողոց, սիրային եռանկյունիներ: Եվ այդ ամենը՝ 90-ականների անմարդկային պայմաններում, ինչը երիտասարդներն անտեսում էին՝ փորձելով ապրել... Ապրել իրենց բաժին հասած երիտասարդ տարիները։",16.0,"Երիտասարդական, Կենսագրություն"
24,Տասներկու աթոռ,"Իլյա Իլֆ, Եվգենի Պետրով",https://zangakbookstore.am/media/products/300x0/34349ced24537afc8f8dfee79fe926fd.jpg,https://zangakbookstore.am/tasnerku-ator,"«Տասներկու աթոռը» (1927 թ.) վեպը գրվել է գրեթե մեկ դար առաջ, բայց կարծես թե բոլորովին վերջերս է գրված: Նրա հետ երկխոսում են նույնիսկ նրանք, ովքեր ոչ մի էջ չեն կարդացել վեպից բոլորը, ու ոչ մի ֆիլմն են դիտել: Օստապ Բենդերը դարձել է հայտնի անուն, և նույնիսկ նրա հուշարձաններն են կանգնեցվում: Պատմությունն այն մասին է, թե ինչպես են Բենդերը իր «գործընկեր» Կիսա Վորոբյանինովի հետ փորձում գտնել կահույքի հավաքածուի 12 աթոռներից մեկում թաքնված մադամ Պետուխովայի ադամանդները։

Վեպը վերահրատարակվել է ավելի քան 200 անգամ, այն թարգմանվել է բազմաթիվ լեզուներով, թեև և բավականին դժվար է փոխանցել այն հումորը, որով գերհագեցած է ամեն իմաստով զարմանալի այս գիրքը։ Ներսես Աթաբեկյանին հաջողվել է լավագույնս ներկայացնել վեպի լեզուն և պահպանել բնագրային ճշգրտությունը:",16.0,"Կատակերգություն, Դրամա"
25,Թզենին,Գորան Վոյնովիչ,https://zangakbookstore.am/media/products/300x0/37c6fabfd6cbd8b7c3373bdde7a1da36.jpg,https://zangakbookstore.am/tzenin,"«Թզենի»-ն ընտանեկան սագա է, շրջագայություն, որը պատմում է երեք սերունդների մասին՝ սկսած 20-րդ դարի կեսերից, ընդգրկելով 90-ականների Բալկանյան պատերազմները և մեր օրերը: Ու թեև վեպի հերոսների կատարած ճակատագրական ընտրությունները հաճախ թելադրված են իրենց ապրած ժամանակների պատմական իրողություններով, դրա հիմքում միևնույն է ընտանիքի, հարաբերությունների, սիրո, ազատության և մեր «ես»- ը ներկայում իմաստավորելու անձնական պատմություններն են, որոնք Գորան Վոյնովիչը այքան վարպետորեն է միահյուսում:",16.0,"Պատմական գեղարվեստական գրականություն, Կենսագրություն"
26,Կետի շատրվանը,,https://zangakbookstore.am/media/products/300x0/7a06edc6fca5ac648e2da98160544c5b.jpg,https://zangakbookstore.am/keti-shatrvany,"Գյումրեցի արձակագիր Ավետիք Դարբինյանի «Կետի շատրվանը» վեպն, ասես վերադասավորում է, յուրովի հիշատակում հռչակավոր բիբլիականներից մեկը՝ Հովնան Մարգարեի և կետ-հրեշաձկան պատմությունը: Փետրե թեթևությամբ, Իտալո Կալվինոյի գրչոգով ստեղծված այս կարճ վեպում` սիրո և ամուսնության ճգնաժամը վերածվում է կեցության ճգնաժամի: Իսկ պատումի կարգականոնը՝ ռոբինզոնադա ժանրն է:
«Կետի շատրվանը» առաջին անգամ հրապարակվել է 1991 թվականին Ավետիք Դարբինյանի՝ «Օր ջոջություն՝ խայտառակություն» հետմահու գրքում՝«Ստամոքսի արքան և նրա կինը» վերնագրով, «Նաիրի» հրատարակչություն:",16.0,"Դրամա, Ռոմանս"
27,Անծանոթ ինքնակենսագրություն,Ռուբեն Ֆիլյան,https://zangakbookstore.am/media/products/300x0/eb4681e7dd1fe85ffff0be7871422ef5.jpg,https://zangakbookstore.am/antsanot-inqnakensagrutyun-1,"«Անծանոթ ինքնակենսագրությունում» կարծես մեզ հնածանոթ անսովորի մեջ ենք, որին հեքիաթ էինք կոչում – ուր հեքիաթ չեն պատմում նրա համար, որ հեքիաթ է, պատմում են, որ վստահ լինենք՝ հեքիաթ է. որպեսզի երբևէ չմոռանանք, որ դա այնքան էլ այդպես չէ: Մանկությանը հրաժեշտ տալուց հետո՝ հեքիաթների վերընթերցումը հեռավորությունից սարսափելի մոտիկ մի վայրում մանկության պարահանդեսին շտապող թրմուկն է. հրաշագործության սրվակը – ցավոտ ու աննման այն հիշեցումը, որ հեքիաթից ենք եկել և վերադառնալ չենք կարող: Ուստի մեզ այլ բան չի մնում քան հեքիաթանալը»:
Արամ Պաչյան",16.0,"Սարսափ, Ֆանտաստիկա"
28,Սիրո ուսմունքը,Փարոս Մասիս,https://zangakbookstore.am/media/products/300x0/e5c439933bae901b50bbc9d555aa10f2.jpg,https://zangakbookstore.am/siro-usmunqy,"Հեղինակն այս գիրքը վերնագրել է «Սիրո ուսմունք», այդպես բնորոշելով պոեզիայի նշանակությունը: Գրքում զետեղված բանաստեղծություններն ընթերցողին խոստանում ենսիրո և հավատարմության վառ օրինակներ, աշխարհի մոլորություններից խուսափելու բարոյախրատական պատգամներ, հուզիչ և հոգեսուն տողեր, աստվածային արժեքները վերականգնելու իմաստուն խորհուրդներ:",16.0,"Պոեզիա, Ռոմանս"
29,Հազարամյակների և օրերի միջով,Արմեն Դավթյան,https://zangakbookstore.am/media/products/300x0/ffebf07a8d045f695d965a1304415d39.jpg,https://zangakbookstore.am/hazaramyakneri-ev-oreri-mijov,"Արմեն Դավթյանը ժամանակակից հայ բանաստեղծության ամենատպավորիչ դեմքերից է։ Առաջին քայլերն անելով 1980-ականների սկզբին՝ դարձել է համարձակ ու ինքնատիպ հեղինակ և գրական միջավայրում ճաշակ է թելադրել՝ ընդարձակելով լեզվի ու բանաստեղծական երևակայության սահմանները։ Գրքում ի մի են բերված նրա երկու ժողովածուները՝ «Նորավանք» և «Տեսիլներ մենախցում», որոնք 1980-1990-ականներին դարձել են խորհրդայինից անկախություն անցման շրջանի հայ պոեզիայի չսպառվող լիցքը՝ ոգեշնչելով ոչ միայն ընթերցողներին, այլև նրա սերնդակից շատ հեղինակների։ Գիրքը տպագրության է պատրաստվել հեղինակի 60-ամյակի առիթով։",16.0,"Պոեզիա, Ժամանակակից"
30,Մեծ գիշերը․ նովելներ,Մհեր Շահնազարյան,https://zangakbookstore.am/media/products/300x0/12d860d16323bffb4f34877eaf300253.jpg,https://zangakbookstore.am/mets-gishery-novelner,"Քո առաջ բացվում է մի աշխարհ, որտեղ երևակայությունը դառնում է իրականություն, միստիցիզմը բացահայտում է թաքնված ճշմարտություններ, իսկ սարսափը դուրս է սողում իր մթին ստվերներից` ստիպելով քեզ սարսռալ։ Քեզ սպասում է արտասովոր ուղևորություն դեպի «Մեծ գիշեր», ուր կտեսնես խելակորույս տեսարաններ:",16.0,"Սարսափ, Դրամա"
31,Առանց ինձ ո՞նց ես մնալու,Ժորժ Աբրահամյան,https://zangakbookstore.am/media/products/300x0/63721f280ee5921c9c7f45db1120702e.jpg,https://zangakbookstore.am/arants-indz-onts-es-mnalu,"Ժորժ Աբրահամյանի պատմվածքների հերոսները հասարակ ու անչափ համակրելի մարդիկ են, որոնք, հաղթահարելով կյանքի դժվարությունները, շարունակում են ապրել՝ պահպանելով գեղեցկությունները տեսնելու ու փոքրիկ ուրախությունների մեջ հոգեկան բավարարվածություն գտնելու հատկությունը: Իրանահայերի կյանքի մասին այս գողտրիկ պատմություններով վերստեղծվում է 20-րդ դարակեսի իրանահայ բազմերանգ միջավայրը՝ իր խորհրդատվությամբ ու հմայքով:",,"Կատակերգություն, Դրամա"
32,Կորած երեխայի պատմությունը,Էլենա Ֆերանտե,https://zangakbookstore.am/media/products/300x0/09ea0b8400ce2582670951150f934f80.jpg,https://zangakbookstore.am/korats-erekhayi-patmutyuny,"«Կորած երեխայի պատմությունը» եզրափակում է Էլենա Ֆերանտեի նեապոլիտանական քառագրությունը, որը սկսվում է «Իմ հանճարեղ ընկերուհին» սենսացիոն ընտանեկան սագայով, շարունակվում «Նոր ազգանվան պատմությունը» և «Հեռացողների և մնացողների պատմությունը» գրքերով: Շարքի վերջին մասում՝ «Կորած երեխայի պատմությունը» գրքում, երկու ընկերուհիների՝ Լիլայի և Էլենայի ընկերությունն անցնում է ժամանակի քննությունը: Երկուսն էլ ունեն ընտանիք, երեխաներ, սիրեկաններ... Սակայն որքան էլ ձգտել են փախչել Նեապոլի արվարձանային մռայլ միջավայրից, կյանքը նրանց նորից ստիպում է բախվել նեապոլիտանական իրականությանը:Լենուն ամուսնացել ու տեղափոխվել է Ֆլորենցիա, դարձել հայտնի գրող։ Բայց Նեապոլը նրան կլանում է իր մութհմայքով։ Լիլան չի կարողացել հեռանալ Նեապոլից։ Նա կայացած ձեռներեց է, բայց հաջողությունը նրան ավելի էներքաշել իտալական հարավի կենցաղային բարքերի, բամբասանքի ու ընտանեկան վեճերի հորձանուտ:",16.0,"Երիտասարդական, Դրամա"
33,Բառ ընդ ժամանակս (փափուկ),Գոհար Գալստյան,https://zangakbookstore.am/media/products/300x0/b3c8e2c13b2cee3b80f14750490d26e5.jpg,https://zangakbookstore.am/bar-ynd-zhamanaks-papuk,,16.0,Unknown
34,Բառ ընդ ժամանակս (կոշտ),Գոհար Գալստյան,https://zangakbookstore.am/media/products/300x0/a266417d6a6e2ac09072ca612dd4ef35.jpg,https://zangakbookstore.am/bar-ynd-zhamanaks-kosht,,16.0,Unknown
35,Ոչ մի շաբաթ առանց Իսահակյանի,Ավետիք Իսահակյան,https://zangakbookstore.am/media/products/300x0/c4f603e0727e181c99e73d16955fe567.jpg,https://zangakbookstore.am/och-mi-shabat-arants-isahakyani,"Ավետիք Իսահակյանի պոեզիան ծնվելով ժողովրդական ակունքներից, անցնելով զարգացման մեծ ուղի, հարստանալով նոր գույներով ու ձևերով՝ հենց ժողովրդին է վերադարձնում այն լավագույնը, որն ունի ժողովուրդը։  

Սակայն ժողովրդայնությունը Ավետիք Իսահակյանի բազմաժանր ստեղծագործութան միայն մեկ կողմն է։ Վարպետը ստեղծել է ընթերցողական ամենատարբեր ճաշակները բավարարող բազմազան ու տարբեր գործեր։ Փոքրածավալ քնարական բանաստեղծությունների կողքին հեղինակել է ծավալուն քնարական ու էպիկական պոեմներ, լեգենդներ ու բալլադներ, առակներ ու պատմվածքներ, վեպ, գրել հիանալի հուշեր։ Ավ. Իսահակյանի փոթորկուն կյանքի պատմությունն ինքնին մի մեծ վիպաշարի նյութ կարող է դառնալ։  

Կյանքի վաղ տարիներից սկսյալ Ավ. Իսահակյանը իր ակտիվ գրական ու քաղաքական գործունեության համար ենթարկվել է հալածանքների, բանտարկվել ու աքսորվել, երկար տարիներ անցկացրել արտասահմանում, իր մասնակցությունը բերել ազգային-ազատագրական պայքարին, իր ստեղծագործություններով արտացոլել ու ոգեշնչել այդ պայքարը։ Նա մեծ հայանպաստ գործունեություն է ծավալել արտասահամանում, իսկ Հայաստան վերադարձից հետո ջանքեր չի խնայել հայրենիքի գրական-մշակութային կյանքի զարգացման համար։ 

Եվ նրան նվիրելով «Զանգակ» հրատարակչության «Ոչ մի շաբաթ առանց գրականության» նախագծի արդեն ութերորդ գիրքը, մենք փորձել ենք բանաստեղծի կյանքի ու ստեղծագործության ընտրված՝ տարվա շաբաթներին համապատասխան 52 անդրադարձ–դրվագներով ընդհանուր գծերով ներկայացնել մեծ բանաստեղծին, մտավորականին ու հայրենասեր հայ մարդուն, նաև մեր հարգանքի տուրքը մատուցել նրա հիշատակին։",16.0,"Պոեզիա, Կենսագրություն"
36,Որսալով ալիքը,Ագաթա Քրիստի,https://zangakbookstore.am/media/products/300x0/bec420cd3ed9dec62fc4ba944b1b41dd.jpg,https://zangakbookstore.am/orsalov-aliqy,"Երիտասարդ այրու հետ ամուսնանալուց շաբաթներ անց Գորդոն Քլոուդը մահանում է Լոնդոնում՝ օդային ռմբակոծության ժամանակ, և նրա ողջ կարողությունն անցնում է կնոջը: Գորդոն Քլոուդի հարազատների կյանքում դրանով շատ բան է փոխվում, քանի որ նա օգնում էր բոլորին: Դեպքերի զարգացումը բերում է առեղծվածային սպանության, որի բացահայտումն էլ ստանձնում է հռչակավոր Էրքյուլ Պուարոն:",16.0,"Դրամա, Առեղծված"
37,Նմանակը,Աշոտ Աղաբաբյան,https://zangakbookstore.am/media/products/300x0/e3d94caf622b05acd559d3355e8bb55a.jpg,https://zangakbookstore.am/nmanaky,"Գեղարվեստական վեպի գլխավոր հերոսի նախատիպը ծնունդով Իջևանի Աչաջուր գյուղից ԽՍՀՄ հետախույզ Սմբատ Խոջոյանն է: Թուրքիայի խորհրդարանի իշխող կուսակցության պատգամավոր Մահմուդ Շովքեթի նմանակ հայ հետախույզին ԽՍՀՄ Գլխավոր հետախուզական վարչությունը գործուղում է Ստամբուլ՝ թուրք պատգամավորին «փոխարինելու»: Գաղտնիության պայմաններում մահացած ու թաղված պատգամավորի փոխարեն նրա նմանակ հայ հետախույզը մոտ երեք տարի «աշխատում» է խորհրդարանում` մինչև բացահայտվելը, որից հետո կարողանում է փախչել երկրից:
Հասկանալի պատճառով թուրք պատգամավորի և որոշ գործող անձանց անունները փոխված են: «Նմանակը», այնուամենայնիվ, գեղարվեստական վեպ է, չնայած դեպքերի ճշմարտացիությանը։",16.0,"Դետեկտիվ, Առեղծված"
38,Գաղութ,Աշոտ Աղաբաբյան,https://zangakbookstore.am/media/products/300x0/4fbe301956ff4c7c58dd0be04fd45980.jpg,https://zangakbookstore.am/gakhut,"Սույն գործը անկախ Հայաստանի 90-ականների հիշարժան դեպքերի, իրադարձությունների տարեգրությունն է՝ ականատես-գրողի վավերագրական, հավաստի տվյալներով: Յոթ մասից բաղկացած գրքի «Գաղութը» գլխում ՀՀ բանտերի, գաղութների իրավիճակն ու գողական աշխարհի նիստուկացն է, որի վկան է եղել հեղինակը՝ պարբերաբար շրջագայելով բանտերում եւ գրողի քննախույզ հայացքով հետազոտելով կալանավորների աննախանձելի միջավայրը։",16.0,"Պատմական գեղարվեստական գրականություն, Կենսագրություն"
39,Մենակը,Աշոտ Աղաբաբյան,https://zangakbookstore.am/media/products/300x0/8bc4778be8394ad5ce677e8987d09e0b.jpg,https://zangakbookstore.am/menaky-1,"Այս գրքում ընթերցողն աոաջին անգամ կծանոթանա վերջին տասնամյակներում պետական գաղտնիք համարվող մի շարք իրադարձությունների բացահայտումներին, nրոնք առաջին հայացքից առասպելական են թվում, սակայն բացարձակ իրական դեպքեր են: Վեպի հիմքում հայտնի ակադեմիկոսի հայտնագործություններն են։ Առաջին անգամ ընթերցողին ամբողջովին կներկայանա համաշխարհային գիտության այս հսկայի իրոք առասպելական ոդիսականը: Սակայն «Մենակը» վեպը գեղարվեստական ստեղծագործություն է, և նրա գլխավոր հերոս Առնո Սարոյանը իրականում մարմնավորում է երկու հոգու՝ գիտնականի և հայտնի գրողի կերպարները: Վեպում անձնական կյանքի դրվագները բացառապես Առնո Սարոյնինն են և որևէ կապ չունեն գիտնականի հետ: Դեպքերը տեղի են ունենում Հայաստանում և Մոսկվայում: Ընթերցողը հերոսներից շատերին կճանաչի, քանի որ, ի տարբերություն հեղինակի նախորդ՝ «Ռեզիդենտը» վեպի, այս գրքում գործող անձինք մեր ժամանակակիցներն են:",16.0,"Կենսագրություն, Առեղծված"
40,Երբ սիրում եմ քեզ,Հուսիկ Արա,https://zangakbookstore.am/media/products/300x0/9dbe7006896c7c4fac007493e82d04d7.jpg,https://zangakbookstore.am/erb-sirum-em-qez,"Գիրքն հիմնականում ամփոփում է Հուսիկ Արայի սիրային և հոգևոր թեմաներով գրված նոր բանաստեղծությունները: Այդ առումով ներկայացվող գիրքը որոշակի վկայություն է նաև հեղինակի այն հավատամքի, որ բանաստեղծությունը նախ Սեր է և Աստված: Ժողովածուն ամբողջացնելու նպատակով ներառված են այլ բանաստեղծական շարքեր ևս. «Գարնան և սիրո ջարդը», «Երևան նռնագույն քաղաք», և պարզապես հոգեվիճակներ։",16.0,"Պոեզիա, Ռոմանս"
41,Վերնասրահի զավակները,,https://zangakbookstore.am/media/products/300x0/42e54a39bc19f5c3e636078ffcd5c626.jpg,https://zangakbookstore.am/vernasrahi-zavaknery,"«Վերնասրահի զավակները», որ ծնունդ է տվել կինոյի անմահ գործերից մեկին՝ Մարսել Կառնեի համանուն ֆիլմին (1945), վերակենդանացնում է XIX դարի ֆրանսիական թատրոնի այն շրջանը, երբ մրցակցում էին էին հավասարապես մեծ ժողո վրդականություն վայելող մնջախաղը և մելոդրամը` ի դեմս մեծահամբավ արտիստներ Ժան-Գասպար Դըբյուրոյի և Ֆրե դերիկ Լըմետրի (տեքստում ներկայացված են որպես Բատիստ Տաբյուրո և Ֆրեդերիկ Լըպրենս): Ժակ Պրևերի սցենարը, ամբողջովին ներշնչված լինելով թատրոնից, այնքան գունեղ ու տպավորիչ է պատկերում՝ ժամանակի թատերաշխարհը,որ միանգամայն օրինաչափորեն տեղ է գրավել «Բեմ» մատենաշարում: Պրևերյան բանաստեղծական ռեալիզմի շարունակում են ու ոգով կյանքն ու թատրոնը շար փոխլրացնում իրար՝ ասպարեզ բերելով մարդկային կատակերգության դրաման և զավեշտը:",16.0,"Դրամա, Պոեզիա"
42,"Կա՛նգ առ, աստ երկիրն է հայոց",,https://zangakbookstore.am/media/products/300x0/a864ae20e1b79e690d2c16ee6fa627cd.jpg,https://zangakbookstore.am/kang-ar-ast-erkirn-e-hayots,"Գրքում ներկայացված են քաղվածքներ Հայկ Խաչատրյանի «Տիգրան Մեծ» և «Արտավազդ», Պերճ Զեյթունցյանի «Արշակ Երկրորդ» և Ստեփան Զորյանի «Պապ թագավոր» պատմավեպերից:",,"Պատմական գեղարվեստական գրականություն, Պոեզիա"
43,Կորուսյալ ժամանակը որոնելիս: Դեպի Սվանը,Մարսել Պրուստ,https://zangakbookstore.am/media/products/300x0/28501f9da9f8843d68662b213e4c222f.jpg,https://zangakbookstore.am/korusyal-zhamanaky-oronelis-depi-svany,"«Դեպի Սվանը» ֆրանսիացի նշանավոր վիպասան Մարսել Պրուստի (1871-1922) «Կորուսյալ ժամանակը որոնելիս» վիպաշարի առաջին վեպն է: Լույս է տեսել 1913 թվականին: «Դեպի Սվանը» համադրում է այսպես կոչված՝ խոստովանական վեպի և հուշագրական վեպի տարրեր, որտեղ անցյալն ու ներկան, միահյուսվելով միմյանց, բացահայտում են մարդկային մտքի զարմանալի ու անվերջ շարժումը դեպի ներս, դեպի ներաշխարհի խորքերը։ Ներկան և անցյալը, խորհրդածությունն ու հիշողությունը հայտնվում են ժամանակից դուրս և միավորվում մեկ պատկերի մեջ` ձևաբանելով այսպես կոչված «գիտակցության հոսք»։",16.0,"Դրամա, Կատակերգություն"
44,Նյութեղեն կյանքը,Մարգրիտ Դյուրաս,https://zangakbookstore.am/media/products/300x0/c4e7a5cff7dd8fd38d0ccb98eca2778e.jpg,https://zangakbookstore.am/nyutekhen-kyanqy,"Այս գիրքը ո՛չ սկիզբ ունի, ոչ վերջ և ոչ էլ միջնամաս: Չի լինում գիրք՝ առանց լինելու պատճառի, այս մեկն այդպիսին չէ: Այն լրագրագիր չէ, լրագրությանը չի առնչվում, այն ազատ է առօրյա իրադարձություններից: Ասենք՝ ընթերցանության գիրք է: Վեպից հեռու է բայց ավելի մոտ է վիպական գրությանը (լինելով հանդերձ բանավոր խոսք), քան օրաթերթի: Ես վարանում էի հրատարակել այն, բայց ոչ մի գրքային հղացում, որ ծրագրավորվում կամ արդեն գրվում է,  չէր կարող ունենալ «Նյութեղեն կյանքի» այս երերուն գրությունը, երթուդարձը՝ իմ ու իմ միջև, ձեր և իմ միջև, այն ժամանակամիջոցում, որն ընդհանուր է մեզ համար:
 Մարգրիտ Դյուրաս",16.0,"Դրամա, Կատակերգություն"
45,Ձեռագիր,Աշոտ Նրկրարանց,https://zangakbookstore.am/media/products/300x0/a1c0b4e95f5f4d86a44deb1926d31771.jpg,https://zangakbookstore.am/dzeragir,"Ես ցանկանում եմ, որ այս գիրքը դառնա լավ հիշո- ղություն ոչ միայն իմ, այլև քեզ համար: Այս կարևոր ճամ- փորդությունը ավարտելու համար խնդրում եմ, թող մատնահետքդ այս էջի ներքևի մասում՝ ամբողջացնելով սիրտը։

Այսպես մենք կթողնենք միասին մի անմիջական հետք, Մի կապ, որը կպահպանվի գրքի մեջ հավերժ։

Շնորհակալ եմ, որ կիսեցիր այս ճամփորդությունը:

Հեղինակի կողմից:",16.0,"Դրամա, Ռոմանս"
46,Լեռան գագաթին արևը մոտ է,Անահիտ Ավագյան,https://zangakbookstore.am/media/products/300x0/be593df172e7872f566ded26af8fdd64.jpg,https://zangakbookstore.am/leran-gagatin-arevy-mot-e,"Շաքի գյուղի հիմնադրման ժամանակներից մինչ մեր օրերն է ձգվում Անահիտ Ա․ Ավագյանի այս վեպի պատումը: Անցյալն ու ներկան կապվում են ոչ միայն առասպելական Շաքեի ջրվեժի ոգու, առինքնող կերպարով, այլև, առաջին հերթին, մարդկային ային ճակատագրերով: Անցնելով ստալինյան բռնաճնշումների, համաշխարհային պատերազմի, Արցախյան պատերազմների ու համավարակի միջով, արտագաղթելով հայրենիքից, հերոսներից շատերը ապրել ուժ ու մխիթարություն են գտնում: Նույնիսկ ամենադժվար ժամանակներում պահպանում մարդկայինը՝ ձեռք մեկնելով ու բռնելով իրենց մեկնած ձեռքը: Իսկ որոշներն էլ, այդուհանդերձ, չեն փոխում բնության ու մարդկանց համար կործանարար իրենց ընթացքը։ Վեպում որպես հորդոր, նա նաև որպես պահանջ են հնչում բնության ու հայրենիքի մասին հոգ տանելու, չհուսահատվելու և մարդկանց ու կյանքը սիրելու ուղերձները, որոնք էլ մարդկության վտանգված գոյության գրավականն են",16.0,"Արկածային, Դրամա"
47,Կլարան և արևը,Կազուո Իշիգուրո,https://zangakbookstore.am/media/products/300x0/cbba8fa440a1e457187b475f3a64f979.jpg,https://zangakbookstore.am/klaran-ev-arevy,"Կարո՞ղ է արդյոք մեքենան մարդկային զգացմունքներ ունենալ։ Ավելին, կարո՞ղ է արդյոք այն մարդուց ավելի մարդկային լինել։ Կլարան և արևը պատմություն է խճճված ու բարդ մարդկային զգացմունքների աշխարհում հայտնված արհեստական բանականության և անշահախնդիր սիրո, անմնացորդ նվիրումի ու անկեղծ ընկերության մասին։ 

Կազուո Իշիգուրոյի «Կլարան և արևը» պատմում է արտասովոր խորաթափանցությամբ և անսահման կարեկցանքով լի արհեստական մտերիմի՝ Կլարայի մասին։ Արհեստական բանականությամբ մեքենան, որի առաքելությունն է կատարյալ ընկերակից լինելը, իր օրերն անցկացնում է խանութի ցուցափեղկում՝ դիտելով աշխարհը ու երազելով մարդու հետ առանձնահատուկ կապի ու նվիրումի մասին։ Կլարայի կյանքը անսպասելիորեն փոխվում է, երբ նրան ընտրում է բարեսիրտ ու փխրուն դեռահաս Ջոզին։ Նրա աչքերով Կլարան ճանաչում է մարդկային զգացմունքների անկանխատեսելի ու խճճված բնույթը, հասկանում, թե ինչ է սերը և ինքնազոհաբերումը։ «Կլարան և արևը» անհավատալիորեն գեղեցիկ պատում է այն մասին, թե ինչ ասել է ապրել, սիրել ու հուսալ գեղեցկությամբ ու ցավով լի մարդկային աշխարհում։  

Նոբելյան մրցանակակիր Կազուո Իշիգուրոյի «Կլարան և արևը» գիտաֆանտաստիկ և հակաուտոպիական տարրերով վեպ է՝ նախատեսված ընթերցողների լայն շրջանակի համար։ Այն քննարկում է մարդու և տեխնոլոգիաների, արհեստական բանականության և դրա ապագայի հարցերը։",16.0,"Գիտական ​​ֆանտաստիկա, Ռոմանս"
48,Մոգական մտքերի տարին,,https://zangakbookstore.am/media/products/300x0/f38ddb5fa300544b7ae94a1df488fdc5.jpg,https://zangakbookstore.am/mogakan-mtqeri-tarin,"Այս գրքում Ջոան Դիդիոնը պատմում է իր կյանքի ամենաբարդ տարվա մասին: Տարի, երբ հանկարծամահ է լինում նրա ամուսինը՝ գրող Ջոն Գրեգորի Դանը, որի հետ ապրել է ավելի քան 40 տարի: Գիրքը հուզիչ հուշագրություն է հեղինակի վշտի մասին, կորուստը հաղթահարելու, պատահածը հասկանա լու և նախանշանների մասին, որոնք նկատելու դեպքում գուցե կանխեր այն: Հեղինակն ընկղմվում է կորստի ապակողմնորոշիչ և սյուրռեալիստական փորձառության մեջ, մտորում ծեսերի և հիշողությունների մասին, որոնք ձևավորում են կյանքի և մահվան մեր ըմբռնումը: Հուշագրությունը ոչ միայն անձնական ողբերգության պատմություն է, այլև սգո, տոկունության և մարդկային ոգու ամենազորության ուսումնասիրություն։",16.0,"Դրամա, Ռոմանս"
49,Անուրջների օթևանը,Էրիխ Մարիա Ռեմարկ,https://zangakbookstore.am/media/products/300x0/598543cc2149c079847ed15e7f1f5dfa.jpg,https://zangakbookstore.am/anurjneri-otevany,"Նկարիչ և բանաստեղծ Ֆրից Շրամը ձեղնահարկի իր բնակարանում ընդունում է մշակույթով հետաքրքրված երիտասարդների: Նրա և երաժշտություն ուսանող Էռնստ Վինտերի միջև խոր ընկերություն է ձևավորվում․ Ֆրիցը, որպես խորհրդատու, մշտապես աջակացում է երիտասարդ կոմպոզիտորին, ապա ծանոթացնում նրան Էլիզաբեթի հետ: Բայց հետո Էռնստը սիրահարվում է օպերային երգչուհի Լաննային: «Անուրջների օթևանը» գաղափարակիցների միջև կապերի և  արվեստին նվիրված երկար ու բեղմնավոր կյանքի ճանապարհի պատմությունն է: Այն նկարագրում է երիտասարդ արվեստագետի հուզիչ կերպարը, որն արտացոլում է հենց իր՝ Ռեմարկի՝ որպես մեծ գրողի զարգացման ուղին: Գիրքն առաջին անգամ լույս է տեսել 1920 թ․:",16.0,"Երիտասարդական, Պոեզիա"
50,Մտքի թելերով,,https://zangakbookstore.am/media/products/300x0/532a16874616eb08fe602587c210cd32.jpg,https://zangakbookstore.am/mtqi-telerov,,16.0,Unknown
51,Ֆինանսիստը,Թեոդոր Դրայզեր,https://zangakbookstore.am/media/products/300x0/cf525e66bc2baff5632956006ffa89b3.jpg,https://zangakbookstore.am/finansisty,"«Ֆինանսիստը» վեպի հիմքում 19-րդ դարի ամերիկացի միլիոնատեր  Չարլզ Յորքսի  կյանքի պատմությունն է։ Դրայզերը բացառիկ վարպետությամբ ու համընդգրկուն կերպով պատկերել է ժամանակի ամերիկյան ֆինանսական և քաղաքական վերնախավի արատավոր կյանքը։     
Հերոսին շրջապատող գործարար միջավայրը դեռ մանկությունից նրա մեջ ձևավորում է նյութապաշտի հոգեբանություն, որի համար բոլոր միջոցներն արդարացված են, եթե թույլ են տալիս հասնելու հարստության ու իշխանության։ Եվ ահա նրա այս աշխարհայացքը հետագայում մի մեծ դրամայի պատճառ է դառնում մերձավորների համար։",16.0,"Կենսագրություն, Դրամա"
52,Ելգավա 94,Յանիս Յոնեվս,https://zangakbookstore.am/media/products/300x0/9076610edeae9bc329e3711c0d2fe105.jpg,https://zangakbookstore.am/elgava-94,"Այս կիսակենսագրական վեպը 1990-ականներին Լատվիայի Ելգավա քաղաքում ապրող սերնդի մասին է, որը փնտրում է իր ինքնությունը և ապրում է այլընտրանքային մշակույթի հորձանուտում։ Վեպը սկսվում է 1994 թվականի ապրիլի 5-ին՝ Nirvana-ի մենակատար և կիթառահար Կուրտ Քոբեյնի մահով: Քոբեյնի մահն ազդում է երիտասարդների վրա: Ելգավայում սկսում են լսել ծանր մետալ: Սա նաև այն ժամանակն է, երբ Լատվիան, տնտեսական և սոցիալական ցնցումների միջով անցնելով, վերականգնում էր իր անկախությունը: Գրքի գլխավոր հերոս Յանիսը որոշում է այդ տեկտոնական ժամանակներում ապրել այլընտրանքային ապրելակերպով ու լսել մետալիկա։ Լատվիական Generation X-ի համար շոկային ու անսովոր էր հետխորհրդային այս ազատությունը: Այս գիրքը դեռահասության, հասարակության ու համակարգի դեմ բողոքի և հուսահատեցնող ձանձրույթի մասին է: Այս վեպը նաև հետխորհրդային երիտասարդության վրա ծանր ռոքի ու գրանժի թողած ազդեցության մասին է:",16.0,"Երիտասարդական, Դրամա"
53,Վերջին էջեր,Վիլհելմ Մաթևոսյան,https://zangakbookstore.am/media/products/300x0/29abb090d667b02b33e41becf81da37f.jpeg,https://zangakbookstore.am/verjin-ejer,,16.0,Unknown
54,Ալեքսանդր Վոլֆի Ուրվականը,Գայտո Գազդանով,https://zangakbookstore.am/media/products/300x0/e50a629731a208d64d29fa1233500a87.jpeg,https://zangakbookstore.am/aleqsandr-volfi-urvakany,,16.0,Unknown
55,Աշխարհների պատերազմը,Հերբերտ Ուելս,https://zangakbookstore.am/media/products/300x0/99ede54c90feb792a8a48036e19af7ac.jpeg,https://zangakbookstore.am/ashkharhneri-paterazmy,"Ուելսի գիտաֆանտաստիկ այս վեպն առաջին անգամ առանձին գրքով հրատարակվել է 1898թ.: «Աշխարհների պատերազմը» նկարագրում է այլմոլորակայինների (մարսեցիների) ներխուժումը Երկիր, և գրականության մեջ նման հակամարտության առաջին նկարագրություններից է: Վեպի իրադարձությունները, որոնք առաջին դեմքով նկարագրված են անանուն ականատես հերոսի կողմից, տեղի են ունենում հարավային Անգլիայում, այդ թվում՝ Ուոքինգ քաղաքի շրջակայքում, որտեղ ապրում և աշխատում էր ինքը՝ Ուելսը, և Լոնդոնում: Գիրքը գիտաֆանտաստիկ դասական ստեղծագործություն է և իր ազդեցությունն է թողել այդ ժանրի զարգացման վրա: Քննադատները վեպը բնորոշել են որպես էվոլյուցիոն ուսմունքի, բրիտանական իմպերիալիզմի և վիկտորիանական դարաշրջանի վախերի, նախապաշարմունքների և կարծրատիպերի մեկնաբանություն և համարել «գիտական վեպ»: Անգլերենից թարգմանեց Ալվարդ Սահակյանը։",16.0,"Կենսագրություն, Պատմական գեղարվեստական գրականություն"
56,Հաշվելով հրաշքները,Նիկոլաս Սփարքս,https://zangakbookstore.am/media/products/300x0/5024b23838f91abf942fffb2571088e6.jpg,https://zangakbookstore.am/hashvelov-hrashqnery,"«Հաշվելով հրաշքները» հուզական, հզոր վեպ է այն մտորումների մասին, թե արդյոք կարո՞ղ ենք փոխել կամ նույնիսկ հաշտվել ընտրած ուղու հետ:

Թաններ Հյուզին մեծացրել են տատն ու պապը, և նա գնացել է իր զինծառայող պապի հետքերով՝ դառնալով ռեյնջեր: Ամբողջ կյանքն անցկացրել է արտերկրում և երբևէ ոչ մի տեղ նստակյաց կյանք չի վարել... երջանիկ է հերթական արկածին տրվելիս և որևէ տեղ արմատ գցելու ոչ մի ցանկություն չունի: Բայց մահից առաջ տատի՝ իրեն ուղղված վերջին խոսքերը հետևյալն են. «Գտիր քո տեղը»: Տատը նաև տակնուվրա է անում նրա ամբողջ աշխարհը՝ ասելով հոր անունը, որին նա երբեք չի ճանաչել, և թե որտեղ կարելի է գտնել նրան:

Թանները, իմանալով հոր մասին նորությունը, մեկնում է Էշբորո, Հյուսիսային Կարոլինա՝ նրա մասին տեղեկություն հավաքելու: Դեռ քսանչորս ժամ էլ չէր անցկացրել քաղաքում, երբ հանդիպում է բժիշկ և միայնակ մայր Քեյթլին Կուպերին: Նրանք անմիջապես համակրանք են զգում միմյանց նկատմամբ:

Միևնույն ժամանակ, ոչ հեռու, ութսուներեքամյա Ջասպերն իր ծեր շան՝ Առլոյի հետ, ազգային անտառին սահմանակից հյուղակում ապրում է սուսուփուս կյանքով: Նրան հետապնդում է տասնամյակներ առաջ տեղի ունեցած ողբերգական պատահարը: Երբ իմանում է, որ անտառում սպիտակ եղջերու են նկատել՝ առասպելական արարած, որ ոգեշնչել էր իր հորը և պապին, տարվում է եղջերուին որսագողերից պաշտպանելու գաղափարով:

Երբ այս հերոսների ճակատագրերը հատվում են, նրանցից ոչ մեկը հրաշք չի ակնկալում... բայց գուցե դա հենց այն է, ինչն ընդմիշտ կփոխի նրանց ապագան:",16.0,"Դրամա, Թրիլլեր"
57,Կյուրոպեդիա,Քսենոփոն,https://zangakbookstore.am/media/products/300x0/9bfe4a5d37b65d382f36847e62435e85.jpg,https://zangakbookstore.am/kyuropedia,"Ք. ա. 5-4-րդ դդ. հույն դասական պատմիչ Քսենոփոն Աթենացու «Կյուրոպեդիա» երկը առաջին պատմավեպն է համաշխարհային գրականության մեջ: Այն բաղկացած է 8 գրքից: Աշխատության հիմնական բովանդակությունը պարսից միապետության հիմնադիր Կյուրոս Մեծի կյանքն ու գործունեությունն է (Ք. ա. 600-530 թթ.):

«Կյուրոպեդիան» հեղինակի «Անաբասիս» երկի հետ ունի բացառիկ նշանակություն հայ ժողովրդի հնագույն պատմության համար, քանի որ բովանդակում է ականատեսի ձեռքով գրված եզակի, այլ աղբյուրներում չհանդիպող հավաստի տվյալներ Հայաստանի մասին:",16.0,"Պատմական գեղարվեստական գրականություն, Կենսագրություն"
58,Պարիս Հերունի,Արմենուհի Դեմիրճյան,https://zangakbookstore.am/media/products/300x0/a1bdc846ba1792cf559a2e7d6cc2e7e2.jpg,https://zangakbookstore.am/paris-heruni-2,,16.0,Unknown
59,Հիշողության թաքստոցում,Մոհամեդ Մբուգար Սառ,https://zangakbookstore.am/media/products/300x0/e30650434847b9625639c346c0c0d87b.jpg,https://zangakbookstore.am/hishokhutyan-taqstotsum,"Փարիզում 1938-ին լույս է տեսնում «Անմարդկայնության լաբիրինթոս» վեպը, որը փարիզյան գրական կյանքում մեծ իրարանցում է առաջացնում: Ոմանց համոզմամբ՝ նոր Արթյուր Ռեմբո էր հայտնվել, մյուսների համար պարզ գրագողություն էր: Հրատարակումից հետո գրքի հեղինակն անհետանում է: Մեր օրերում գիրքը հայտնվում է սենեգալցի երիտասարդ գրողի ձեռքին: Դիեգան Լատիր Ֆայեն տպավորվում է այս ստեղծագործությամբ ու որոշում է բացահայտել գրքի հեղինակի առեղծվածային անհետացումը: Գնալով առեղծվածային հեղինակի հետքերով՝ Դիեգանը հայտնվում է գաղութատիրական ժամանակաշրջանի դրամատիկ իրադարձությունների, Առաջին համաշխարհային պատերազմի, Հոլոքոստի պատմության մութ անկյուններում:",16.0,"Կենսագրություն, Պոեզիա"
60,Թելից կախված երջանկություն,Անյես Մարտեն-Լյուգան,https://zangakbookstore.am/media/products/300x0/11d7e8324002955d810c4e4559fb35a6.jpg,https://zangakbookstore.am/telits-kakhvats-erjankutyun,"Այս գիրքը մերօրյա Մոխրոտի պատմություն է: Ի տարբերություն հեքիաթային Մոխրոտի, Անյեսի հերոսուհին չի սպասում, որ բարի փերին փոխի իր ճակատագիրը: Իրիսը դիզայների տաղանդ ունի, սակայն ծնողները ստիպել են այլ մասնագիտություն ընտրել։ Ձանձրալիաշխատանք բանկում և անտարբեր ամուսին. սա նրա ամբողջ կյանքն է, որը միապաղաղ հոսում է գավառականքաղաքում: Երեսունմեկ տարեկանում Այրիսը որոշում է իրականացնել իր վաղեմի երազանքը, մեկնում է Փարիզ, որբացահայտի նորաձևության աշխարհը և դառնա դիզայներ։ Նա հայտնվում է տարօրինակ ստուդիայում, որըղեկավարում է խորհրդավոր և ազդեցիկ գեղեցկուհի Մարթան: Իրադարձություններն անսպասելի ու հուզիչ ընթացք ենստանում։ Այս վեպն իր ինքնությունը փնտրող կնոջ դիմանկար է: Ընթերցողը հերոսուհու հետ անցնում է դեպի երջանկություն տանող ինքնակայացման ճանապարհով, որից շեղվելն անհնար է:",16.0,"Դրամա, Ռոմանս"
61,Թշնամու հարդարանքը,Ամելի Նոտոմբ,https://zangakbookstore.am/media/products/300x0/6ebb264420cdd031967059af30b8c471.jpg,https://zangakbookstore.am/tshnamu-hardaranqy,"Անծանոթների հետ զրույցը, որպես կանոն, լավ ավարտ չի ունենում, այն էլ՝ Ամելի Նոտոմբի վեպերում: Անգյուստն օդակայանում ձանձրանում է՝ սպասելով հետաձգված թռիչքին: Դա էլ հերիք չէ, ստիպված է դիմանալ տարօրինակ անունով հոլանդացու՝ Տեքստոր Տեքսելի ձանձրալի շաղակրատանքին: Շատախոսին ինչպե՞ս ստիպել, որ սսկվի․իհարկե, սկսելով խոսել: Ու Անգյուստն ընկնում է այդ թակարդը: Դառնում է Տեքսելի ձեռքի խաղալիքը, ի սկզբանե նշանակված մեղավորը, կատարյալ զոհը: Այդպես Անգյուստն անցնում է դժոխքի բոլոր պարունակներով:",16.0,"Դրամա, Թրիլլեր"
62,Կարամել,Նուշիկ Միքայելյան,https://zangakbookstore.am/media/products/300x0/dc007226fb6a9370de61a7dbe7f972c9.jpeg,https://zangakbookstore.am/karamel,,16.0,Unknown
63,Մոռացված երկրի զանգերը,Դավիթ Սամվելյան,https://zangakbookstore.am/media/products/300x0/594fd0ac7dd6a0eb9fe53289c463b5bc.png,https://zangakbookstore.am/moratsvats-erkri-zangery,"Սա պատմություն է մարդու մասին, որի ամբողջ կյանքն ասես փորձությունների հաղթահարում էր հանուն երազանքի, և այդ երազանքի դժվարին ուղին ծավալվում է մի փոքրիկ գյուղից մինչև մեծ քաղաք՝ հանդիպելով պատերազմի արհավիրքներին, պատերազմ, որում նա հայտնվում է դեպքերի բերումով: Վեպում նկարագրված են 20-րդ դարում Նախիջևանում տիրող միջէթնիկ հարաբերությունները, նախապատերազմական և հետպատերազմական կյանքի դժվարությունները, փոփոխություններն ու լարվածությունը: Վեպի հերոսի անձնական պատմությունը սերտորեն կապված է հայ ժողովրդի ճակատագրի հետ. պատմության բարդ էջերն անցնում են անհատի կյանքի պրիզմայով՝ արտացոլելով պատմական իրադարձությունների ազդեցությունը սովորական մարդկանց կյանքում: Գիրքը լույս է ընծայել «Էդիթ Պրինտ»-ը։",16.0,"Պատմական գեղարվեստական գրականություն, Կենսագրություն"
64,Դյուն,Ֆրենք Հերբերթ,https://zangakbookstore.am/media/products/300x0/ab04cf62751a57198b6fe4b3877df378.jpg,https://zangakbookstore.am/dyun,"20–րդ դարի թիվ մեկ գիտաֆանտաստիկ այս վեպը կարելի է նկարագրել որպես սոցիալ–քաղաքական, հոգեբանական դրամա, առակ, լեգենդ, որի հերոսները արքետիպեր են։ Վեպը բարու ու չարի պայքար չէ. այն տարբեր մշակույթների, ապրելակերպերի պայքար է: «Դյուն»–ը նաև վեպ է կրոնի, բնապահպանության, տեխնոլոգիայի, կապիտալիզմի և ապագաղութացման մասին: Այն պատմում է, թե ինչպես են ծնվում առաջնորդները, մեսիաները և հիշեցնում, որ հերոսները սխալներ են գործում… սխալներ, որոնք արդարացնում են նման առաջնորդներին ստրկաբար հետևող մարդիկ:",16.0,"Դրամա, Թրիլլեր"
65,Ես տեսնում եմ քեզ,Լևոն Արզումանյան,https://zangakbookstore.am/media/products/300x0/b391682c3f55e1709dbef316e3d75b30.jpg,https://zangakbookstore.am/es-tesnum-em-qez,"Այս պատմության գործողությունները տեղի են ունենում իրական քաղաքի երևակայական կողմում, երևակայական ու ինտերակտիվ ժամանակայնությամբ։ Այստեղ ոչինչ իրական չէ, և ամեն ինչն է իրական։ Չէ՞ որ քաղաքի գույները տարբեր են բոլորի համար։
               Մթին քաղաքում տեղի են ունենում մթին իրադարձություններ, որոնք փաստի առաջ են կանգնեցնում հերոսներին։ Վերջիններիս առերեսումն անցյալի հետ խոստանում է նոստալգիկ լինել։ Նրանցից ոմանք հստակ գիտեն՝ ինչպես պետք է վարվեն, իսկ մյուսները բոլորովին չեն պատկերացնում իրենց հետագա քայլերը։ Եվ այս քաոսի մեջ մի բան է միայն հաստատ դառնում՝ ընտրություն։
               Գիրքը վերադարձի ու դրա անհնարինության մասին է։ Ընտրություն հնարավորի ու անհնարինի միջև։ Ընտրություն, որ վերջինն է լինելու, առանց հետդարձի որևէ ճանապարհի։
               Երիտասարդ զույգի կյանքը, քիչ թե շատ, հաջողված է ու սիրով լցված։ Բայց կյանքն անկանխատեսելի է ու չի սիրում նրանց, ովքեր համաձայն չեն դրա հետ․․․ Իսկ ի՞նչ կլինի եթե մի օր ամենաանցանկալի պատահականությունը, այնուամենայնիվ, իրականություն դառնա։
               Պատրաստվեք գլխավոր հերոսների հետ ամենագլխապտույտ ճամփորդությանը՝ երկու տարբեր անցյալների ու ներկայի միջև։ Եվ երազե՛ք ապագայի մասին, որն այդպես էլ չի գալու։ Երազեք նրանց փոխարեն, որովհետև նրանք դա չարեցին․․․
Ժանրը` թրիլլեր, սիրավեպ, հոգեբանական դրամա, ֆենթըզի, վեպ-մյուզիքլ",18.0,"Ռոմանս, Դրամա"
66,Պարսից գրականություն IX-XX դդ (19-20դդ),Զորայր Միրզայան,https://zangakbookstore.am/media/products/300x0/7d85a46657c7c54c219ce594e6c2303a.jpg,https://zangakbookstore.am/parsits-grakanutyun-19-20dd,,16.0,Unknown
67,Երկնքի հայտնագործումը,,https://zangakbookstore.am/media/products/300x0/82c6485667576042b951a97a2fad47be.png,https://zangakbookstore.am/erknqi-haytnagortsumy,,16.0,Unknown
68,Անգլիական նանա,Մարգրիտ Դյուրաս,https://zangakbookstore.am/media/products/300x0/8abb33f5d66c8377d13f9d0b7caebb77.jpeg,https://zangakbookstore.am/angliakan-nana,,16.0,Unknown
69,Դավադրության տեսություն,,https://zangakbookstore.am/media/products/300x0/b25cfaf4d32cea8a1e176b11c588f4ca.jpeg,https://zangakbookstore.am/davadrutyan-tesutyun,,16.0,Unknown
70,Ոդիսական,Հոմերոս,https://zangakbookstore.am/media/products/300x0/7625f5752d64adb63c03704dfde37b08.jpg,https://zangakbookstore.am/odisakan,"Գիրքն ընդգրկում է անտիկ աշխարհի մեծագույն բանաստեղծ, եվրոպական գրակա-նության սկզբնավորող Հոմերոսի (մ. թ. ա. VIII դար) երկրորդ էպիկական պոեմի՝ «Ոդիսական»-ի հին հունարեն բնագրից արևելահայերեն նոր թարգմանություն՝ ընդարձակ առաջաբանով և ծանոթագրություններով: «Իլիական»-ի՝ Գոհար Մուրադյանի և Արամ Թոփչյանի թարգմանությունը լույս է տեսել 2022 թ․։ Ուստի սույն հրատարակությամբ ամբողջանում է Հոմերոսի գրական ժառանգության նոր թարգմանությունը։ Քիչ երկեր կան, որոնք իրենց նշանակությամբ ու եվրոպական մշակույթի վրա հսկայական ազդեցությամբ կարող են համեմատվել գրական այս երկու անմահ կոթողի հետ։ «Իլիական»-ն ու «Ոդիսական»-ը հիացմունքի և նմանակման առարկա է եղել թե՛ անտիկ աշխարհում, թե՛ միջնադարում ու Վերածննդի շրջանում և թե՛ նոր ժամանակներում: Իբրև էպոսի անգերազանցելի նմուշներ, դրանք շարունակում են մեզ գերել ու հիացնել նաև այսօր:

Հին հունարենից թարգմանությունը, առաջաբանն ու ծանոթագրությունները` Արամ Թոփչյանի և Գոհար Մուրադյանի",14.0,"Պատմական գեղարվեստական գրականություն, Պոեզիա"
71,Դեպի անեզերք կատարելություն,,https://zangakbookstore.am/media/products/300x0/e3f2ef860d0d07b7693b4a19a222d785.jpeg,https://zangakbookstore.am/depi-anezerq-katarelutyun,,16.0,Unknown
72,Չոռ,Կարեն Անտաշյան,https://zangakbookstore.am/media/products/300x0/bbbf54bd0cc5e3099384e37b12da8fbe.png,https://zangakbookstore.am/chor,,16.0,Unknown
73,Պարտության պատմություն,Գեմաֆին Գասպարյան,https://zangakbookstore.am/media/products/300x0/84cfd7ba65b55c810bb6fd98f679c417.png,https://zangakbookstore.am/partutyan-patmutyun,"«Պարտության պատմություն» գիրքը մի կողմից Գեմաֆին Գասպարյանի անձնական, մյուս կողմից՝ պատերազմում պարտության ճանապարհը պատմող պատմությունների մատյան է։
Հեղինակը փորձել է տեր կանգնել իր պարտությանը ու հասկանալ այն։",16.0,"Կենսագրություն, Պատմական գեղարվեստական գրականություն"
74,Ոչ մի ուրիշ բառ,Կարեն Ղարսլյան,https://zangakbookstore.am/media/products/300x0/0eea09b3e66fab447e448a7c84d23fad.jpg,https://zangakbookstore.am/och-mi-urish-bar,,16.0,Unknown
75,Տարեկանով լի գրպան,Ագաթա Քրիստի,https://zangakbookstore.am/media/products/300x0/a10f16481b01f0c161d9100db061deea.jpeg,https://zangakbookstore.am/tarekanov-li-grpan,"Լոնդոնյան գրասենյակում առավոտյան թեյն ըմպելիս մեծահարուստ Ռեքս Ֆորթեսքյուի ինքնազգացողություննանսպասելիորեն վատանում է, և հիվանդանոց տեղափոխվելուն պես նա մահանում է։ Հետաքննությամբ պարզվում է, որ նրան թունավորել են, և որ ամենատարօրինակն է՝ հանգուցյալի պիջակի գրպանում հայտնաբերվում են տարեկանի հատիկներ։ 
Ի՞նչ է սա։ Խելագարի ձեռքի գո՞րծ, թե՞ սառնասրտորեն ի կատար ածված ծրագրի մաս։ Խորաթափանց միսս Մարփլը պատասխան կգտնի բոլոր հարցերին։",14.0,"Դրամա, Դետեկտիվ"
76,Սուլոց աֆրիկացու մասին,Անրի Գրիգորյան,https://zangakbookstore.am/media/products/300x0/df6f46ff18ed5c3b2e0c3683b6f54f90.jpeg,https://zangakbookstore.am/sulots-afrikatsu-masin,,16.0,Unknown
77,Վալոնյան գիշերը,Էրիկ Էմանուել Շմիտ,https://zangakbookstore.am/media/products/300x0/257c6f2edf5f83f9d0fff43b24183068.jpg,https://zangakbookstore.am/valonyan-gishery,,16.0,Unknown
78,Կամարի տակով,Արմինե Տեր-Ղևոնդյան,https://zangakbookstore.am/media/products/300x0/6df40d708f8f60fd800671ce9a68b25a.jpeg,https://zangakbookstore.am/kamari-takov,,16.0,Unknown
79,Թագավոր-թագավոր խաղա՞նք,Սինքլեր Լյուիս,https://zangakbookstore.am/media/products/300x0/579e4194ee7acca0d2286064747a2f1f.jpeg,https://zangakbookstore.am/tagavor-tagavor-khakhanq,,16.0,Unknown
80,Օգոստոս,Հրանտ Մաթևոսյան,https://zangakbookstore.am/media/products/300x0/1a5e73fbfe2b8c63af1f6ac855c3a19d.jpeg,https://zangakbookstore.am/ogostos,,16.0,Unknown
81,"Ողջույն, տղերք",Գագիկ Գինոսյան,https://zangakbookstore.am/media/products/300x0/6276c225339ff30222c0b3a8c2cdeb02.jpeg,https://zangakbookstore.am/okhjuyn-tkherq,,16.0,Unknown
82,Հայրենիք,Մարինե Պետրոսյան,https://zangakbookstore.am/media/products/300x0/66a2c79d34b572d17eb3f46c9ed4bb24.jpg,https://zangakbookstore.am/hayreniq-1,,16.0,Unknown
83,Ինձ թողեք այստեղ,Հայկ Սիրունյան,https://zangakbookstore.am/media/products/300x0/305ba3cc71dcc31a0ad56d90f79d7274.jpeg,https://zangakbookstore.am/indz-tokheq-aystekh,,16.0,Unknown
84,Մարո,Մերի Նաջարյան,https://zangakbookstore.am/media/products/300x0/0e65e600930044566cdf550c89f188be.jpeg,https://zangakbookstore.am/maro,,16.0,Unknown
85,Չորս տարի կիսալուսնի ներքո,,https://zangakbookstore.am/media/products/300x0/07d44b44372e76b8a33825aa0deceaa3.jpg,https://zangakbookstore.am/chors-tari-kisalusni-nerqo,,16.0,Unknown
86,Փոթորկից առաջ,Սամվել Մհերյան,https://zangakbookstore.am/media/products/300x0/6d8db9ecab46bf7936f314ab6c03065d.jpeg,https://zangakbookstore.am/potorkits-araj-2,,16.0,Unknown
87,"Այն, ինչ տեսա ու լսեցի",Արմեն Ամիրյան,https://zangakbookstore.am/media/products/300x0/776611bf3c8fbc38391562057fb0125e.jpeg,https://zangakbookstore.am/ayn-inch-tesa-u-lsetsi,,16.0,Unknown
88,Իմ Վարուժանը,Դանիել Վարուժան,https://zangakbookstore.am/media/products/300x0/95d28f98d3cb2458b026b65638ff7482.jpeg,https://zangakbookstore.am/im-varuzhany,,12.0,Unknown
89,Migrant Point,Տաթև Չախեան,https://zangakbookstore.am/media/products/300x0/bc7853e7e641d45e1f91cd4109ae4d67.jpeg,https://zangakbookstore.am/migrant-point,,16.0,Unknown
90,Ցավը,Մարգրիտ Դյուրաս,https://zangakbookstore.am/media/products/300x0/70da38d12bcbb40cb983c9633c14dc94.jpg,https://zangakbookstore.am/tsavy,,16.0,Unknown
91,Դրսում մեր անուններն ուրիշ են,Լաուրա Ցվիրտինա,https://zangakbookstore.am/media/products/300x0/e70d894f3ecf56241f1652332e1d3bb4.jpeg,https://zangakbookstore.am/drsum-mer-anunnern-urish-en,,16.0,Unknown
92,Սուֆլե,Ասլը Փերքեր,https://zangakbookstore.am/media/products/300x0/d18f90fef986bb24bdaad066f0275257.jpeg,https://zangakbookstore.am/sufle,,16.0,Unknown
93,Շրրրրրը՛խկ,Սամվել Սաղաթելյան,https://zangakbookstore.am/media/products/300x0/09be8460561e33a195952127e57d3175.jpeg,https://zangakbookstore.am/shrrrrrykhk,,18.0,Unknown
94,Ես՝ Նրանը,Ռեզա Ամիրխանի,https://zangakbookstore.am/media/products/300x0/f00d68bb0eecbb4fabb5c909fb8b3cd3.jpeg,https://zangakbookstore.am/es-nrany-1,,16.0,Unknown
95,Պարույր Սևակ 100,Պարույր Սևակ,https://zangakbookstore.am/media/products/300x0/4f60a5ae51273f877f2f054331fe607c.jpg,https://zangakbookstore.am/paruyr-sevak-100,,16.0,Unknown
96,Մեզնից մեկը հաջորդն է,Քարեն Մակմանուս,https://zangakbookstore.am/media/products/300x0/ab5015ba44614185361b306eaae2693e.jpg,https://zangakbookstore.am/meznits-meky-hajordn-e,"Բարի վերադարձ, Բեյվյու: Ավագ դպրոցի աշակերտ Սայմոնի մահից հետո քաղաքամերձ ավանը փորձում է անցնել բնականոն կյանքի: Սակայն մղձավանջն անսպասելիորեն վերադառնում է նորովի: Անհայտ մեկն ավագ դպրոցի աշակերտներին ներքաշում է «Ճշմարտություն կամ մարտահրավեր» առցանց խաղ: Ժամերի ընթացքում հաջորդ զոհը պետք է պատասխանի՝ ինչ է ընտրում. ճշմարտությո՞ւնը, որի դեպքում ավագ դպրոցի բոլոր սովորողներն իմանում են խաղացողի ամենամութ և ամոթալի գաղտնիքը, թե՞ փորձությունը, որի դեպքում խաղացողը պետք է կատարի չափազանց վտանգավոր առաջադրանքը: «Մեզնից մեկը ստում է» թրիլլերի շարունակությունում հերոսները պետք է պարզեն՝ իրենց մեջ ով է հաջորդ զոհը:",16.0,"Երիտասարդական, Թրիլլեր"
97,Սեփական սենյակը,Վիրջինիա Վուլֆ,https://zangakbookstore.am/media/products/300x0/7f76f33c786044c6e38a6d87c73cb8c1.jpeg,https://zangakbookstore.am/sepakan-senyaky,,16.0,Unknown
98,Մեգրեն և անգլուխ մարմինը,Ժորժ Սիմենոն,https://zangakbookstore.am/media/products/300x0/7e0ff6d1ce11308aeef44a41555be898.jpeg,https://zangakbookstore.am/megren-ev-anglukh-marminy,,16.0,Unknown
99,Խեղճ մարդիկ,Ֆյոդոր Դոստոևսկի,https://zangakbookstore.am/media/products/300x0/c47b063f863f4c74f353527a8972d510.jpeg,https://zangakbookstore.am/khekhch-mardik,,16.0,Unknown
100,Օտարը փրկանավակում,Միչ Էլբոմ,https://zangakbookstore.am/media/products/300x0/4fdd1dc2ca4e6a5e1505044bbdc873e0.jpg,https://zangakbookstore.am/otary-prkanavakum,"Ժամանակակից ամերիկացի գրող Միչ Էլբոմի «Օտարը փրկանավակում» վեպը լույս է տեսել 2021 թվին և արդեն հասցրել է թարգմանվել 42 լեզվով: Կլանիչ, լարված, սրընթաց զարգացող սյուժեով թրիլերը միաժամանակ ստիպում է խորհել ու կասկածի տակ դնել մեր ամենախոր համոզմունքներն ու հավատը: Այն կորստի կամ վտանգի պահին հույսն ու հավատը չկորցնելու դաս է:
Շքեղ «Գալաքսի» զբոսանավի պայթյունից փրկված տասն ուղևորները փոքրիկ փրկանավակով քշվում են օվկիանոսի ալիքներից: Կփրկվե՞ն արդյոք, թե ոչ՝ պարզ կդառնա միայն վերջին էջերից:",16.0,"Թրիլլեր, Դրամա"
101,Հինգ,Նունե Սարգսյան,https://zangakbookstore.am/media/products/300x0/2fe2bce5203ade35bbf2655a48e7b043.jpeg,https://zangakbookstore.am/hing,,16.0,Unknown
102,Անոմալիա,Էրվե Լը Տըլյե,https://zangakbookstore.am/media/products/300x0/4b06cb0e217223f8311a5780786f4f05.jpg,https://zangakbookstore.am/anomalia,"Էրվե Լը Տըլյեի 2020–ին լույս տեսած «Անոմալիա»–ն պոլիֆոնիկ վեպ է, որ կարող է ընթերցվել որպես դետեկտիվ վեպ, սոցիալական երգիծավեպ, հոգեբանական վեպ, սիրավեպ, փիլիսոփայական նկրտումներ ունեցող թրիլեր և գիտաֆանտաստիկական վեպ, որը տնտղում է ֆիզիկայի, մաթեմատիկայի և տեխնոլոգիական առաջընթացի հնարավոր սահմանները։ Նախատեսված է ընթերցողների լայն շրջանակի համար։",18.0,"Գիտական ​​ֆանտաստիկա, Առեղծված"
103,Ակնա լճի մեռյալները,Գառնիկ Ալեքսանյան,https://zangakbookstore.am/media/products/300x0/11af22f2d277d68c713f7a52c37ed349.jpg,https://zangakbookstore.am/akna-lchi-meryalnery,"Նորաստեղծ արշավային ակումբի առաջին արշավը դեպի Գեղամա լեռներ է։ Արշավին տարբեր նպատակներով մասնակցողները հասնում են Ակնա լիճ` իրենց վրանատեղի, որտեղ պետք է գիշերեն։

Սակայն անտարբերությունը, անցյալի ու ներկայի ապրումները և մահկանացու մարդուն հավերժորեն պատուհասող ամենամեծ չարիքի չբուժված վերքերն այդ օրը միախառնվելու ու ներգործելու հնարավորություն էին ստացել։

Ո՞վ է մարդասպանը։
Ակնա լճում մեռյալ կա՞ր։ Մե՞կը, երկու՞սը․․․
․․․մի՞թե ողջերին էլ մեռյալների մեջ չպիտի փնտրել․․․",16.0,"Դրամա, Արկածային"
104,Դենոն,Հայկ Հարությունյան,https://zangakbookstore.am/media/products/300x0/b2b37b9fc6695a4ed49963b646bac937.jpeg,https://zangakbookstore.am/denon,,16.0,Unknown
105,Մանկությունս վերապրելիս - փափուկ,Մարիա Լայիշյան,https://zangakbookstore.am/media/products/300x0/ecce87d7eaaa2f59d42aa0bc15578e16.jpeg,https://zangakbookstore.am/mankutyuns-veraprelis-papuk,,16.0,Unknown
106,Դանուբի գույնը - կոշտ,Վահե Արմեն,https://zangakbookstore.am/media/products/300x0/8aabc1dc88d810805c532c0960faf387.jpeg,https://zangakbookstore.am/danubi-guyny-kosht,,16.0,Unknown
107,Դանուբի գույնը - փափուկ,Վահե Արմեն,https://zangakbookstore.am/media/products/300x0/25287124686435ba9e017ebe4891bfa2.jpeg,https://zangakbookstore.am/danubi-guyny-papuk,,16.0,Unknown
108,Մանկությունս վերապրելիս - կոշտ,Մարիա Լայիշյան,https://zangakbookstore.am/media/products/300x0/bedf15dd1aa92d3b38ca439305580e47.jpeg,https://zangakbookstore.am/mankutyuns-veraprelis-kosht,,16.0,Unknown
109,Խումարան,Էմիլ Զոլա,https://zangakbookstore.am/media/products/300x0/a52a32756af0bc2e96da241d9d89d373.jpg,https://zangakbookstore.am/khumaran,,,Unknown
110,Ժամացույցները,Ագաթա Քրիստի,https://zangakbookstore.am/media/products/300x0/ef115bbb928fd587731ebf4e8c3917cf.jpg,https://zangakbookstore.am/zhamatsuytsnery,,14.0,Unknown
111,"Օվկիանոսից խորը, երկնքից բարձր",Լիանա Ասատրյան,https://zangakbookstore.am/media/products/300x0/66be9bba5e58f2aab6bf41fb88cb1ee5.jpeg,https://zangakbookstore.am/ovkianosits-khory-erknqits-bardzr,,16.0,Unknown
112,Պատը,Մառլեն Հաուզհոֆեր,https://zangakbookstore.am/media/products/300x0/21fe18840a7a9f38095ef25beb297583.jpg,https://zangakbookstore.am/paty,"Քառասունամյա կինն անսպասելիորեն հայտնվում է անտառում։ Բազմաթիվ մարտահրավերներ հաղթահարելով՝ աստիճանաբար սովորում է ապրել բնության հետ ներդաշնակ։ Նրա օրագրի էջերից ընթերցողը կպարզի հերոսուհու նոր առօրյան, հոգևոր վերածնունդն ու ինքնաճանաչման ճանապարհը։

Այս հուզիչ պատմության միջոցով հեղինակը նոր դիտանկյունից է անդրադառնում մարդ-հասարակություն և մարդ-բնություն փոխհարաբերություններին՝ բացահայտելով մեր ներքին ու արտաքին աշխարհների ներդաշնակությունը։",16.0,"Դրամա, Կենսագրություն"
113,Վիպակներ և պատմվածքներ․ Լեսկով,Նիկոլայ Լեսկով,https://zangakbookstore.am/media/products/300x0/dc2ab7ee66b269185009c3442c471bc1.jpg,https://zangakbookstore.am/vipakner-ev-patmvatsqner-leskov,"Ռուս գրականության դասական Նիկոլայ Լեսկովը ունեցել է աղմկահարույց սկանդալներով ուղեկցվող ծայրաստիճան բարդ գրական գործունեություն, որը հանգեցրել է բոյկոտների և արտաքսումների։ 
Օգտագործելով հիմնականում փոքր արձակի ձևերը՝ Նիկոլայ Լեսկովը տվել է ռուսական հասարակության համապարփակ պատկեր։
Նրա մի շարք աշխատանքներ տևական ժամանակ արգելվել են Ռուս ուղղափառ եկեղեցու և նրա գործիչների հանդեպ երգիծական վերաբերմունքի պատճառով։",16.0,"Պոեզիա, Դրամա"
114,Խաղամոլը,Ֆյոդոր Դոստոևսկի,https://zangakbookstore.am/media/products/300x0/b4e8b9fd833f13b7326e067cc444d512.jpg,https://zangakbookstore.am/khakhamoly,"1863-ին Ֆյոդոր Դոստոևսկին այցելում է Բադեն-Բադեն։ Այնտեղ մի քանի օրվա ընթացքում տանուլ է տալիս իր ունեցած ողջ գումարը, բացի այդ սիրուհու՝ Պոլինա Սուսլովայի կանխիկ գումարը։ Խաղից ստացված տպավորությունները օգտագործել է վեպը գրելուց։

Վեպը գրելու ընթացքում Դոստոևսկին մտերմացել է իր սղագրուհու՝ Աննա Սնիտկինայի հետ և հետագայում ամուսնացել։ Ամուսնանալուց հետո նորապսակները ուղևորվել են շրջագայության Եվրոպայով, մեծ մասամբ Բադեն-Բադեն։ Այնտեղ Դոստոևսկին կրկին խաղում և պարտվում է։ Դրանից հետո նա երդվում է այլևս չխաղալ և պահում է երդումը՝ չխաղալով կյանքի վերջին 10 տարիներին։

«Խաղամոլ» վեպը գրվել է «Ոճիր և պատիժ» վեպին զուգահեռ։",16.0,"Դրամա, Երիտասարդական"
115,Խամսայի մելիքությունները (1600-1827),Րաֆֆի,https://zangakbookstore.am/media/products/300x0/e7f2a7d25f4e21315c4636dae0612489.jpg,https://zangakbookstore.am/khamsayi-meliqutyunnery-1600-1827,"Տարածաշրջանում խնդիրները գրեթե չեն փոխվել։ Հավակնոտները գրեթե նույնն են։ Գրքի վերջաբանում Րաֆֆին, թեև թվում է` անուղղակի, ցույց է տալիս, թե որտեղ են մեր ձախողումները։ Պատմության հեղինակը հստակ աշխարհաքաղաքական դիրքորոշում ցույց չի տալիս, թեպետ ապրում էր Թիֆլիսում, որը Ռուսաստանի ենթական էր, սակայն այս գիրքը Թիֆլիսում տպագրվելուց հետո արգելվեց հասցնել գրավաճառներին։ Մեզանում առանձին գրքով կտպագրվի դեռ նոր։
«Խամսա» արաբերենից նշանակում է հնգյակ։ Գրքում ներկայացվում է Արցախի հինգ մելիքությունների՝ Գյուլիստանի, Ջրաբերդի, Խաչենի, Վարանդայի և Դիզակի պատմությունը։",16.0,"Պատմական գեղարվեստական գրականություն, Դրամա"
116,"Տունը, որտեղ... Դատարկ բներ․ գիրք 3",Մարիամ Պետրոսյան,https://zangakbookstore.am/media/products/300x0/ba5bc4fca545fc417aaf2f5fb69fd1fa.jpg,https://zangakbookstore.am/tuny-ortekh-datark-bner-girq-3,"Քաղաքի ծայրամասում, սովորական նորակառույց շենքերի շարքում, վեր է խոյանում Մոխրագույն Տունը, որտեղ ապրում են Ծխամոլը, Սֆինքսը, Կույրը, Լորդը, Տաբակին, Մակեդոնացին, Սևը և այլք։ Հայտնի չէ՝ արդյոք Լորդն իսկապե՞ս սերում է վիշապների ազնվական ընտանիքից, բայց Կույրը հաստատ չի տեսնում, իսկ Սֆինքսն իմաստուն և առեղծվածային է։ Տաբակին, իհարկե, շնագայլ չէ, թեև սիրում է օգուտ քաղել ուրիշների բարիքներից։ Տանը յուրաքանչյուրն ունի իր մականունը, և ամեն ոք մեկ օրում ապրել է այնտեղ այնքան բուռն և հագեցած իրադարձություններ, որ մենք` Արտաքին աշխարհում ապրողներս, շատ հաճախ նույնիսկ մի ամբողջ կյանքի ընթացքում չենք հասցնում ապրել, զգալ ու անցնել այդքան թոհուբոհով։ Տունը յուրաքանչյուրին ընդունում կամ մերժում էր յուրովի: Այն ամփոփում էր բազմաթիվ գաղտնիքներ, իսկ տարօրինակ «կմախքները պահարաններում» անտեսանելի աշխարհի ամենահասկանալի անկյունն են, որտեղ Արտաքին աշխարհից ոչ ոք մուտք չունի, որտեղ դադարում են գործել տարածություն-ժամանակի սովորական օրենքները։ Տունը շատ ավելին է, քան պարզապես գիշերօթիկ դպրոց, որտեղ ապրում են ծնողներից լքված երեխաներ: Տունը նրանց առանձին տիեզերքն է։",16.0,"Ֆանտաստիկա, Երիտասարդական"
117,Զորա,Աննա Դավթյան,https://zangakbookstore.am/media/products/300x0/e76e3b76fd22a3e0ed188270fbb9fe19.jpeg,https://zangakbookstore.am/zora,,16.0,Unknown
118,Կորցրած ամերիկյան երազանք,Դիանա Մովսեսյան,https://zangakbookstore.am/media/products/300x0/fd8a1db05acd99dbccc0bd51c2db6e35.jpg,https://zangakbookstore.am/kortsrats-amerikyan-erazanq,,16.0,Unknown
119,Հակոբ Մնձուրի․ Երկեր,Հակոբ Մնձուրի,https://zangakbookstore.am/media/products/300x0/28f97cedc74d807cebe40be0cc9a9330.jpg,https://zangakbookstore.am/hakob-mndzuni-erker,"Սույն երկհատորյակով «Զանգակ» հրատարակչությունը փորձում է Հայաստանի Հանրապետությունում առաջին անգամ հնարավորինս ամբողջական տպագրել պոլսահայ մեծ գրող Հակոբ Մնձուրու (1986–1978) գրական ժառանգությունը։

Հատոր առաջին

Ծնունդով Արևմտյան Հայաստանի Արմտան գյուղից, գրեթե ամբողջ կյանքը Կ. Պոլսում ապրած Հակոբ Մնձուրին (1886–1978 թթ.) հայ արձակի ամենաինքնատիպ դեմքերից է: Մեծ եղեռնի օրերին կորցնելով իր ամբողջ ընտանիքը՝ նա շարունակեց ապրել Կոստանդնուպոլսում, ունեցավ ծանր ու դժվարին կյանք, սակայն իր մոտ 200 պատմվածքներում, ինչպես իր՝ սփյուռքահայ մյուս գրչակիցները, վերստեղծեց կորսված դրախտը՝ հայրենի գյուղն ու արդեն գոյություն չունեցող նախկին կյանքը: Նրա «Կապույտ լույս» (1958 թ.), «Արմտան» (1966 թ.) և «Կռունկ, ուստի՞ կու գաս» (1974 թ.) ժողովածուների՝ նաև մամուլում հրատարակված պատմվածքներում հարազատ գյուղն ու մարդիկ ներկայանում են այնպես, ինչպիսին եղել են մինչ 1915 թ.։ Թվում է, թե ժամանակը կանգ է առել, և ինչ–որ տեղ՝ հեռվում՝ Մնձուր լեռների փեշերին, դեռ ապրում են նրա հերոսները՝ աշխատասեր, բարի, երբեմն ծուռ, նեղացկոտ, իրենց չարքաշ կյանքով ու փոքրիկ վայելքներով: 

Երկերի առաջին հատորում ընդգրկված է Հ․ Մնձուրու երեք հայտնի ժողովածուների 122 պատմվածք և այլ նյութեր, որոնք հրատարակվում են առաջին անգամ։  Գիրքը կազմել, ծանոթագրել ու առաջաբանը հեղինակել է բանաստեղծ, թարգմանիչ Հակոբ Մովսեսը։",16.0,"Պոեզիա, Կենսագրություն"
120,Ազնավուր. երկերի ժողովածու,Շառլ Ազնավուր,https://zangakbookstore.am/media/products/300x0/cac7f729aef67ec4b04dd0dd7c4440eb.png,https://zangakbookstore.am/aznavur-erkeri-zhokhovatsu,"ՀԱՏՈՐ 1 / ԱՐՁԱԿ - Շառլ Ազնավուրի արձակ ստեղծագործությունների այս լիակատար հատորը ներառում է նրա 5 ինքնակենսագրական գործերը և պատմվածքների ժողովածուն, որոնք հրատարակել է Newmag-ը (2019-2023): Իր հուշերում Ազնավուրն անկեղծորեն խոսում է ընտանիքի, անցյալի ու կարիերայի դժվարությունների, պատմում կյանքի դասերի ու ճակատագրի հեգնանքի մասին: Պատասխանում է իր անողոք քննադատների ու դեղին մամուլի մեղադրանքներին։ Ժամանակակից արվեստն ինչո՞ւ է կանխատեսելի, հեռուստատեսությունը՝ մակերեսային, շոու բիզնեսը՝ գռեհիկ․ նա բարձրացնում է ամենաարդիական հարցերը և ուղղորդում երիտասարդ արտիստներին։ Այստեղ են նաև մաեստրոյի 16 նովելները՝ գրված իրեն հատուկ հումորով և երևակայությամբ: Հայաստան, բոհեմ, սերեր, ընկերներ, Հոլիվուդ. ինչի մասին էլ Ազնավուրը պատմի, միշտ անկեղծ է ու շիտակ, համեստ ու հանդուրժող։ 

ՀԱՏՈՐ 2 / ՊՈԵԶԻԱ - Պոեզիայի այս ժողովածուն ամփոփում է մաեստրոյի պոեզիայի չորս հատորները՝ «Նոր երկիր», «Սեր և պատերազմ», «Քեզ համար, Հայաստան», «Ես չեմ հեռանում․․․», որոնք հրատարակվել են առանձին գրքերով: Այս ստեղծագործությունների մի մասը նրան հաջողություն է բերել, որոշները մեծ աղմուկ են բարձրացրել, որոշներն էլ ստիպել են կատարելագործել սեփական ոճն ու մուտք գործել գրական աշխարհ: Կիրք, սեր, դավաճանություն, նվիրում, բաժանում, ինքնասպանություն, խաբեություն, խաղամոլություն, ապաշխարում, զրույց Աստծո հետ. Ազնավուրի գրչի համար փակ թեմաներ չկան։",12.0,"Պոեզիա, Կատակերգություն"
121,Որովհետև հայ են,Փընար Սելեք,https://zangakbookstore.am/media/products/300x0/e239d1fa33b59c4fbc802a6f08f1781d.jpg,https://zangakbookstore.am/orovhetev-hay-en-1,,16.0,Unknown
122,Հինգ ժամ Մարիոյի հետ,Միգել Դելիբես,https://zangakbookstore.am/media/products/300x0/bd7d7b37b55c547e7977928c3da7b55f.jpg,https://zangakbookstore.am/hing-zham-marioyi-het,"Վեպի գլխավոր հերոսուհին Կարմեն Սոտիլյոն է, որը նոր է կորցրել ամուսնուն և նրա հոգեհանգստյան գիշերը արթմնի է անցկացնում հանգուցյալի կողքին: Սեղանին դրված է Աստվածաշունչը, որը կինը թերթում է՝ ընթերցելով հատկապես ամուսնու ընդգծած հատվածները: Արթնանում են հիշողությունները, և լիովին անսպասելի սկսվում է դանդաղ ու չկապակցված մի մենախոսություն, որում սակայն ուրվագծվում է իրական կյանքը: «Հինգ ժամ Մարիոյի հետ» վեպը հոգեբանական հոգեցունց երկ է, որը կանացի հոգու բացահայտման միջոցով վերհանում է իսպանական հետպատերազմյան ժամանակների հասարակության խորխորատները:",16.0,"Թրիլլեր, Դրամա"
123,Անմեղը,Գաբրիելե Դ'Աննունցիո,https://zangakbookstore.am/media/products/300x0/950ac945a809f64737cd39f0e58f822b.jpg,https://zangakbookstore.am/anmekhy,"Գաբրիելե դ'Աննունցիոյի «Անմեղը» վեպը (1892) իտալական դեկադանսի եզակի օրինակներից է, որ ներառում է միաժամանակ հոգեբանական վեպի, դետեկտիվի և փիլիսոփայական վեպի տարրեր: Դ'Աննունցիոն միաձուլում Է Օսկար Ուայլդի էսթետիզմը, ֆրանսիացի պառնասականների էրոտիզմը և Տոլստոյի ու Դոստոևսկու վեպերին բնորոշ հոգեբանական ռեալիզմը: Գլխավոր հերոսը 19-րդ դարավերջին բնորոշ դենդի և էսթետ Տուլլիո Էրմիլն է՝ օժտված նիցշեական գերմարդուն հատուկ դաժանությամբ, ցինիզմով, ատելությամբ բարոյական նորմերի հանդեպ: Սակայն բարոյականության կապանքները մերժող, անողոք ու քմահաճ այս հեդոնիստի մեջ ծնվում են կարեկցանքն ու մեղքի զգացումը, որ անխուսափելիորեն հանգեցնում են էկզիստենցիալ ճգնաժամի ու ապաշխարության:",16.0,"Դրամա, Առեղծված"
124,Սասունցի Դավիթ,Հովհաննես Թումանյան,https://zangakbookstore.am/media/products/300x0/a941e34fcfa6da68033c72c5088cd509.jpeg,https://zangakbookstore.am/sasuntsi-davit-3,,8.0,Unknown
125,Մեղավոր հոգու շշունջը,Արամ Վարդանյան,https://zangakbookstore.am/media/products/300x0/2e2457deb11a412ac20bfc49d777a6a3.jpeg,https://zangakbookstore.am/mekhavor-hogu-shshunjy,,16.0,Unknown
126,Հեռավոր աստղ,Ռոբերտո Բոլանյո,https://zangakbookstore.am/media/products/300x0/32af6b6f367f1f9a1fc1936adba02179.jpeg,https://zangakbookstore.am/heravor-astkh,,16.0,Unknown
127,Մողեսը տապանաքարին,Արչիլ Քիքոձե,https://zangakbookstore.am/media/products/300x0/5e982a5a8d12545fb89bed2c5af54b23.jpeg,https://zangakbookstore.am/mokhesy-tapanaqarin,,16.0,Unknown
128,Թեքված պենտագրամ,Մեթյու Մաքդեվեթ,https://zangakbookstore.am/media/products/300x0/c02f0519791013ad68428a1a626d3110.jpeg,https://zangakbookstore.am/teqvats-pentagram,,16.0,Unknown
129,Ունայնություն ըստ սերերի,Դավիթ Սամվելյան,https://zangakbookstore.am/media/products/300x0/d7d6240b43b949840fd998af85af8edc.jpg,https://zangakbookstore.am/unaynutyun-yst-sereri,,16.0,Unknown
130,Հանդիպում մահվան հետ,Ագաթա Քրիստի,https://zangakbookstore.am/media/products/300x0/c2452ebf9eddccf8dc2adcba9bacf2ec.jpg,https://zangakbookstore.am/handipum-mahvan-het,"Ագաթա Քրիստիի «Հանդիպում մահվան հետ» դետեկտիվ վեպը տպագրվել է 1938թ. Մեծ Բրիտանիայում, ապա նույն թվականին՝ ԱՄՆ-ում։

Իրադարձությունների կիզակետում Բոյնթոնների ընտանիքն է, որը ճանապարհորդության է մեկնում Երուսաղեմ։ Ընտանիքի գլուխը՝ արդեն բավականին ծեր և վատառողջ միսիս Բոյնթոնը, վերահսկում է իր հարազատների յուրաքանչյուր քայլը և ֆինանսական կախվածության մեջ պահում նրանց։ Բոլորը տենչում են նրա մահը, բայց ի վերջո ո՞ւմ զոհն է դառնում ծեր բռնակալուհին։

Դժվարին առեղծվածը այս անգամ ևս հանձն է առնում բացահայտել բելգիացի հանրահայտ խուզարկու Էրքյուլ Պուարոն, որը հանգամանքների բերումով նույնպես հայտնվում է Երուսաղեմում։ Նա, անկախ իր կամքից, սպանության նախօրեին վկա է դառնում մի խոսակցության պատառիկի, որի շուրջ էլ կառուցում է հետաքննությունը։",16.0,"Դետեկտիվ, Առեղծված"
131,Աղոթքներ քնելուց առաջ,Միքայել Այգենց,https://zangakbookstore.am/media/products/300x0/64bf881a2fd21bc4f0624043604f0b14.jpeg,https://zangakbookstore.am/akhotqner-qneluts-araj,,16.0,Unknown
132,Ընտրանի․ Մկրտիչ Սագրսյան,Մկրտիչ Սագրսյան,https://zangakbookstore.am/media/products/300x0/27d8e7275ff4915c5982da08dbf937e4.jpeg,https://zangakbookstore.am/yntrani-mkrtich-sagrsyan,,16.0,Unknown
133,Արձագանք,Թամար Գաբրոշվիլի-Քրիզթա,https://zangakbookstore.am/media/products/300x0/da017eb21ed5a50fb2991dd293699a4a.jpeg,https://zangakbookstore.am/ardzaganq-1,,16.0,Unknown
134,Գոհարներ ջավախահայոց բանարվեստի,Միքայել Այգենց,https://zangakbookstore.am/media/products/300x0/14a2af88bed35522b0ca5bf0d3e48328.jpeg,https://zangakbookstore.am/goharner-javakhahayots-banarvesti,,16.0,Unknown
135,Ժամանակն անողոք է,Ջենիֆեր Իգան,https://zangakbookstore.am/media/products/300x0/b35c6c5e58fb5b0c3ef17108cc75edac.jpeg,https://zangakbookstore.am/zhamanakn-anokhoq-e,,16.0,Unknown
136,Ներքին հեռու,Անրի Միշո,https://zangakbookstore.am/media/products/300x0/ab32c96b77da495aaee16e6bbda27a82.jpg,https://zangakbookstore.am/nerqin-heru,,16.0,Unknown
137,Ամոթը,Աննի Էռնո,https://zangakbookstore.am/media/products/300x0/0eea45b00d4579832bc4e8980197e281.jpg,https://zangakbookstore.am/amoty,,16.0,Unknown
138,Հին Աստվածներ: Կայսր,Լևոն Շանթ,https://zangakbookstore.am/media/products/300x0/8df9f4ad3a3271c621ac5fc77c29babb.jpg,https://zangakbookstore.am/hin-astvatsner-kaysr,,16.0,Unknown
139,Բունկեր,Իվա Փեզուաշվիլի,https://zangakbookstore.am/media/products/300x0/d5b8ddff8f31266633ca019e31b2547e.jpeg,https://zangakbookstore.am/bunker-1,,,Unknown
140,Անմեղ սրբեր,Միգել Դելիբես,https://zangakbookstore.am/media/products/300x0/194323bdc55c94388b4ab4ebed815dcb.jpg,https://zangakbookstore.am/anmekh-srber,"Միգել Դելիբեսի գլուխգործոցներից մեկը համարվող այս վիպակը (1981), որից ներշնչվել է իսպանական կինոյի լավագույն ֆիլմերից մեկը, ռեալիստական և լիրիկական ոճով գրված ողբերգական պատմություն է 60-ական թվականների ֆրանկիստական Իսպանիայում հողատիրոջ իշխանության տակ ապրող նվաստացած էակների մասին, որոնց առօրյա կյանքը սոսկ հրաժարումն է, զոհաբերությունը, հնազանդությունը և տիրոջ քմահաճույքներին ենթարկվելը: Լուսանցք մղված այս էակների ճակատագիրը կանխորոշված է, եթե անկանխատեսելի մի իրադարձություն թույլ չտա նրանց կոտրելու իրենց շղթաները:",16.0,"Դրամա, Կատակերգություն"
141,Կհանդիպենք երկնքում,Պիեռ Լըմետր,https://zangakbookstore.am/media/products/300x0/fc7c49fd273f790c5cbfeaf4cb787bca.jpg,https://zangakbookstore.am/khandipenq-erknqum,"«Կհանդիպենք երկնքում» գիրքն Առաջին համաշխարհային պատերազմի արյունոտ սպանդանոցն անցած ու ողջ մնացած ընկերների՝ Էդուարի և Ալբերի մասին է: Թվում է՝ մեծ երջանկություն ու բարեբախտություն Է փրկվելն ու վերապրելը, բայց ինչո՞ւ են նրանք երանի տալիս իրենց զոհված ընկերներին: Պատճառը հետպատերազմյան Ֆրանսիան ողողած սոցիալական և տնտեսական խնդիրներն են, բարոյական արժեքների այլակերպումը, բյուրոկրատիան ու կոռուպցիան:

Պիեռ Լըմետրի «Կհանդիպենք երկնքում» վեպը դրամատիկ և ինտրիգային պատմություն է գոյատևման և արդարության մասին: Արժանացել է մի շարք գրական մրցանակների, այդ թվում՝ հեղինակավոր Գոնկուրյան մրցանակի:",16.0,"Դրամա, Կենսագրություն"
142,Կանդիդ կամ լավատեսություն,Վոլտեր,https://zangakbookstore.am/media/products/300x0/74268dc8b5cbbdc1cd536a00b7966fc1.jpg,https://zangakbookstore.am/kandid-kam-lavatesutyun,"Վոլտերի ամենաճանաչված ստեղծագործությունը` «Կանդիդը», որ փիլիսոփայական վիպակ է արկածային պատումի ձևով և երգիծական բովանդակությամբ, գրվել է թերևս 1758-ին և լույս տեսել մեկ տարի անց: Գրքի հերոսներին բաժին ընկած աղետալի փորձություններն ու դեգերումներն աշխարհով մեկ և այցելությունը նունիսկ Էլդորադո հեքիաթային երկիր հեղինակին բազում առիթներ են ընձեռել աբսուրդի, գրոտեսկի ոգով ներկայացնելու և կծու ծաղրի ենթարկելու իշխանությունը, ռազմական գործը, աստվածաբանությունը, արվեստը, մետաֆիզիկան և մանավանդ փիլիսոփա Լայբնիցի լավատեսական հայացքները բոլոր հնարավոր աշխարհներից այս լավագույնի մասին:",16.0,"Կենսագրություն, Ֆանտաստիկա"
143,Կարգապահների տունը,Ստեփան Խզրթյան,https://zangakbookstore.am/media/products/300x0/e1a6910d8a683692982ca54981e48b1a.png,https://zangakbookstore.am/kargapahneri-tuny,"2088 թվական։ Հայքում գրեթե կես դար է՝ հաստատվել է Կարգավարություն՝ փոխարինելով 2020-ականների վերջին ժողովրդավարության անվան ներքո տիրող քաղաքական քաոսին։

Խորհրդավոր հրավերն ընդունելով՝ «Հայ պետական մտքի պատմության» դասախոս Կարինե Բակունցն այցելում է Կարգապահների տուն, որտեղ հյուրընկալի ուղեկցությամբ բացահայտում է պետության կառավարման այս ուրույն մարմնի գաղտնիքները։",16.0,"Պատմական գեղարվեստական գրականություն, Կենսագրություն"
144,Ինկած բերդի իշխանուհին: Օշին Պայլ,Լևոն Շանթ,https://zangakbookstore.am/media/products/300x0/9e2bd2e171bbcf5bcccd20177f61f596.jpg,https://zangakbookstore.am/inkats-berdi-ishkhanuhin-oshin-payl,"Լնոն Շանթի այսպես կոչված՝ «Կիլիկյան դրամաները»` «Ինկած բերդի իշխանուհին» (1921) և «Օշին Պայլը» (1929), ստեղծվեցին Հայաստանի առաջին հանրապետության անկումից հետո: Անհատի դրաման և ողբերգությունը շեքսպիրյան ոգով արտացոլելուց զատ, այս գործերն իրենց գաղափարական հատույթում նախ և առաջ արձագանքում են Հայաստանի առաջին հանրապետության անկման պատճառահետևանքային կապերի ընկալմանը և Շանթի պատմափիլիսոփայության մեջ առավել ցավագին շեշտերով բեկում մարդու և իր ժամանակի հարաբերակցության ու շատ դեպքերում` ժամանակների հոլովույթի տրամաբանության մեջ մարդու անզորության և դատապարտվածության դրաման:",14.0,"Դրամա, Պատմական գեղարվեստական գրականություն"
145,"Կամք, միտք և Մարգարիտա",Հարություն Հարությունյան,https://zangakbookstore.am/media/products/300x0/52d4864d96e65e2be179909ee36004db.jpeg,https://zangakbookstore.am/kamq-mitq-ev-margarita,,16.0,Unknown
146,Արտաշես,Հայկ Խաչատրյան,https://zangakbookstore.am/media/products/300x0/c76d9272fa8e5ee49a67f3770162882a.jpg,https://zangakbookstore.am/artashes,,14.0,Unknown
147,Ծանր է Հիպոկրատի գլխարկը,Վարդգես Պետրոսյան,https://zangakbookstore.am/media/products/300x0/cd3232d0c4a3ddf7b8f0c006ecc70eb2.jpeg,https://zangakbookstore.am/tsanr-e-hipokrati-glkharky,,14.0,Unknown
148,Բոլորն իրավացի են,Պաոլո Սորենտինո,https://zangakbookstore.am/media/products/300x0/cc986d0776b88f30540ce25969a416a3.png,https://zangakbookstore.am/bolorn-iravatsi-en,"Թոնի Պագոդան 1980-ականների Իտալիայում հայտնի փոփ աստղ է՝ անհավանական խարիզմայով օժտված տաղանդավոր երգիչ: Փող, թմրանյութեր և կանայք. շռայլ կյանք է վարում Նեապոլում և Կապրիում: Բայց կյանքը բարդանում է, և Թոնին որոշում է փոխել իր կենսակերպը: Շրջագայության ընթացքում Թոնին անհետանում է Բրազիլիայում՝ անցնելով ասկետիկ կյանքի: Բայց 18 տարվա ամազոնյան աքսորից հետո ինչ-որ մեկը պատրաստ է մեծ գումարի չեք ստորագրել՝ Թոնիին Իտալիա վերադարձնելու համար: Ինչպե՞ս նա կդիմանա իր հին սովորությունների և նոր դարի գայթակղություններին: «Բոլորն իրավացի են» արտասովոր վեպը, որը նոմինացվել է Իտալիայի ամենահեղինակավոր գրական մրցանակին՝ «Ստրեգային», Պաոլո Սորենտինոյի դեբյուտային վեպն է, որը նաև ինչ-որ առումով ինքնակենսագրական է: Այս գիրքն Իտալիայի մասին է և մերօրյա աշխարհի, Թոնիի մասին և յուրաքանչյուրիս:",16.0,"Դրամա, Առեղծված"
149,Աշխարհի մեղմ անտարբերությունը,Պետեր Շտամ,https://zangakbookstore.am/media/products/300x0/402f96d9e76508f194690f9de9e2ddfa.jpeg,https://zangakbookstore.am/ashkharhi-mekhm-antarberutyuny,,16.0,Unknown
150,Լրաճարակ,Գերաս Բարսեղյան,https://zangakbookstore.am/media/products/300x0/ffb358e84c119509c9b68814fecd1862.jpeg,https://zangakbookstore.am/lracharak,,16.0,Unknown
151,Լավ Ստալին,Վիկտոր Երոֆեեվ,https://zangakbookstore.am/media/products/300x0/bd9433ea793b98eb2488e25982612c7e.jpeg,https://zangakbookstore.am/lav-stalin,,16.0,Unknown
152,Կապիտան Միխալիս,Նիկոս Կազանձակիս,https://zangakbookstore.am/media/products/300x0/580563e977d306f75ce2773b651ff2b3.jpeg,https://zangakbookstore.am/kapitan-mikhalis,"Նիկոս Կազանձակիսը (1883-1957) համաշխարհային գրականության ճանաչված դասական է, թերևս, 20-րդ դարի ամենահայտնի հույն գրողը։ «Կապիտան Միխալիս» (1953) վեպը Կազանձակիսի լավագույն ստեղծագործություններից մեկն է։ Վեպի սյուժետային առանցքում 1889 թվականի Կրետեի ապստամբության իրադարձություններն են, կղզու բնակչության երկարատև պայքարը թուրքական ճնշումների դեմ։",16.0,"Պատմական գեղարվեստական գրականություն, Պոեզիա"
153,Հանրապետություններից երրորդը,Նորայր Սարգսյան,https://zangakbookstore.am/media/products/300x0/4712df072323aad406ea39dc92c1e957.png,https://zangakbookstore.am/hanrapetutyunnerits-errordy,,16.0,Unknown
154,Բարի գիշեր մաղթելով,Պիեռ Ջ․ Մեյլակ,https://zangakbookstore.am/media/products/300x0/9db3a3c1ad409ef14ae79db49f2fbf74.jpg,https://zangakbookstore.am/bari-gisher-makhtelov,"Մալթացի ճանաչված գրող Պ. Մեյլակի վերջին ժողովածուն է, որ արժանացել է Եվրամիության գրական մրցանակին և թարգմանվել 12 լեզուներով: Գրքի հերոսները կյանքի եզրագծին՝ անցյալի ու ապագայի, հանգստի ու տվայտանքի, իրականության ու երևակայության, կենտրոնի ու ծայրամասի միջև գտնվող մարդիկ են: Նրանք անընդհատ տեղաշարժվում են տեղից տեղ՝ փնտրելով իրենց կյանքի իմաստը, որ ապրել են՝ չգիտակցելով այն ամբողջությամբ:",16.0,"Կենսագրություն, Դրամա"
155,Հելլենասերը,Լեոնիդ Յուզեֆովիչ,https://zangakbookstore.am/media/products/300x0/747cb465a12fc0f3c060e343490fe8da.jpg,https://zangakbookstore.am/hellenasery,"Հելլենասեր՝ հույներին սիրող: XIX դարի 20-ական թվականներին այսպես կոչել նրանց, ովքեր համակրում կամ անմիջաբար մասնակցում էին Օսմանյան կայսրության դեմ հույն ապստամբների պայքարին: Հունաստան մեկնած և այնտեղ մահացած Բայրոնի պես՝ իրեն հելլենասեր է համարում վեպի գլխավոր հերոսը՝ պաշտոնաթող շտաբս-կապիտան Գրիգորի Մոսցեպանովը: Գրքում ազատություն է տրվել հեղինակային երևակայությանը, բայց նախշերը հյուսվել են իրական դեպքերի հենքի վրա: Գործողությունները սկսվում են Նիժնի-տագիլյան գործարաններում, շարունակվում՝ Եկատերինբուրգում, Պերմում, Ցարսկոյե Սելոյում, Տագանրոգում, Ռուսաստանից տեղափոխվում Նավպլիոն ու Ալեքսանդրիա և ավարտվում Աթենքում՝ Ակրոպոլիսում: Վեպի կենտրոնական հերոսներից են Ալեքսանդր 1-ին, միստիկ բարոնուհի Յուլիա Կրիդները, եգիպտացի զորավար Իբրահիմ փաշան և այլ իրական դեմքեր: «Հելլենասերը» ավելի շուտ պատմական թեմայի վարիացիա է, քան ավանդական պատմավեպ:",16.0,"Պատմական գեղարվեստական գրականություն, Դրամա"
156,Մի գերմանացու պատմություն,Սեբաստիան Հաֆներ,https://zangakbookstore.am/media/products/300x0/65fbd9edf38b6d7657b14e4a7676af56.jpg,https://zangakbookstore.am/mi-germanatsu-patmutyun,"Հաֆներն իր հուշագրությունում պատկերում է գերմանացիների կյանքը նացիզմի վերելքի շրջանում և երկու համաշխարհային պատերազմների ընթացքում: 1907-1933 թվականների իրողություններին անդրադառնում է որպես ականատես։ Նա կերտում է իր երկրի դարակազմիկ դիմանկարը, որը մշտապես փոխվում էր՝ Հիտլերի երիտասարդական շարժումից մինչև նացիստական իշխանափոխություն: Այս խորապես անձնական պատմությունը ցույց է տալիս, թե արագ դեգրադացվող հասարակարգն ինչպես է իր մամլիչի տակ ճզմում միջին վիճակագրական գերմանացուն։ Հեղինակը նկարագրում է օր-օրի կարծրացող ու դաժանացող հանրային վերաբերմունքը, նախապաշարմունքն ու քաղաքականությունը։",16.0,"Կենսագրություն, Պատմական գեղարվեստական գրականություն"
157,"Վասիլ Մեծ, հայ կայսր Բյուզանդիայի կամ Կճուճների թագավորը",Զորայր Խալափյան,https://zangakbookstore.am/media/products/300x0/96ba11e5aa20348de3f69e2f08f19837.jpg,https://zangakbookstore.am/vasil-mets,"«Վասիլ Մեծ, հայ կայսր Բյուզանդիայի կամ Կճուճների թագավորը» վեպը նվիրված Է բյուզանդական ամենանշանավոր կայսրերից մեկի՝ հայկական արքայական դինաստիայի հիմնադիր Վասիլ Առաջին, Երանելի հորջորջված կայսեր բուռն արկածներով հարուստ կենսագրությանը, նրա անհավատալի վերելքին՝ հասարակ շինականից մինչն կայսրության գահը, և նրա սիրուհի, ապա կին ու կրկին սիրուհի՝ կայսրուհի Եվդոկիա Ինգերի փոթորկուն կյանքին:",16.0,"Պատմական գեղարվեստական գրականություն, Կենսագրություն"
158,Տատիկս բարևում է և ասում՝ կներեք,Ֆրեդրիկ Բաքման,https://zangakbookstore.am/media/products/300x0/4a54037a506eaa9cc4ea54bffe85919b.jpg,https://zangakbookstore.am/tatiks-barevum-e-ev-asum-knereq,"Էլզան յոթ տարեկան է և տարբերվում է շրջապատի մյուս երեխաներից: Օրինակ՝ փեյնթբոլի հրացանով պատշգամբից կրակում է անծանոթ մարդկանց ուղղությամբ: Ու դա անում է իր տարեց ու մի քիչ էլ ցնդած տատիկի հետ, որն Էլզայի միակ ու լավագույն ընկերն է: Էլզան գիշերը ապաստան է գտնում իր տատիկի պատմություններում, որտեղ բոլորն իրարից տարբերվում են, և ոչ ոք ստիպված չէ նորմալ լինել:

Տատիկի մահից հետո նրանից մնում է նամակների մի հաստ տրցակ, որոնցում նա ներողություն է խնդրում բոլորից, որոնց վնասել է կամ վիրավորել: Այդ պահից էլ սկսվում է Էլզայի ամենամեծ արկածը: Տատիկի նամակների միջոցով աղջիկը ծանոթանում է հարբեցողներով, հրեշներով, կատաղած շներով ևծերունիներով լի բազմաբնակարան շենքի բնակիչների հետ: Այստեղ էլ Էլզայն բացահայտում է իր մանկության հեքիաթների ու արքունիքների մեծագույն գաղտնիքները: 

Այս պատմությունը կյանքի, մահի և մարդու համար շատ կարևոր հատկության՝ մյուսներից տարբերվելու ձգտման մասին է:",16.0,"Դրամա, Առեղծված"
159,Միլորոդ Պավիչ. Աստղային պատմուճան,Միլոռադ Պավիչ,https://zangakbookstore.am/media/products/300x0/098d5b7a846c594360c560dbe99b7ec4.jpg,https://zangakbookstore.am/milorod-pavich-astkhayin-patmuchan,,16.0,Unknown
160,Ռուսական չարի ծաղիկները,"Վիկտոր Երոֆեեվ, Վլադիմիր Սորոկին",https://zangakbookstore.am/media/products/300x0/efd94c9279b6ce88563d2b2511fd5c31.jpg,https://zangakbookstore.am/girq-verofeev-rusakan-chari-tsakhiknery,"«Ռուսական չարի ծաղիկները» «Արեգ»-ի «Ժամանակակից գրականության գրադարան» մատենաշարի 2-րդ գիրքն է: Վիկտոր Երոֆեևի, Վիկտոր Պելևինի և Վլադիմիր Սորոկինի ստեղծագործությունները ներկայացնում են 20- րդ դարի վերջին քառորդի մասին ռուս գրողների մտորումները (Ռուսական չարի ծաղիկները, Երևան, 2005 թ., «Արեգ»):",16.0,"Պոեզիա, Պատմական գեղարվեստական գրականություն"
161,Արտավազդ - փափուկ,Հայկ Խաչատրյան,https://zangakbookstore.am/media/products/300x0/1176b94710474ea6194f2846f0b7175a.jpg,https://zangakbookstore.am/artavazd-papuk,,16.0,Unknown
162,Ճանճերի ժամանակը,Նարինե Կռոյան,https://zangakbookstore.am/media/products/300x0/d210fd20e2ea1ff635a9fbad45fe59aa.jpg,https://zangakbookstore.am/chancheri-zhamanaky,"Ուժեղ, բայց խոցելի կանանց թեման, որ Նարինե Կռոյանը վարպետորեն նկարագրում է իր նախորդ վեպերում, շարունակում է նաև այս գործում։

Վեպի իրադարձությունները զարգանում են 44 օր՝ պատերազմի ընթացքում։ Գլխավոր հերոսուհի Սոնան ամուսնու հետ տեղափոխվել է Ստեփանակերտ՝ որդու ծառայության վայրին մոտ գտնվելու համար։ Պատերազմի առաջին օրը՝ 2020 թ. սեպտեմբերի 27-ի առավոտը, Սոնայի ու մյուսների համար սկսվում է հրթիռակոծությամբ ու ռմբակոծությամբ: Ամուսինը շտապում է ռազմի դաշտ` որդուն գտնելու: Չդիմանալով սպասմանը՝ ամուսնու և որդու հետևից ճամփա է ընկնում նաև Սոնան։ 

Նա տեսնում է մահ, ավերածություններ ու դաժանություններ, բարդ ընտրության առջև է կանգնում, մտածում ոչ միայն իր ծառայող որդու, այլև գերի ընկած ամուսնու մասին։ Ընտանեկան դրամային ավելանում է Սոնայի անսպասելի հղիությունը։ Գտնո՞ւմ է որդուն, վերադարձնո՞ւմ է ամուսնուն, վեպի հերոսների հետ ի՞նչ է կատարվում հայերի համար ամենածանր օրը՝ նոյեմբերի 9-ին։",14.0,"Դրամա, Թրիլլեր"
163,Կհանդիպենք օգոստոսին,Գաբրիել Գարսիա Մարկես,https://zangakbookstore.am/media/products/300x0/3ceeabe352746199557f8e12f5fde9d8.jpg,https://zangakbookstore.am/khandipenq-ogostosin,"«Կհանդիպենք օգոստոսին» վիպակը աշխարհահռչակ գրողի վերջին գործն է, որը նա գրել է կյանքի ուշ շրջանում, երբ արդեն մասամբ կորցրել էր հիշողությունը: Մարկեսն ինքը վիպակն արժանի չի համարել հրատարակելու, նույնիսկ ոչնչացնելու դատավճիռ է կայացրել: Սակայն որդիները հեղինակի մահից մոտ տասը տարի անց վերընթերցելով վիպակը՝ հայտնաբերել են, որ չնայած որոշ հակասություններին՝ բազմաթիվ արժանիքներ ունի, և ոչ մի այնպիսի բան չկա, որն ընթերցողին թույլ չտա վայելելու մարկեսյան ոգին. նրանք որոշել են ընթերցողի հաճույքը վեր դասել հոր դատավճռից:

Վիպակի հերոսուհին ամեն տարի օգոստոսին այցելում է կղզի՝ մոր մահվան տարելիցի օրը ծաղիկներ դնելոու նրա գերեզմանին: Կղզում հայտնաբերում է մոր՝ այնտեղ թաղված լինելու գաղտնիքը և հասկանալով, որ ինքը կրկնում է նրա ճակատագիրը՝ հրաժարվում է այդ ճակատագրից:",16.0,"Դրամա, Առեղծված"
164,Հրամանագիրք,Գրիշ Սարդարյան,https://zangakbookstore.am/media/products/300x0/3995c0f12cfbd7c4039af785028b3718.jpg,https://zangakbookstore.am/hramanagirq,"Վեպում ծավալվող հորինածին իրադարձությունները տեղի են ունենում մեր օրերում: Գլխավոր հերոս Արգինեն իր աշխատավայրում լրացնում է հրամանագիրքը, որը դառնալու է նաև իր Հրամանավեպը: «Հնարավո՞ր է վեպ առանց գրքի: Թող գիրքն ընդհանրապես աներևութանա վեպի վրայից: Մնա ստվեր ու մնա հովանի: Ի՞նչ կլինի»: Կանոնակարգված ու չոր Հրամանագրքից անցումը դեպի գեղարվեստական Հրամանավեպ ներառում է Արգինեի մանկությունը, 90-ականները, ծննդավայր-քաղաքը, փոխհարաբերությունները, մարդկանց, ազատագրելու է կյանքը անցյալը/ներկան/ապագան, խնդիրների ու դատողությունների արգինեական շղթայով ապացուցում, որ «բոլոր համընկնումները պատահական են»:",16.0,"Դրամա, Առեղծված"
165,Դադարի պահին,Արեգ Ազատյան,https://zangakbookstore.am/media/products/300x0/c6fa8ab2494475d0d7a11d5614ef4dc0.jpeg,https://zangakbookstore.am/dadari-pahin,,16.0,Unknown
166,Ծաղիկների արյունը,Անիտա Ամիրռեզվանի,https://zangakbookstore.am/media/products/300x0/efed678b10c61f14a72a5e77b6de1772.jpg,https://zangakbookstore.am/tsakhikneri-aryuny,"17-րդ դար, Պարսկաստան: Հոր մահը գլխիվայր շուռ է տալիս «Ծաղիկների արյունը» պատմագեղարվեստական վեպի տասնչորսամյա գորգագործ հերոսուհու կյանքն ու նետում մեծ իրադարձությունների հորձանուտը: Մայրաքաղաք Սպահան, որտեղ ծաղկում է գորգագործությունը:
Գորգի բարդագույն նախշերը, քմահաճ գույներն ու հերոսուհու ճակատագիրը միահյուսված են իրար՝ ստեղծելով մի ամբողջություն՝ արևելյան պերճությամբ, նորանոր փորձություններով, իմաստուն լեգենդներով: Ընկերություն, դավաճանություն, արքունական խարդավանքներ, որ պիտի կործանեն կամ կոփեն գրքի հերոսուհուն:",16.0,"Դրամա, Կատակերգություն"
167,Անտառի մեղավոր անցյալը,Սուսաննա Հարությունյան,https://zangakbookstore.am/media/products/300x0/2f3fb18d5546e6d3bbafeb6dc0ae443e.jpg,https://zangakbookstore.am/antari-mekhavor-antsyaly,"Այս նոր ժողովածուի հերոսները հոգով, կենցաղով, բնավորությամբ անցյալում մնացած մեր ժամանակակիցներն են։ «Անտառի մեղավոր անցյալը» պարզ, բայց հյութեղ ոճով, հեղինակին բնորոշ ու գրաքննությունն արհամարհող հումորով, երբեմն նաև դրամատիզմով հագեցած 19 պատմությունների փունջ է։ Ընթերցողը մտնում է արժեհամակարգային տատանումները մերժող մարդկանց աշխարհ, որտեղ կյանքը համահունչ է բնության ռիթմին, հեղինակն էլ իր «կարմիր գծերը» սահմանում է անվերջ տեղաշարժվող, նույնիսկ երբեմն անհետացող բարոյական նշաձողերի համակարգում։",16.0,"Դրամա, Կատակերգություն"
168,Կյանք սեր գինի,Կրիշնա Լալ Արջուն,https://zangakbookstore.am/media/products/300x0/f8fff3562d797c80f288ae8cdf287b1a.jpg,https://zangakbookstore.am/kyanq-ser-gini,,16.0,Unknown
169,Քաղցր սուտ կամ դառը գաթա,Մհեր Իսրայելյան,https://zangakbookstore.am/media/products/300x0/06240ac064f8fe60c434cfcd6771baf4.jpg,https://zangakbookstore.am/qakhtsr-sut-kam-dary-gata,"Մհեր Իսրայել յանի «Քաղցր սուտ կամ դառը գաթա» պատմվածքների ժողովածուն ճշմարտության յուրահատուկ որոնում է։ Հեղինակը մանկությունից մինչև երևակայական ապագա ձգվող կամրջի վրա մեկ խարխափելով, մեկ հաստատակամ կանգնած փորձում է բացահայտել մեր և աշխարհի բարդ հարաբերության առեղծվածը։ Այդ ճանապարհին գրողն ու իր հերոսները բախվում են պատերազմի և խաղաղության հավերժական հակադրությանը՝ մարդկային հարաբերությունների ու հոգեբանության նրբին վերլուծությամբ փորձելով ճեղքել փակուղին։",16.0,"Դրամա, Ռոմանս"
170,Դրախտ,Աբդուլրազակ Գուրնա,https://zangakbookstore.am/media/products/300x0/a3accd68706ed1a1e1a0579de9d8586a.jpg,https://zangakbookstore.am/drakht-1,"Նոբելյան մրցանակի դափնեկիր, Զանզիբարում ծնված բրիտանացի գրող Աբդուլրազակ Գուրնայի «Դրախտը» պատմական վեպ է, որի գործողությունները տեղի են ունենում 1900-ականների սկզբին, ներկայիս Տանզանիայի տարածքում: Այն պարտքի դիմաց ստրկության վաճառված երիտասարդ աֆրիկացի տղայի հասունացման և ողբերգական սիրո պատմությունն է և միևնույն ժամանակ՝ եվրոպական գաղութատիրության կողմից Աֆրիկայի եդեմական գեղեցկության և բնիկների ավանդական կենցաղի ու մշակույթի ապականման ու կործանման պատմությունը:",16.0,"Կենսագրություն, Ռոմանս"
171,Գողը,Լևոն Արզումանյան,https://zangakbookstore.am/media/products/300x0/07e65068c4cfbc271c0f8269dfeeb516.jpg,https://zangakbookstore.am/gokhy,,16.0,Unknown
172,Խաչված ճակատագրեր,Անի Մանուկյան,https://zangakbookstore.am/media/products/300x0/28d57ffe63026f2c9e206a0964dff147.jpeg,https://zangakbookstore.am/khachvats-chakatagrer,,16.0,Unknown
173,Մի այծի պատմություն,Պերումալ Մուրուգան,https://zangakbookstore.am/media/products/300x0/ae71d9c4cc79dc19b5a13a97b97a2d99.jpeg,https://zangakbookstore.am/mi-aytsi-patmutyun,,16.0,Unknown
174,Մոնթեսումայի դուստրը,Հենրի Ռայդեր Հագարդ,https://zangakbookstore.am/media/products/300x0/520be8597d0bc3d308e1e9ea1b2ff9f1.jpeg,https://zangakbookstore.am/montesumayi-dustry,,12.0,Unknown
175,Գողացված մանկություն,Լիլյա Գևորգյան,https://zangakbookstore.am/media/products/300x0/6ac89dcdab0829f8e3710721e83375a3.jpeg,https://zangakbookstore.am/gokhatsvats-mankutyun,,16.0,Unknown
176,Որոնողը,Թանա Ֆրենչ,https://zangakbookstore.am/media/products/300x0/59dd311658d7cbcb37998345bae1db73.jpg,https://zangakbookstore.am/oronokhy,,16.0,Unknown
177,Զրոյական կետ,Նարեկ Մալյան,https://zangakbookstore.am/media/products/300x0/6f939b91470f48959ce2e2fdf1da89c7.jpeg,https://zangakbookstore.am/zroyakan-ket,,16.0,Unknown
178,Սև հովազ 2,Աշոտ Աղաբաբյան,https://zangakbookstore.am/media/products/300x0/9189dc788c7662c481ada44b8d058c8f.jpg,https://zangakbookstore.am/sev-hovaz-2,,16.0,Unknown
179,Վերիթի,Քոլին Հուվեր,https://zangakbookstore.am/media/products/300x0/8553ffb915e34020652f5f471eef05ee.jpg,https://zangakbookstore.am/veriti,"Մեր ժամանակների ամենահայտնի ու աղմկահարույց հեղինակներից մեկի՝ Քոլին Հուվերի հոգեբանական թրիլլերն անտարբեր չի թողնի Ձեզ։ Գուցե սիրեք այս վեպը, գուցե ատեք, բայց վստահաբար անտարբեր չեք մնա, որովհետև վեպի առանցքային թեմաներն են սերը, սեքսը, դավաճանությունը, հավատարմությունը, սպանությունը, խաբեությունը, ինքնախաբեությունը, և, վերջապես ու ամենակարևորը՝ ՃՇՄԱՐՏՈՒԹՅՈՒՆԸ։",18.0,"Դետեկտիվ, Առեղծված"
180,Արծաթագույն օձը. Ագաթա Օդլի,Լինա Ջոնս,https://zangakbookstore.am/media/products/300x0/7093f875594f0127fa3f65acf6b48ac6.jpg,https://zangakbookstore.am/artsataguyn-odzy-agata-odli,"Ագաթա Օդլին նոր գործ է ստանձնել։ Ազգային պատկերասրահի մի աշխատակից ասես գետնի տակն անցած լինի։
Խուզարկության ընթացքը պարզում է, որ գործը շատ ավելի մութ է, քան Ագաթան կպատկերացներ։
Ագաթայի հետ ճամփորդե՛ք անտեսանելի Լոնդոնի զարտուղի կածաններով, որ ձեզ ուղիղ մութ գաղտնիքների խառնարանը կհասցնեն։",8.0,"Գիտական ​​ֆանտաստիկա, Դրամա"
181,Վանականներն ունեն գաղտնիք,Ռուբեն Եսայան,https://zangakbookstore.am/media/products/300x0/648515a50cc1683b091c6008f069048c.jpg,https://zangakbookstore.am/vanakannern-unen-gakhtniq-1,"Հայաստանի ամերիկյան համալսարանում սովորող 3 ուսանողներ համալսարանական ծրագրով մեկնում են ԱՄՆ սովորելու: Հանգրվանելով մի փոքրիկ քաղաքում, նրանք իմանում են, որ օրեր առաջ այդ քաղաքի անտառում հայտնաբերվել է 19-ամյա մի աղջիկ՝ կախված վիճակում: Նրանք նաև իմանում են, որ այդ քաղաքում գործում է վանական միաբանություն, բայց շուտով սկսում են կասկածել, որ այդ միաբանության վանականներն ունեն ինչ-որ գաղտնիք...",16.0,"Առեղծված, Երիտասարդական"
182,Հեռավորն ու մոտիկը,Թումաս Վուլֆ,https://zangakbookstore.am/media/products/300x0/11e5b07eac7f55683bc3b5a94d57ce63.jpg,https://zangakbookstore.am/heravorn-u-motiky,"Գրքում տեղ են գտել Թոմաս Վուլֆի մինչև այժմ անգլերեն հրատարակված ամենաամբողջական՝ Ֆրենսիս Է. Սքիփի կազմած «Պատմվածքների լիակատար ժողովածու»-ի հիսունութ պատմվածքներից քսանութը: Դրանք ընտրելիս փորձ է արվել ներկայացնելու Վուլֆի պատմվածքների ողջ բազմազանությունն ու բազմաշերտությունը: Այս պատմվածքները երբևէ հայերեն չեն հրատարակվել, և կարծում ենք՝ հետաքրքիր կլինեն Վուլֆին ավելի ամբողջական ընկալելու համար:",16.0,"Պոեզիա, Գիտական ​​ֆանտաստիկա"
183,Իմ գրադարանը. Հովհաննես Թումանյան,Հովհաննես Թումանյան,https://zangakbookstore.am/media/products/300x0/d7ecad0b3df260ae4bf382d99315954f.jpg,https://zangakbookstore.am/im-gradarany-havhannes-tumanyan,"Հովհաննես Թումանյանի ստեղծագործությունները հայ գրականության մնայուն էջերից են: Նրա պոեմները, լեգենդներն ու բալլադները հարստացրել են համաշխարհային գրականության գանձարանը, իսկ անմահ քառյակները համամարդկային արժեք ունեն: Քնարերգության մեջ արտահայտել է անհուն հայրենասիրություն և լավատեսություն՝ հնադարյան ու նոր Հայաստան աշխարհի ապագայի նկատմամբ:

Հովհաննես Թումանյանի այս ժողովածուն լույս է տեսել «Իմ գրադարանը» մատենաշարով: «Իմ գրադարանը» մատենաշարի յուրաքանչյուր գրքում ներկայացված են հայ դասական գրողների լավագույն գործերը: Մատենաշարը հասցեագրված է դպրոցականներին, ուսանողներին, մեծահասակ ընթերցողներին և առհասարակ բոլոր նրանց, ովքեր սիրում են հայ գրականությունը:",12.0,"Պոեզիա, Պատմական գեղարվեստական գրականություն"
184,Հովհաննես Թումանյան․ Պոեմներ,Հովհաննես Թումանյան,https://zangakbookstore.am/media/products/300x0/34202c3eee5d6c39a64a7f71948f4504.jpeg,https://zangakbookstore.am/hovhannes-tumanyan-poemner,"Հովհաննես Թումանյանի պոեմներն առաջին անգամ ամբողջությամբ լույս են տեսնում առանձին գրքով: Արտատպվել են Թումանյանի «Երկերի լիակատար ժողովածուի» ակադեմիական 2-րդ հրատարակությունից [«Մարոն», «Լոռեցի Սաքոն», «Ալեք», «Մեհրի», «Մերժված օրենք», «Հառաչանք», (Հատվածներ), «Անուշ», «Դեպի անհունը», «Սասունցի Դավիթը», «Սասունցի Դավիթը» (Բ մասը), «Թմբկաբերդի առումը», «Հին կռիվը», « Հազարան բըլբուլ»]: Թումանյանի պոեմները հայ գրականության չխամրող արժեքներից են: Տպագրվել է «Լոռվա ձոր» հայրենակցական միության և «Էդիթ Պրինտ» հրատարակչության հովանավորությամբ:",12.0,"Պոեզիա, Կենսագրություն"
185,Թումանյան․ Արվեստի մասին,Հովհաննես Թումանյան,https://zangakbookstore.am/media/products/300x0/a7933c0a592370bc9f88564ed74cea68.jpg,https://zangakbookstore.am/tumanyan-arvesti-masin,"Ժողովածուում զետեղված են Հովհաննես Թումանյանի բանաստեղծությունները, հոդվածներն ու նամակները, որոնք առնչվում են արվեստի հարցերին, ինչպես նաև արվեստագետների նամակները և հուշերը Հ. Թումանյանի մասին: Բաղկացած է «Բանաստեղծություններ», «Հոդվածներ», («Թատրոն և դրամատուրգիա», «Կերպարվեստ», «Երաժշտություն», «Ճարտարապետություն»), «Նամակներ» բաժիններից և «Հավելվածից» («Հայ արվեստագետների նամակները Հովհ. Թումանյանին», «Արվեստի վարպետները Թումանյանի մասին»): Արտատպվել է Հովհաննես Թումանյան, «Արվեստի մասին» (ՀԽՍՀ ԳԱ Արվեստի ինստիտուտ, Երևան, 1969թ.) գրքից: Նախաբանը գրել է (1968թ.) Մարտիրոս Սարյանը: Կազմել և ծանոթագրել է Իրմա Սաֆրազբեկյանը:",12.0,"Պոեզիա, Ժամանակակից"
186,Նռան հետքը,Կարինե Կարին,https://zangakbookstore.am/media/products/300x0/95fe71711bb6e616053dd56a92817d33.jpeg,https://zangakbookstore.am/nran-hetqy,,16.0,Unknown
187,Ֆուտբոլային առևանգում Սիլվերթոնում,Հայկ Խաչատրյան,https://zangakbookstore.am/media/products/300x0/f753958f2719283e068169c41755ab50.jpg,https://zangakbookstore.am/futbolayin-arevangum-silvertonum,,14.0,Unknown
188,Մեծ տիեզերափայլ,Գևորգ Տեր-Գաբրիելյան,https://zangakbookstore.am/media/products/300x0/1ead79f6ae324a092f5222683250c115.jpeg,https://zangakbookstore.am/mets-tiezerapayl,,16.0,Unknown
189,Հարրի Փոթերը և Գաղտնիքների սենյակը (փափուկ),Ջոան Ռոուլինգ,https://zangakbookstore.am/media/products/300x0/47502cfc176cbbed424789b772218e58.jpg,https://zangakbookstore.am/harri-potery-ev-gakhtniqneri-senyaky-papuk,"Ամառային արձակուրդին Հարրի Փոթերը դարձյալ իր ազգականների տանն է, որտեղ նրա հետ կոպիտ ու վատ են վարվում: Շուտով Հարրին վերադառնում է դպրոց: Հելոուինին դպրոցի սրահներում տարօրինակ շշուկներ են լսվում, որ նշանակում է՝ հարյուրավոր տարիներ առաջ դպրոցում կառուցած Գաղտնիքների սենյակը կրկին բացվել է, և այնտեղ դարանած Սարսափն ազատ է արձակվել` սպառնալով ոչնչացնել ոչ կախարդ ընտանիքներում ծնված աշակերտներին:",8.0,"Երիտասարդական, Ֆանտաստիկա"
190,Ես չեմ հեռանում,Շառլ Ազնավուր,https://zangakbookstore.am/media/products/300x0/d40f63690b5ceb6673ced501cd42fea9.jpg,https://zangakbookstore.am/es-chem-heranum,"Շառլ Ազնավուրի պոեզիայի չորրորդ հատորում ներկայացված են նրա կյանքի վերջին 28 տարում ստեղծված երգերը՝ ավելի հասուն ուկատարելագործված ձեռագրով: Այս հատորում է տեղ գտել նաև հանրահայտ «Երբ սիրում ես ինձ» երգը, որը շանսոնյեի առաջին ու միակ մյուզիքլի30 արիաներից մեկն է «Լոտրեկ» անունով՝ նվիրված պոստիմպրեսիոնիզմի ֆրանսիական հսկային՝ Անրի դը Տուլուզ-Լոտրեկին: Ընթերցողըկծանոթանա Ազնավուր-Կառվարենց, Ազնավուր-Լեգրան, Ազնավուր- Տրենե համատեղ ստեղծագործություններին և կբացահայտի քույր ու եղբայրԱզնավուրների գրած «Քնքուշ Հայաստան» երգը, որն այսօրվա Հայաստանի մասին է, ասես գրված լինի հենց 44-օրյա պատերազմից հետո: Այսհատորով Newmag-ը եզրափակում է Ազնավուրի պոեզիայի թարգմանությունը։",16.0,"Կենսագրություն, Ռոմանս"
191,Friedensdorf,Գրիգ,https://zangakbookstore.am/media/products/300x0/bbc56f9f70808c3a0848bd7491b261cd.jpeg,https://zangakbookstore.am/friedensdorf,"Ի՞նչ է պատերազմը, կա՞ արդյոք խաղաղություն, և ամենակարևորը` ի՞նչ անել հիմա Friedensdorf-ը ինքնակենսագրական, վավերագրական, քաղաքական, միստիկ վեպ է: Զուգահեռ ծավալվող պատումների կենտրոնում պատերազմն է առհասարակ և քառօրյա ու 44-օրյա պատերազմները մասնավորապես:
Դրանց հատման կետում պատմողն է՝ պատերազմ չգնացած մարդը, որը, այլ մարդկանց կոշիկների քուղերն օգտագործելով, տեսնում է վերջիններիս երազները Վեպը խաղաղության փնտրտուքի, պատերազմի տեսանելի և չերևացող հետևանքների, մեծ ողբերգության, փոքր ուրախությունների մասին է:",16.0,"Կենսագրություն, Թրիլլեր"
192,Ինչ տխուր է սակայն,Համլետ Առաքելյան,https://zangakbookstore.am/media/products/300x0/37d2d9058de3064b98f69641ba261bd4.png,https://zangakbookstore.am/inch-tkhur-e-sakayn,,16.0,Unknown
193,Սպանություն թանգարանում. Ագաթա Օդլի,Լինա Ջոնս,https://zangakbookstore.am/media/products/300x0/2f4f5af6f2e0077888f4cdbfaac0dfd4.jpeg,https://zangakbookstore.am/spanutyun-tangaranum-agata-odli,,8.0,Unknown
194,«Իբր թե»-ի հանրապետություն,Ալաա ալ-Ասուանի,https://zangakbookstore.am/media/products/300x0/11d5552dfc3d65854b7504c75b802bf2.jpeg,https://zangakbookstore.am/ibr-te-i-hanrapetutyun,,16.0,Unknown
195,Սարգիս Զորավար,Էդուարդ Խաչիկյան,https://zangakbookstore.am/media/products/300x0/c7c26c22f957d6fae5be1951f618d3ed.jpeg,https://zangakbookstore.am/sargis-zoravar,"Էդուարդ Խաչիկյանի «Սարգիս զորավար» պատմավեպի նյութը IV դարասկզբին սուրբ Սարգիս զորավարի պայքարն է հանուն հավատքի և վերերկրյա արժեքների հաստատման: Վեպն անդրադարձ է պատմական այն շրջանին, երբ Հուլիանոս Ուրացող կայսրը հալածանքներ էր սկսել ընդդեմ քրիստոնյաների:
Հեղինակը մերօրյա իրողությունների դիտանկյունից փորձում է վերլուծել սուրբ Սարգսի կյանքն ու գործունեությունը, ջանում թափանցել հերոսի ներաշխարհը՝ նրա մեջ տեսնելով ոչ միայն զորապետին, այլև մարդուն՝ իր երազանքներով, տագնապներով և հոգու երկվությամբ:",16.0,"Պատմական գեղարվեստական գրականություն, Դրամա"
196,Կյանքի կայծը,Էրիխ Մարիա Ռեմարկ,https://zangakbookstore.am/media/products/300x0/296846c40b04835cf0b58b101b1dd852.jpeg,https://zangakbookstore.am/kyanqi-kaytsy,"1946 թվականին, իմանալով կրտսեր քրոջ՝ Էլֆրիդե Շոլցի մահվան մասին, Է. Մ. Ռեմարկը սկսեց գրել այս վեպը և ձոնեց քրոջը։ Ժողովրդական դատարանը 1943 թվականին Էլֆրիդեին դատապարտեց գլխատման՝ գործընկերների հետ զրուցելիս նացիոնալ-սոցիալիստների դեմ արտահայտվելու համար։ «Ձեր եղբայրը պլստաց մեր ձեռքից, Դուք չեք պլստա»,- հայտարարել էր դատարանը։ Վեպի հիմքում ընկած են համակենտրոնացման ճամբարից փրկվածների, օրինակ՝ Էդգար Քուփֆերի, Տոտո Քոփմանի և այլոց զրույցները, ինչպես նաև Վիլլի Բրեդելսի «Քննությունը», Աննա Զեգերսի «Յոթերորդ խաչը» գրքերը, Բուխենվալդի կալանավոր Օյգեն Քոգոնի «ՏՏ-ական պետությունը» վերլուծությունը և այլն։
«Կյանքի կայծը» աշխարհում խիստ դրական ընդունելության արժանացավ, բացի Գերմանիայից, ինչը Ռեմարկը կապում էր պատերազմի շրջադարձի և 1950-ականներին Գերմանիայում նացիստական հանցագործությունների հետ։
Գիրքն առաջին անգամ լույս է տեսել անգլերեն 1952 թվականին ԱՄՆ-ում։ Գերմաներեն բնագրի տպագրությունը նախ հանձն է առել շվեյցարական Scherz  հրատարակչությունը, սակայն ձեռագիր տարբերակը ստանալուց հետո հրաժարվել է տպագրելուց՝ վախենալով Գերմանիայի հրատարակչությունների բոյկոտից։ 1952 թվականին, սակայն, գերմաներեն բնագրի հրատարակությունը ստանձնել է Joseph Caspar Witsch-ը՝ աչք փակելով ամբոխի ճաշակի, հրատարակչական անհարմարությունների վրա։ Գիրքը, համենայն դեպս, լույս է տեսել առանց ամերիկյան, ֆրանսիական և իտալական հրատարակություններում առկա ձոնագրության՝ «To the memory of my Sister Elfriede».",16.0,"Կենսագրություն, Դրամա"
197,Կյանքս սերս հայրենիքիս,Հովհաննես Ալեքյան,https://zangakbookstore.am/media/products/300x0/eb2bcb1b58fc9a1e8b1f327ff38fd775.jpg,https://zangakbookstore.am/kyanqs-sers-hayreniqis,,16.0,Unknown
198,The derest peace of my mind,Հովհաննես Ալեքյան,https://zangakbookstore.am/media/products/300x0/cf890f2e082b38f604e1f82f96911e5a.jpeg,https://zangakbookstore.am/the-derest-peace-of-my-mind,,16.0,Unknown
199,Օրերն եկան ու անցան,Վաղարշակ Շահինյան,https://zangakbookstore.am/media/products/300x0/9d0e976d8196b25ed8ece8be5fc590a7.jpg,https://zangakbookstore.am/orern-ekan-u-antsan,,16.0,Unknown
200,Քեզ հետ դեպի հավերժություն,Վաղարշակ Շահինյան,https://zangakbookstore.am/media/products/300x0/60321f30ecaabc7f1bd657f7a714db02.jpg,https://zangakbookstore.am/qez-het-depi-haverzhutyun,,16.0,Unknown
201,Գյուրջևանի վերջին ֆիլմը,Ծովինար Խաչատրյան,https://zangakbookstore.am/media/products/300x0/0a45fa846a8f377fcf0883bd676a88a2.jpeg,https://zangakbookstore.am/gyurjevani-verjin-filmy,,16.0,Unknown
202,Ոչինչ,Կարմեն Լաֆորետ,https://zangakbookstore.am/media/products/300x0/a5b2a4742e5cde9d3689ed29299cbb58.jpg,https://zangakbookstore.am/ochinch,"Հետպատերազմական շրջանում երիտասարդ Անդրեան մեծ պատրանքներով և երազանքներով ժամանում է Բարսելոն՝ տատիկի տուն, սովորելու և նոր կյանք սկսելու համար, որտեղ, ավաղ, այդ երազանքներն ու պատրանքները փշրվում են անգթաբար, քանզի այդ տանը միայն քաղց, բռնություն և ատելություն կա: Վեպում ստեղծված մռայլ, կեղտոտ, գարշահոտ, ճնշող և հեղձուցիչ մթնոլորտում, երբ կերպարներից որևէ մեկին հարցնում են, թե ինչ է եղել, ի՞նչ Է կատարվում, կամ ի՞նչ է զգում, վերջինս պատասխանում է. «Ոչինչ»: Կարմեն Լաֆորետն իր ինտիմիստական և լուսանկարչական արձակով առաջ Է ընկնում ժամանակից՝ հրաշալիորեն պատկերելով տվյալ ժամանակաշրջանի Բարսելոնը:",16.0,"Թրիլլեր, Դրամա"
203,Արթնացում,Մարգրեթ Աթվուդ,https://zangakbookstore.am/media/products/300x0/cd2374e6c4083f6b8813066bac2926d5.jpg,https://zangakbookstore.am/artnatsum,"«Արթնացում» հոգեբանական թրիլերի հերոսուհին ճամփա է ընկնում հայրենի գյուղակ՝ անհետ կորած հորը գտնելու: Անդադրում որոնումների ընթացքում նա վերադառնում է անցյալ, խորամուխ լինում վաղուց մոռացված գաղտնիքների, հիշողությունների մեջ և օտարանալով բոլորից՝ «արթնանում» ու գտնում ինքն իրեն:",16.0,"Առեղծված, Դրամա"
204,Հուղարկավորությունից հետո,Ագաթա Քրիստի,https://zangakbookstore.am/media/products/300x0/acdf78a06fdd1144308f086631a97ef0.jpg,https://zangakbookstore.am/hukharkavorutyunits-heto,"«Հուղարկավորությունից հետո» վեպի կենտրոնում Էբերնեթիների գերդաստանն է, որոնց միավորել է Ռիչարդ Էբերնեթիի հանկարծակի մահը իր վիկտորիանական ժամանակաշրջանի մեկուսի դղյակում և, իհարկե, վերջինիս կտակը։ Հեղինակը ներկայացնում է ներկաներից յուրաքանչյուրի հոգեբանական մանրակրկիտ դիմանկարը, խնդիրները, նպատակներն ու թերությունները, որոնցից պարզ է դառնում, որ գրեթե բոլորն էլ կարող էին շարժառիթ ունենալ։ Սակայն վեպի ամբողջ ընթացքում անընդհատ տրվում է ոչ միայն «ո՞վ է սպանել», այլև «արդյոք սպանություն առհասարակ տեղի ունեցե՞լ է» հարցը։

Այս մութ պատմությունը թերևս մնար չբացահայտված ու մոռացության տրվեր, եթե գործին չխառնվեր Էրքյուլ Պուարոն, որը, համադրելով աննշան թվացող փաստերը, վերականգնում է այս արտասովոր պատմության բոլոր դրվագները",16.0,"Դետեկտիվ, Դրամա"
205,Տարիները,Աննի Էռնո,https://zangakbookstore.am/media/products/300x0/f2f3549131db099e6f7e2099b3d6d458.jpg,https://zangakbookstore.am/tarinery,"Երկը ինքնատիպ և ընդգրկուն մի խորհրդածություն է անցնող ժամանակի և նրա անդավաճան վկայախոսի՝ Հիշողության մասին: Հետամուտ անանձնական ինքնակենսագրության իր վաղեմի ծրագրին՝ 2008 թ. հրատարակված իր այս վեպում, որն ընդգրկում է 1940-2008 թթ. միջև ընկած ժամանակահատվածը, Աննի Էռնոն ներկայացնում է իր ապրած «Տարիների» դիմանկարը: Քողազերծելով ժամանակակից աշխարհում հաղթարշավող հիշողության սրբագրման և մոռացության աներևույթ մեխանիզմները՝ հեղինակը դրան հակադրում է ժամանակի բազմանվագ մի արձանագրություն, որ զարմացնում է իր անողոք հետևողականությամբ: Դարաշրջանը որսացող պատկերների սրաթռիչ շրջապտույտը պարբերաբար ընդհատվում է անձնական լուսանկարների և տեսաժապավենների նկարագրությամբ: Անանուն աղբյուրից բխող հանրային հիշողության հարահոս ընթացքում աստիճանաբար ամբողջանում է անհատի ճակատագիրը:",16.0,"Դրամա, Գիտական ​​ֆանտաստիկա"
206,Պատմվածքներ փիլիսոփաների մասին,Անատոլի Դոմբրովսկի,https://zangakbookstore.am/media/products/300x0/b510d41b4d3d80eb69bab882469b0cef.jpg,https://zangakbookstore.am/patmvatsqner-pilisopaneri-masin,,16.0,Unknown
207,Էպիգրամներ և սատիրական բանաստեղծություններ,Եղիշե Չարենց,https://zangakbookstore.am/media/products/300x0/c672d95289e8814d9a766744f8487643.jpg,https://zangakbookstore.am/epigramner-ev-satirakan-banastekhtsutyunner,,14.0,Unknown
208,Տիկնիկը,Նարե Վարուժանի,https://zangakbookstore.am/media/products/300x0/ee94e19ea2baf7eae2e591b6c010d577.jpeg,https://zangakbookstore.am/tikniky,,16.0,Unknown
209,Պիստոլայի սերերն ու հրաշքները,Հիլարի Պրենդինի Տոֆֆոլի,https://zangakbookstore.am/media/products/300x0/5080f88ffc22f0f57895a96e70bbfe11.jpg,https://zangakbookstore.am/pistolayi-serern-u-hrashqnery,"«Պիստոլայի սերերն ու հրաշքները» վեպը հարավաֆրիկյան լրագրող, մրցանակակիր Հիլարի Պրենդինի Տոֆֆոլիի ամենահայտնի գործն է: Ստեղծագործության մեջ խորությամբ ներկայացված են հետպատերազմյան Իտալիան, ստրկատիրական բարքերով ապրող Հարավային Աֆրիկան, այդ մշակույթների և սերունդների բախումը: Հեղինակն ընթերցողին է փոխանցում իտալացիների մշակույթը, նրանց կրքոտ սերն իտալական խոհանոցի նկատմամբ, ինչպես նաև պատանեկան առաջին մաքուր սիրո թրթիռը: Ժամանակակից ոճով գրված վեպը հարուստ Է պատմական ակնարկներով, հետաքրքիր ու զվարճալի իրադարձություններով և ընտանեկան գաղտնիքներով:",16.0,"Կենսագրություն, Ռոմանս"
210,"Հաֆեզ․ Գազելներ, քառյակներ",Հաֆեզ,https://zangakbookstore.am/media/products/300x0/26fb278efaa891a065a1c28550884b95.jpg,https://zangakbookstore.am/hafez-gazelner-qaryakner,"Խոջա Շամսեդդին Մոհամմադ Շիրազին՝ առավել հայտնի Հաֆեզ մականունով, պարսկական քնարերգության մեծագույն վարպետներից է։ XIV դարի պոետի ստեղծագործությունը զգալի ազդեցություն է թողել ողջ պարսկական մշակույթի վրա և շարունակում է մնալ ամենասիրվածներից և ընթերցվողներից ցայսօր։

Սույն ժողովածուն ներառում է բանաստեղծի 292 գազել և 16 քառյակ։ Նախատեսված է ընթերցողների լայն շրջանակի համար։",14.0,"Պոեզիա, Պատմական գեղարվեստական գրականություն"
211,"Բուկոլիկներ, Գեորգիկներ",Պուբլիուս Վերգիլիուս Մարո,https://zangakbookstore.am/media/products/300x0/a93c437f94d640338040a8aeb08d17d6.jpg,https://zangakbookstore.am/bukolikner-georgikner,"Գիրքն ընդգրկում է Հին Հռոմի մեծագույն բանաստեղծներից մեկի՝ Պուբլիուս Վերգիլիուս Մարոյի (մ.թ.ա. 70–19)՝ «Էնեական»-ին նախորդած մյուս երկու նշանակալից պոեմի՝ «Բուկոլիկներ»-ի (որ կոչվում է նաև «Էկլոգներ») և «Գեորգիկներ»-ի՝ լատիներեն բնագրից արևելահայերեն առաջին ամբողջական թարգմանությունը՝ ընդարձակ առաջաբանով ու ծանոթագրություններով: Մ.թ.ա. III դարում ապրած հույն բանաստեղծ Թեոկրիտոսի հովվերգական իդիլների հետևությամբ գրված «Բուկոլիկներ»-ը փառք են բերել երիտասարդ բանաստեղծին: «Գեորգիկներ»-ը նվիրված է հողագործությանը, այգեգործությանը, ընտանի կենդանիների խնամքին ու մեղվաբուծությանը: Երկի գաղափարը ծագել է մ.թ.ա. VIII–VII դարերի հույն բանաստեղծ Հեսիոդոսի «Աշխատանք և օրեր» պոեմից: Այդուհանդերձ Վերգիլիուսի պոեմները նաև շատ տարբեր են իրենց հունարեն նախօրինակներից. դրանցում արտացոլված են և՛ Իտալիայի բնաշխարհն ու հավատալիքները, և՛ ժամանակի ցնցող քաղաքական իրադարձությունները, և՛ անգամ հեղինակին հետաքրքրող փիլիսոփայական տեսություններ: Սույն երկու պոեմով ամբողջանում է Վերգիլիուսի գրական ժառանգությունը՝ Գոհար Մուրադյանի և Արամ Թոփչյանի արևելահայերեն թարգմանությամբ։ Նրան են վերագրված նաև մի շարք մանր երկեր, որոնց հեղինակային պատկանելությունը, սակայն, մնում է վիճելի։",16.0,"Կենսագրություն, Պոեզիա"
212,Մենք՝ Արմեններս,Հովհաննես Հովակիմյան,https://zangakbookstore.am/media/products/300x0/df08ac813eb22681cacfa835b2e052f7.jpg,https://zangakbookstore.am/menq-armenners,"Հովհաննես Հովակիմյանի «Մենք՝ Արմեններս» վեպը հեղինակի երկրորդ գիրքն է: Վեպն իր կառուցվածքով հիշեցնում է խճճված և խճճող մի լաբիրինթոս, որից էլ փորձում են դուրս գալ հերոսները: Սակայն որքան շատանում են խնդիրները, այնքան մեծանում է հերոսների հոգեբանական լարվածությունը՝ մղելով նրանց ծայրահեղ քայլերի:

Կգտնե՞ն արդյոք նրանք՝ Արմենները, այդ լաբիրինթոսից դուրս գալու ճանապարհը, թե՞ կմնան կաղապարված և իրենց դեպի ներքև քաշող ճահճում. սա է գլխավոր հարցադրումը, որ դրված է վեպում: Ի վերջո, ովքե՞ր են Արմենները:",16.0,"Դրամա, Թրիլլեր"
213,Մայրական կաթ,Նորա Իկստենա,https://zangakbookstore.am/media/products/300x0/fdd6efe389e423ae94e8e7e6088a1681.jpeg,https://zangakbookstore.am/mayrakan-kat,,16.0,Unknown
214,Պարսից գրականոթւյուն․ Պեզիա (1900-1960),Զորայր Միրզայան,https://zangakbookstore.am/media/products/300x0/4244f7b3422de42d29169e2e2549630e.jpeg,https://zangakbookstore.am/parsits-grakanotւyun-pezia-1900-1960,,16.0,Unknown
215,Այստեղ պիտի մնայի,Ջովանի Դոցինի,https://zangakbookstore.am/media/products/300x0/4b8d009ab354a6179525e2749f5ed75e.jpg,https://zangakbookstore.am/aystekh-piti-mnayi,"Լուկա Բրեգոլիսեն միջին տարիքի ներկարար է: Ապրում է Իտալիայի Պերուջա քաղաքում։ Երիտասարդ տարիներին մասնակցել է հասարակական տարբեր շարժումների, կինը տնային տնտեսուհի է, դուստրը չորս տարեկան է, կոմունիստ հայրը թոշակառու է։ Բրեգոլիսեն չարացած է ներգաղթյալների վրա, որոնք խաթարում են իր քաղաքի անդորրը։ Նրա օգնական Նաբիլի անչափահաս որդին թմրավաճառ է: Մարոկկացի Նաբիլը կքած է բազում հոգսերի տակ։ Եվ ահա մի օր Նաբիլի որդին անհետանում է: Բրեգոլիսեն այժմ պետք է վերջնական որոշում կայացնի:

 

«Այստեղ պիտի մնայի» վեպը տասնվեցօրյա ներքին մտորումների հոսք է։ Այն գրված է առաջին դեմքով եւ ներկա ժամանակով, ինչն ընթերցողին հնարավորություն է տալիս աշխարհին նայել Բրեգոլիսեի աչքերով:",16.0,"Դրամա, Ռոմանս"
216,Գեթսեմանի պարտեզի աքսորյալները,Լեռ Կամսար,https://zangakbookstore.am/media/products/300x0/3f922560db9f2dff5f360948716dc956.jpeg,https://zangakbookstore.am/getsemani-partezi-aqsoryalnery,"Երբ սկսվեց ստալինյան բռնաճնշումների երկրոդ՝ 1949թ․-ի հզոր ալիքը, հայ մեծանուն երգիծաբան Լեռ Կամսարը դեռ առաջինից՝ 1935թ-ի բռնադատումից  չէր ձերբազատվել։ Երեքամյա սիբիրյան ճամբարից հետո նա Գեղարքունիքի Տորֆավանում դեռ «ազգի թշնամի» աքսորական էր։  Նրանից բացի աքսորավայրում կային ևս չորս բախտակից աքսորյալներ՝ երեքը հայ, մեկը ռուս: Ոչ ոք չգիտեր, որ ռուսը նույնպես աքսորական է: Հայերից մեկի ազգանունը Կարմրամորուքյան էր:

Սկսվեց տարհանման երկրորդ ալիքը: Ամեն առավոտ «Չոռնի վոռոնը*» գիշերը աքսորականներից մեկին  տանում էր: Մյուսները մղձավանջի մեջ սպասում էին իրենց հերթին:

Երգիծաբանը հաց չորացրեց, մի կերպ տաք հագուստ գլուխ բերեց: Բանտի ներքնակը, երկաթե բաժակը և աքսորական ճամպրուկը կազմ պատրաստ էին՝ վերջին խառնաշփոթին մոռացության չմատնվելու համար: Երբ մեքենայի հռնդյուն էր լսվում, կամ միլիցիա էր երևում գյուղում, տանեցիներն անմիջապես գյուղխորհուրդ էին շտապում՝ իմանալու համար գալու նպատակը: Վեց ամսվա ընթացքում  հերթով կրկնակի աքսորի ենթարկվեցին մյուս երեք ազատ աքսորականները: Վերջինը ռուսն էր: Ի դեպ, այդ ժամանակ միայն իմացվեց, որ նա ևս բռնադատված է: Ուներ կին և երեխա, որը ծնվել էր Տորֆավանում: Նրան տանելուց հետո ընտանիքը  Ռուսաստան մեկնեց:

Ի զարմանս բոլորի, Լեռ Կամսարին չտարան: Բայց սպասման ահն ու սարսափը դեռ երկար հետապնդում էր նրան...",16.0,"Թրիլլեր, Դետեկտիվ"
217,Ճապոնական առակներ,,https://zangakbookstore.am/media/products/300x0/b3d05488f073f2c65cf31c8a8a235dc7.jpeg,https://zangakbookstore.am/chaponakan-arakner,,8.0,Unknown
218,Փրկվածը,Հովիկ Մխիթարյան,https://zangakbookstore.am/media/products/300x0/b3b36bf2935a16b26bd49d076294265d.jpg,https://zangakbookstore.am/prkvatsy,,16.0,Unknown
219,"Քեզ մոտ եմ գալիս, իմ հին տխրություն․ Je viens vers toi, ma tristesse encienne",Հովհաննես Թումանյան,https://zangakbookstore.am/media/products/300x0/5a51d99d0668a5497713811fa4a169e2.jpeg,https://zangakbookstore.am/qez-mot-em-galis-im-hin-tkhrutyun-je-viens-vers-toi-ma-tristesse-encienne,,16.0,Unknown
220,Վարագույր. Պուարոյի վերջին գործը,Ագաթա Քրիստի,https://zangakbookstore.am/media/products/300x0/8089f3b631c1d5fa29a643fac8a1d68d.jpg,https://zangakbookstore.am/varaguyr-puaroyi-verjin-gortsy,"«Վարագույր. Պուարոյի վերջին գործը» վեպն առաջին անգամ լույս է տեսել 1975թ. Մեծ Բրիտանիայում: Լեգենդար խուզարկու Պուարոն ընկերոջ՝ Արթուր Հասթինգսի հետ վերադառնում է Սթայլզ, որտեղից էլ սկսել էին հանցագործություններ բացահայտելու իրենց համատեղ գործունեությունը: Այս վեպով էլ ավարտվում է Ագաթա Քրսիտիի՝ խուզարկու Պուարոյի մասին պատմող շարքը:",16.0,"Դետեկտիվ, Առեղծված"
221,Արչի,Հովհաննես Երանյան,https://zangakbookstore.am/media/products/300x0/664a3385df38a371ac9551e20ca9671c.jpeg,https://zangakbookstore.am/archi,,16.0,Unknown
222,"Եղիշե Չարենց, հատոր 1",Եղիշե Չարենց,https://zangakbookstore.am/media/products/300x0/64d2cde103a79b34d93ad1cbf13726f8.jpeg,https://zangakbookstore.am/ekhishe-charents-hator-1,,16.0,Unknown
223,Ամերիկահայ անգլիագիր բանաստեղծներ,,https://zangakbookstore.am/media/products/300x0/2247c95578548c1b1844f54e76de5c77.jpeg,https://zangakbookstore.am/amerikahay-angliagir-banastekhtsner,,6.0,Unknown
224,Ալտերնատիվ պատմություն Հայոց,Աղասի Ենոքյան,https://zangakbookstore.am/media/products/300x0/a97961bbf0a6ca0dddfe4923603ca748.png,https://zangakbookstore.am/alternativ-patmutyun-hayots,"Այս գրքում մեր պատմության որոշ պահեր ես այլակերպել, փորձել եմ տեսնել խնդիրներ, որոնց մասին շատ ենք խոսում, թե դրանք խանգարել են երկրի կայացմանը, եւ ի՞նչն է պատճառը, որ այս օրին ենք հասել: Այդպիսի 2 վիպակ կա գրքում զետեղված:",,"Դրամա, Ֆանտաստիկա"
225,Վերակենդանացում,Մերի Բաղ,https://zangakbookstore.am/media/products/300x0/1088084be1cc36b61a84ab523ea08845.jpeg,https://zangakbookstore.am/verakendanatsum,,16.0,Unknown
226,Սուրբ ծննդյան պատմություններ,,https://zangakbookstore.am/media/products/300x0/004698df6654e98e4ab648ec7c70e0b7.jpeg,https://zangakbookstore.am/surb-tsnndyan-patmutyunner,"Սուրբ ծննդյան զարմանահրաշ պատմությունների այս ժողովածուն ընդգրկում է տասնվեց հեղինակների ստեղծագործություններ, որոնցից շատերն առաջին անգամ են թարգմանվել հայերեն (թարգմանությունները կատարվել են անգլերենից, ֆրանսերենից, գերմաներենից, ռուսերենից):

Գիրքն ունի երկու բաժին՝ հեքիաթներ և պատմվածքներ, որոնք նախատեսված են և՛ փոքրերի, և՛ մեծահասակների համար:

Հրաշքներով ու կախարդական պատմություններով լի այս գիրքը առաջինն է իր տեսակի մեջ, որ հայ ընթերցողին ուղեկցում է դեպի Սուրբ ծննդյան Լույսը:",6.0,"Պոեզիա, Կենսագրություն"
227,Ապաստան,Ժան֊Շա Թեքգյոզյան,https://zangakbookstore.am/media/products/300x0/ead21d0a093ef79ef706da8cdc5638b2.jpeg,https://zangakbookstore.am/apastan,,16.0,Unknown
228,Ծովից ծով,Հովիկ Աֆյան,https://zangakbookstore.am/media/products/300x0/529da72cfe9bd2fbee245fd1140eb097.jpg,https://zangakbookstore.am/tsovits-tsov,"Աշխարհում առաջին նավաստին, որ գոռաց՝ «ցամա՜ք», հավանաբար Աստված ինքն էր: Արդեն հետո ցամաքում խեղդվող մարդիկ փրկության անունը «ծով» դրեցին: Եւ առաջացավ ծովի հավերժական որոնումը: Եւ հարցը՝ ինչո՞ւ էր պետք ցամաքեցնել ծովը:

Պատասխանը գտնելու ճանապարհին՝ գրականության Նոբելյան մրցանակ ստացած գրողը մոռանում է բոլոր բառերը, իսկ աշխարհը նրանից նոր վեպ է սպասում:

Այս վեպում իրականն ու անհավանականը հանդիպում են ծովի ափին, ու պատմությունն այս հենց անծայրածիր ծովի մասին է և ծերացած մարդու, որն ամեն օր նայում է ալիքներին, որոնք չեն բերում մահը:",16.0,"Դրամա, Ֆանտաստիկա"
229,Բոլոր մեռյալների մաշկը նույնն է,Բորիս Վիան,https://zangakbookstore.am/media/products/300x0/bdf01f63f2b61a9bd2cab292c46f1758.jpeg,https://zangakbookstore.am/bolor-meryalneri-mashky-nuynn-e,,16.0,Unknown
230,Անց 48,Նարեկ Կոսմոս,https://zangakbookstore.am/media/products/300x0/faeed019862824c8f222805b383b5373.jpg,https://zangakbookstore.am/ants-48,"«Անց 48»–ը երգահան, հեղինակ–կատարող և բանաստեղծ Նարեկ Կոսմոսի ստեղծագործությունների առաջին ժողովածուն է։ Բանաստեղծությունների երիտասարդ հերոսը ձգտում է աշխարհը վերծանելու և ընթերցելու որպես խառնաշփոթ մի գիրք, կարգաբերելու այն որպես լավ թարգմանություն, ի վերջո վերստեղծելու այն որպես կիթառի նվագակցությամբ կատարվող մի երգ՝ ինքնափնտրումի ու միայնության, սիրո ու ինքնախաբեության, մեծ աշխարհում տեղ գտնելու, ի վերջո՝ մարդու «թարգմանության» ու ընկալման դժվարությունների մասին։ Հոլդենքոլֆիլդյան խարխափումներից հերոսին օգնում են դուրս գալու գրականությունն ու երաժշտությունը՝ դառնալով աշխարհը հասկանալու կամ ընդունելի դարձնելու նշանագրեր, երբեմն էլ՝ միակ հանգրվան ու սպեղանի։",16.0,"Դրամա, Կատակերգություն"
231,Զանգված և իշխանություն,Էլիաս Քանետի,https://zangakbookstore.am/media/products/300x0/ef2f2d2ecc11dc459dd10ee1b7f27faa.jpg,https://zangakbookstore.am/zangvats-ev-ishkhanutyun,"Զանգված և իշխանությունը» (1960) 20-րդ դարի ավստրիական և անգլիական գրականությունների դասական, գրող, դրամատուրգ, փիլիսոփա, հասարակագետ և մշակութաբան, Նոբելյան մրցանակի դափնեկիր Էլիաս Քանետիի (1905-1994) թերևս ամենահայտնի ստեղծագործությունն է, նրա opus magnum-ը, որի վրա հեղինակն աշխատել է շուրջ 35 տարի: Այն մի կողմից անմիջականորեն առնչվում է զանգվածների սոցիալական վարքը դիտարկող հեղինակների (Գյուստավ Լը Բոն, Խոսե Օրտեգա-ի-Գասեթ) փիլիսոփայական, մյուս կողմից Զիգմունդ Ֆրոյդի՝ զանգվածների և անձի փոխկապերը դիտարկող հոգեվերլուծական փորձի հետ:
Իր մեջ միավորելով փիլիսոփային և գիտնականին (նա Վիեննայի համալսարանի փիլիսոփայության դոկտոր էր)՝ Քանետին այս գրքում, այդուհանդերձ, մնում է գրող և գեղագետ, որը հմտորեն օգտվում է պատմական, դիցաբանական, ազգագրական, հոգեբանական հարուստ նյութերից և ստեղծում գրական հուշարձան, որի հմայքը ոչ միայն բազմակողմանի գիտելիքներն են, լակոնիկ լեզուն, այլև հավատարմությունը հումանիզմի դասական արժեքներին:",16.0,"Պոեզիա, Կենսագրություն"
232,Կապարի համը,Մարիս Բերզինշ,https://zangakbookstore.am/media/products/300x0/ad009d097d9e92a6591cb9ebe1622e38.jpg,https://zangakbookstore.am/kapari-hamy,"Գրքում նկարագրվող իրադարձությունները Լատվիայում տեղի են ունենում 1939-1941 թվականներին: Գլխավոր հերոսը Ռիգայի ծայրամասում ապրող երիտասարդ Մատիսն է: Երկրորդ աշխարհամարտի, Հոլոքոստի, քաղաքական ցնցումների պայմաններում նա փորձում է գլուխ հանել իր ապագայից, կանանց հետ բարդ հարաբերություններից ու առհասարակ իր կյանքից:

Վեպը երիտասարդ, շարքային լատվիացու աչքով է ներկայացնում երկրի ու ամբողջ աշխարհի համար բախտորոշ իրադարձությունները: Մատիսը հայտնվում է պատմության պտտահողմի ձագարում՝ երազելով պարզապես ապրել, աշխատել ու սիրել:

— Բոլորիս սպանելու են։ Բոլորի՛ս։

— Չէ՛, հնարավոր չէ։ Դու պատկերացնո՞ւմ ես, թե այստեղ քանիսն ենք. երեսուն հա-
զար։ Կարող են հարյուր կամ մի քանի հարյուր հոգու սպանել, եթե լրիվ խելքները

թռցնեն, բայց ոչ այսքան շատ։
— Կարող են, կարող են։ Օսմանները Մուշում միանգամից հինգ հազար հայ են այրել։
— Ո՞վ է հիմա հիշում հայերին...
— Ե՛ս եմ հիշում։
— Չգիտեմ, թե ոնց է եղել Մուշում, բայց չեմ հավատում, որ մեզ կայրեն։ Եվ որտե՞ղ։
Ռիգայում այդպիսի տեղ չկա, եւ դա շատ բարդ գործ է։",16.0,"Դրամա, Թրիլլեր"
233,Քաղաքը քեզ կսպասի,Աշոտ Ստեփանյան,https://zangakbookstore.am/media/products/300x0/4fa6cf6dd5306ab8526ffaea9c65bde3.jpg,https://zangakbookstore.am/qakhaqy-qez-kspasi,"Աշոտ Ստեփանյանի «Քաղաքը քեզ կսպասի» պատմվածքների ժողովածուն նրա առաջին գիրքն է: Այն հատկանշվում է գրողական ընդգծված անհատականությամբ, սեփական տեսակը ճանաչելու և նրան հարազատ լինելու շատ կարևոր ունակությամբ, իրականության յուրովի ընկալման և մեկնաբանման ինքնատիպ վարպետությամբ:

Պատմվածքների կերպարները, իբրև կենսակերպի թիրախ ունենալով մահվան հանդեպ վերաբերմունքը, յուրովի են հաղթահարում դրան առնչվելու հոգեբանա-գոյաբանական բարդությունները:",16.0,"Պոեզիա, Դրամա"
234,Կարիբյան գաղտնիք,Ագաթա Քրիստի,https://zangakbookstore.am/media/products/300x0/cd104b3269fd297baff2ac193dfa7063.jpeg,https://zangakbookstore.am/karibyan-gakhtniq,"Գիրքը առաջին անգամ հրատարակվել է 1964 թվականին։ Այն միակն է միսս Մարփլի մասնակցությամբ պատմություններից, որի գործողությունները տեղի են ունենում Անգլաիյից դուրս։
Արև, լողափ, արմավենիներ․ թվում է՝ ոչինչ չի կարող խաթարել Կարիբյան ծովի դրախտային կղզիներից մեկի անդորրը, և ծեր մայոր Փելգրեյվի մահն ընդամենը ժամանակավոր ստվեր է գցել հանգստացողների միապաղաղ առօրյայի վրա։ Սակայն միսս Մարփլին հանգիստ չի տալիս այն միտքը, որ մայորի մահվան հետևում սոսկալի գաղտնիք կա, և նա ամեն ինչ կանի, որ բացահայտի այն։",16.0,"Դրամա, Առեղծված"
235,Տիրապետություն,Աննի Էռնո,https://zangakbookstore.am/media/products/300x0/0c6bf926b1d9f79ab3b5b615d5a7c879.jpg,https://zangakbookstore.am/tirapetutyun,,16.0,Unknown
236,Պարզապես կիրք,Աննի Էռնո,https://zangakbookstore.am/media/products/300x0/a00ea44b57bdbb48aa82bf64dc7fd7dd.jpg,https://zangakbookstore.am/parzapes-kirq,,16.0,Unknown
237,Կասաբլանկայի մսագործը,Համդուշի Աբդելիլա,https://zangakbookstore.am/media/products/300x0/390e91acee86a394dacdaf37de5b21be.jpg,https://zangakbookstore.am/kasablankayi-msagortsy,,16.0,Unknown
238,Իմ ընկեր Մեգրեն,Ժորժ Սիմենոն,https://zangakbookstore.am/media/products/300x0/bf7b5d281977c5da9be0f3230f8deb4b.jpg,https://zangakbookstore.am/im-ynker-megren,"«Իմ ընկեր Մեգրեն» ընթերցողին թույլ է տալիս հետևել Մեգրեի մտքի թռիչքին, սեփական տրամաբանությամբ ենթադրություններ անել, ստուգել դրանք վարպետի հետ։ Այս գիրքը տարբերվում է ժանրի այլ ստեղծագործություններից, քանի որ առաջին պլանում ոչ թե կատարված հանցագործությունն է, այլ մի հայտարարություն, որը հակասական հետևությունների տեղիք է տալիս և շեղում… Իսկ գուցե ճի՞շտ ուղղությամբ է շեղում…

Մեգրեին այցելում է Սքոթլանդ Յարդի տեսուչ պարոն Փայքը՝ ուսումնասիրելու ֆրանսիական ոստիկանության կոմիսարի աշխատանքի մեթոդները: Բայց այդ պահին Փարիզում հետաքրքիր անելիքներ չեն լինում, և Մեգրեն արձագանքում է Միջերկրական ծովի կղզիներից մեկում տեղի ունեցած սպանությանը՝ կապված խարդախության հետ. երիտասարդ հոլանդացի նկարչի կտավները ներկայացվում են որպես Վան Գոգի գործեր: Մեգրեն և Փայքը իրենց վարկածներն են առաջ քաշում: Ո՞վ ճիշտ կլինի:

Բելգիացի գրող, հոգեբանական դետեկտիվ ժանրի աշխարհահռչակ ներկայացուցիչ Ժորժ Սիմենոնը 20-րդ դարի ամենաշատ ընթերցվող հեղինակներից մեկն է: Նա 43 տարում հրատարակել է 425 գիրք, որոնցից 200-ը՝ 16 կեղծանուններով, 220-ը՝ իրական ստորագրությամբ: Սիմենոնը ոստիկանության կոմիսար Մեգրեի մասին 75 վեպ և 28 կարճ պատմվածք է հեղինակել: Թարգմանությունների քանակով գրողն աշխարհում 19-րդ տեղում է. նրա ստեղծագործությունները հրատարակվել են 55 լեզուներով 39 երկրներում:",,"Առեղծված, Դետեկտիվ"
239,Կտորե տոպրակ,Բյուրակն Իշխանյան,https://zangakbookstore.am/media/products/300x0/3dbb21a9630fbfe9dd279c7f6ee77146.jpg,https://zangakbookstore.am/ktore-toprak,"Սիրանուշը, ով տարիներ առաջ Երևանից տեղափոխվել էր Բեռլին՝ ուսումը շարունակելու, Դանիայի Օրհուսի համալսարանից աշխատանքի առաջարկ է ստանում։
  Դանիայում կյանքը նորովի է երանգավորվում։ Սակայն տեղի առանձնահատկությունները արդեն քառասունին մոտ կնոջը հեշտ չեն տրվում. նրա «երկխոսությունը» տեղացիների հետ ուղղակի չի ստացվում։
 Շուտով՝ մի խնջույքի ժամանակ, Սիրանուշը ծանոթանում է Դանիայում ծնված-մեծացած , բայց և ազգությամբ թուրք Զեհրայի հետ։ Վերջինս խորհրդավոր էր, «կլանող», այն մեկն էր, որի ներկայությունը լցնում էր Սիրանուշի հոգու օտարությունը Օրհուսում։

Բայց արդյո՞ք հնարավոր է արդի իրականությունում պահպանել հայ և թուրք կանանց միջև ընկերական հարաբերությունները։",16.0,"Դրամա, Ռոմանս"
240,Նոր օր,Նիկոս Խրիսոս,https://zangakbookstore.am/media/products/300x0/de96fe072395cd5973544c357e983818.jpg,https://zangakbookstore.am/nor-or,"Դեկտեմբերյան մի գիշեր նավահանգստի մութ անկյուններից մեկում երեք տղամարդ ողջ-ողջ այրում են Սեբաստիանին, որը թափառական գուշակի համբավ ուներ... Երեք հանցագործների մեջ ամենաերիտասարդ անձը՝ Պողոսը, իրենց հանցանքի դաժանությունից ցնցված, սկսում է զոհի մասին տեղեկություններ փնտրել։ Նա հույս ունի, որ այդ կերպ կքավի իր մեղքը, եւ հավատում է, որ սպանվածի կենսագրությունն ի մի բերելով՝ կվերակենդանացնի նաեւ նրան։ Պողոսը գտնում է Սեբաստիանի հիմնական ուղեկիցներին եւ խնդրում պատմել իրենց առաջնորդի մասին... Ամեն մեկն ունի իր պատմությունն ու գաղտնիքները, յուրաքանչյուրի պատմության մեջ մի մութ անկյուն է մնում, ու Սեբաստիանի կերպարն ավելի միֆական է դառնում։",16.0,"Առեղծված, Ֆանտաստիկա"
241,Մեծն Վասակ Սյունին,Համլետ Դավթյան,https://zangakbookstore.am/media/products/300x0/c51aa263221d11a28c1f36ffd4cdfe7c.jpg,https://zangakbookstore.am/metsn-vasak-syunin,"Մեր պատմության մեջ անուններ կան, որոնք չունենալով թագավորական կամ կաթողիկոսական տիտղոս` Մեծ են հիրավի: Մովսես Խորենացի, Վասակ Սյունի, Թեոդորոս Ռշտունի, Հովհաննես Թումանյան: Գոնե այս չորսը՝ վստահաբար…Բարդ է Վասակի ճշմարիտ կերպարը վերականգնելը: Ունենք ընդամենը մի խոյակ (Կորյուն) և երկու հիմնաքար (Եղիշե և Փարպեցի), իսկ ավելի ամբողջական մեզ է հասել եկեղեցու վախն ու ատելությունը Վասակի հանդեպ: Ունեցած նյութով կառույցը վերականգնելը գրեթե անհնարին է, սակայն փորձենք՝ որքան կարող ենք:",16.0,"Պատմական գեղարվեստական գրականություն, Դրամա"
242,"Տունը, որտեղ... Շնագայլի ութօրյակը․ գիրք 2",Մարիամ Պետրոսյան,https://zangakbookstore.am/media/products/300x0/c256848b46ac3b0edd11215fba7daa55.jpg,https://zangakbookstore.am/tuny-ortekh-shnagayli-utoryaky-girq-2,,16.0,Unknown
243,Մահվան ընդհատումներ,Ժոզե Սարամագու,https://zangakbookstore.am/media/products/300x0/7046c7ad635583a7c9393a728d507f00.jpg,https://zangakbookstore.am/mahvan-yndhatumner,,16.0,Unknown
244,Մարդն առանց հատկությունների 4,Ռոբերտ Մուզիլ,https://zangakbookstore.am/media/products/300x0/e6e74f4cebfaabba3adb72672dc2c867.jpg,https://zangakbookstore.am/mardn-arants-hatkutyunneri-4,,16.0,Unknown
245,Մարդն առանց հատկությունների 3,Ռոբերտ Մուզիլ,https://zangakbookstore.am/media/products/300x0/c01e292949e75dbd07d1c271cd39ee16.jpg,https://zangakbookstore.am/mardn-arants-hatkutyunneri-3,,,Unknown
246,Ո՞րն է մեր հայրենին,Ազատ Մաթյան,https://zangakbookstore.am/media/products/300x0/07dc477a67ef63f1e083388cf0538052.jpeg,https://zangakbookstore.am/orn-e-mer-hayrenin,,16.0,Unknown
247,Արևամուտի ներքո,Բրամ Սթոքեր,https://zangakbookstore.am/media/products/300x0/b1723c6e449d19cdd8e4943f90ba2dfb.jpg,https://zangakbookstore.am/arevamuti-nerqo,"«Արևամուտի ներքո» գիրքը Բրամ Սթոքերի առաջին պատմվածաշարն է՝ բաղկացած իրար փոխկապակցված ութ կարճ պատմությունից: Լույս է տեսել 1881-ին Լոնդոնում: Այն ներկայացնում է մարդկությանն անհայտ մի աշխարհ, որի բնակիչները բախվում են չար ներխուժողների հետ: Գրքի լեզուն պոետիկ է, իսկ հերոսները՝ խիստ բազմազան՝ հրեշտակներ ու չար հսկաներ, դպրոցական արկածներով ապրող աշակերտներ ու թագավորական ընտանիքներ:

Պատմվածքների այս շարքը ներկայացնում է չարն ու բարին, քաջությունն ու վախը, ազնվությունն ու սուտը, մանկան հասունությունն ու միամտությունը իրենց առօրեականության և բացարձակության մեջ:",16.0,"Երիտասարդական, Ֆանտաստիկա"
248,Պանգեա կամ թռչող տնակը,Արմեն Ամիրյան,https://zangakbookstore.am/media/products/300x0/bc6a72dc84e4d874506cb9092dfcf5cb.jpeg,https://zangakbookstore.am/pangea-kam-trchokh-tnaky,,16.0,Unknown
249,Բանաստեղծը․․․ Երկու սրտով,Երվանդ Պետրոսյան,https://zangakbookstore.am/media/products/300x0/959ecc66af4d5ea57a5b41cf5a3a870a.jpeg,https://zangakbookstore.am/banastekhtsy-erku-srtov,,16.0,Unknown
250,Երևան Բլյուզ,Սամվել Խաչատրյան,https://zangakbookstore.am/media/products/300x0/9e561912939aa891eb2a593eb8679d39.png,https://zangakbookstore.am/erevan-blyuz,,16.0,Unknown
251,Բանտիս օրագիրը,Լեռ Կամսար,https://zangakbookstore.am/media/products/300x0/0b1bb761e839a6357222482e0ce71c33.jpg,https://zangakbookstore.am/bantis-oragiry,,16.0,Unknown
252,Հալոցք,Լեռ Կամսար,https://zangakbookstore.am/media/products/300x0/c03376daca744dd80fd2f82891387381.png,https://zangakbookstore.am/halotsq,"Գիրքը Լեռ Կամսարի «Կարմիր օրեր» օրագրության մի փոքր մասն է: «Հալոցք» վերնագիրը պայմանական է, որ ընթերցողը չշփոթի այդ շարքին պատկանող նախկինում հրատարակված «Կարմիր օրեր» («Նաիրի» հրատարակչություն,Երևան, 2000 թ.) և նորից պայմանական «Սոցիալիզմի Սահարա» (ՀԳՄ հրատարակչություն, Երևան, 2009 թ.) վերտառությամբ տպագրված հատորների հետ: «Հալոցքը» «Սոցիալիզմի Սահարայի» անմիջական շարունակությունն է և ամփոփում է անցած դարի խրուշչովյան հալոցքի մեկ տարին՝ 1960 թվականը:

Ժողովածուն վավերագրում է ոչ միայն Սովետական Միության, այլ նաև ամբողջ աշխարհի մեկ տարվա պատմությունը՝ երգիծաբան հրապարակախոսի ընկալումներով:  Լեռ Կամսարն օրագրությունը սկսել է 1925 թ., երբ մամուլն արդեն մանրազնին գրաքննում և ընտրողաբար էր հյուրընկալում հեղինակի ֆելիետոնները: Վերջինս, լինելով անաչառ հրապարակախոս, չէր կարող ճշմարտացի չարձագանքել իր և աշխարհի ապրած ամեն մեկ օրը՝ զանց առնելով տիրող գաղափարախոսության հրամայականն ու պարտադրանքը:

Հեղինակի օրագրության շարքը իր մեջ ներառել է մեր պատմության 40 տարիները՝ 1925-1965 թթ.: Չի կարողացել գրել միայն սիբիրյան երեքամյա տաժանքի ժամանակ՝ 1936-40 թթ. (գուցե գրել է, բայց չի պահպանվել): Օրապատումից մինչ այժմ հրատարակվել են միայն մինչև բռնադատումը գրած «Մահապուրծ օրագիրը» (1925-1935 թթ.),«Բանտիս օրագիրը» (1935-1936թթ.), բռնադատվելուց հետո ստեղծած «Կարմիր օրերը» (1953-1958 թթ.) և «Սոցիալիզմի Սահարան» (1959 թ.):

Օրագրության մեծ մասը դեռևս անտիպ է և սպասում է լույս աշխարհ գալուն: Լեռ Կամսարի օրագրությունն արժեքավոր է ոչ միայն գեղարվեստական այլև պատմաքաղաքական տեսակետից, քանի որ գրում է ամենատես, հասկացող, իրատես և խորը վերլուծող ականատեսը...",16.0,"Կենսագրություն, Պատմական գեղարվեստական գրականություն"
253,Տապանագիր,Տիտան Դև- Շանթ,https://zangakbookstore.am/media/products/300x0/5e1bf7ad8388e326c4e954d084258ed0.jpg,https://zangakbookstore.am/tapanagir,,16.0,Unknown
254,Ձորի Միրոն,Մուշեղ Գալշոյան,https://zangakbookstore.am/media/products/300x0/9468cdffaf7111808e71bf62f9c8cc61.png,https://zangakbookstore.am/dzori-miron,,14.0,Unknown
255,Սոս Սարգսյան,Սոս Սարգսյան,https://zangakbookstore.am/media/products/300x0/a7197ae492b9120c33df5c1bb7ecef6c.jpeg,https://zangakbookstore.am/sos-sargsyan-2,,14.0,Unknown
256,"Սյուզան, Օրիորդ Կլիֆտոն",Հեկտոր Մալո,https://zangakbookstore.am/media/products/300x0/c2c80d0e53bb65a9a8f94b0d41e5c673.png,https://zangakbookstore.am/syuzan-oriord-klifton,"Ֆրանսիացի հռչակավոր գրող Հեկտոր Մալոն հայ ընթերցողին ծանոթ է «Առանց ընտանիքի» վիպակով: «Սյուզան» վեպը (1872 թ.) նկարագրում է 
ֆրանս-պրուսական պատերազմին առնչվող դեպքերը։ 
Վեպում արծարծվող հարցերը զարմանալիորեն արդիական են, սյուժեն՝ գրավիչ։ «Օրիորդ Կլիֆտոն» վեպը գրվել է ավելի ուշ՝ որպես «Սյուզանի» 
շարունակություն։ Երկու ստեղծագործություններն էլ  ընթերցվում են մեծ հետաքրքրությամբ՝ շնորհիվ տաղանդավոր հեղինակի սահուն գրչի, 
նուրբ հեգնանքի և պատմական  իրադարձությունների վառ նկարագրության։",16.0,"Կենսագրություն, Պոեզիա"
257,Տիգրան Մեծ,Հայկ Խաչատրյան,https://zangakbookstore.am/media/products/300x0/57e6612b9b0b6bae94e4e99414848868.jpeg,https://zangakbookstore.am/tigran-mets-4,,14.0,Unknown
258,Իմ Սահյանը,Համո Սահյան,https://zangakbookstore.am/media/products/300x0/2264e1e581191758bc291e2a6cbbee69.jpeg,https://zangakbookstore.am/im-sahyany,,12.0,Unknown
259,Իմ Թումանյանը,Հովհաննես Թումանյան,https://zangakbookstore.am/media/products/300x0/fe087102ff8bed587adecbe2e22e1a8a.jpeg,https://zangakbookstore.am/im-tumanyany,,12.0,Unknown
260,Երևան հյուրանոց,Արմեն Շեկոյան,https://zangakbookstore.am/media/products/300x0/fd5a391aa5a6a739dbfae202afc41f1e.jpeg,https://zangakbookstore.am/erevan-hyuranots,,16.0,Unknown
261,Ճշմարտությունը Հարի Քվեբերտի գործի մասին,Ժոել Դիկեր,https://zangakbookstore.am/media/products/300x0/9d551278f3438207e4e2f9e1d108d8af.jpg,https://zangakbookstore.am/chshmartutyuny-hari-qveberti-gortsi-masin,"15-ամյա Նոլա Կելերգանը 1975-ի օգոստոսի 30-ին մտնում է անտառ ու անհետանում։ Այդ օրը Նյու Հեմփշիր նահանգի Ավրորա քաղաքը զրկվում է հանգստից: 33 տարի անց երիտասարդ գրող Մարկուս Գոլդմանն այցելում է Ավրորա, որպեսզի գրական ոգեշնչում ձեռք բերի ու հետ չընկնի իր հրատարակչի սահմանած վերջնաժամկետից։ Նաև ցանկանում է հանդիպել Ամերիկայի ամենահեղինակավոր գրողներից մեկին՝ իր ուսուցիչ Հարի Քվեբերտին։ Սակայն սենսացիոն իրադարձությունը տապալում է Մարկուսի ծրագրերը։ Հարիին ներկայացվում է Նոլա Կելերգանին սպանելու մեղադրանք, քանի որ նրանց միջև սիրավեպ էր եղել: Մեդիան մեղադրում է Հարիին, և Մարկուսը սկսում է իր քննությունը: Հարիի գրական կարիերան ու նույնիսկ կյանքը փրկելու համար Մարկուսը պետք է պատասխանի երեք հարցի՝ ո՞վ է սպանել Նոլա Կելերգանին, 1975-ին ի՞նչ է կատարվել Ավրորայում, և ի՞նչ է պետք իսկական վեպ գրելու համար:",14.0,"Կենսագրություն, Երիտասարդական"
262,Չինական առակներ,,https://zangakbookstore.am/media/products/300x0/87da337465ab8ddb665edc617e5b3a9d.jpg,https://zangakbookstore.am/chinakan-arakner,,16.0,Unknown
263,Կապույտ մորուքը,Ամելի Նոտոմբ,https://zangakbookstore.am/media/products/300x0/eaefcb8a87b5b8162293c0837be9ff5d.jpg,https://zangakbookstore.am/kapuyt-moruqy,"Վարձով տուն փնտրող Սատուրնինեն փարիզյան շքեղ բնակարանում ստիպված է ապրել տանտիրոջ հետ ու ընդունել նրա պայմանները. երբեք չմտնել արգելված սենյակ, ընթրել նրա հետ եւ դառնալ նրա սրտակիցը՝ վտանգելով սեփական կյանքը։ Իսպանացի առեղծվածային այս ազնվականը հայտնի է նրանով, որ նրա նախկին ութ վարձակալուհիներն անհետացել են...


Իր ժամանակակից «Կապույտ մորուք» վեպում Ամելի Նոտոմբը վերաշարադրում է Շառլ Պերոյի հայտնի հեքիաթը՝ այն հարստացնելով սուր երկխոսություններով, որի իսկական վարպետն է: Ամելին ստեղծում է երկու վառ կերպար, որոնք ներքաշվում են մահացու մենամարտի մեջ՝ պաշտպանելով սեփական արժեքներն ու գոյության իրավունքը: Վեպը մարդկանց հարաբերությունների սահմանների տարբեր կոնցեպտների շուրջ մտորում է՝ մահվան, սպանության, սիրո, բազմակնության թեմաներով:",16.0,"Դրամա, Ռոմանս"
264,Իմ հայ ընկերը,Անդրեյ Մակին,https://zangakbookstore.am/media/products/300x0/de240fd0ad1b99f2a87097c5b457a077.jpg,https://zangakbookstore.am/im-hay-ynkery,"Սիբիր, 1970-ականների սկիզբ: Պատմությունը պատմող 13-ամյա որբ տղան խուլիգանների հաշվեհարդարից փրկում է Վարդան անունով մի տղայի, ինչի պատճառով ենթարկվում է իր հայրենակիցների հարձակմանը: Դեպքը տեղի է ունենում դպրոցի բակում: Այդպես ծնվում է ընկերությունը: Նրանք գնում են Վարդանի տուն, եւ որբ տղան հայտնվում է հայկական ընտանիքների աշխարհում: Այդ ընտանիքներն ապրում էին մի բանտի մոտ, որտեղ պահվում են նրանց ամուսինները, որդիներն ու հայրերը: Հենց այստեղ է որբ պատանին առնչվում խիզախության, սիրո, արժանապատվության հետ. երեւույթներ, որոնք խորը հետք են թողնում նրա ամբողջ կյանքի վրա:

«Իմ հայ ընկերը» կախարդում է իր բազմաշերտ նոստալգիայով. մեկուսացված հայկական համայնքի՝ հայրենի երկրի մասին հուշերը միահյուսվում են երիտասարդ տղայի՝ մանկության ընկերոջ մասին հիշողություններին:",16.0,"Երիտասարդական, Ֆանտաստիկա"
265,Սև հովազ 1,Աշոտ Աղաբաբյան,https://zangakbookstore.am/media/products/300x0/1fb8df29402d7aaa8a740188451dcb68.jpg,https://zangakbookstore.am/sev-hovaz-1,"Աշոտ Աղաբաբյանի «Սև հովազ –1» գեղարվեստական վեպը պատմում է Արցախյան երեք պատերազմների ու մեր օրերն ընդգրկող ժամանակների մասին։
Այս վեպն առաջինն է, որում հեղինակն անդրադառնում է մեր ժամանակներին, գործող պրոֆեսիոնալի վկայությամբ ցույց է տալիս, թե ինչո՞ւ վերջին պատերազմում պարտվեցինք, և ամենակարևորը՝  ի՞նչ պետք է անել այսօր, հենց հիմա՝ իրավիճակը մեր օգտին փոխելու համար: Վեպը նամակ է ամբողջ հայությանը, ուղերձ՝ բոլորին:",16.0,"Կենսագրություն, Պատմական գեղարվեստական գրականություն"
266,Բացելով խաղաքարտերը,Ագաթա Քրիստի,https://zangakbookstore.am/media/products/300x0/ad6a23c8dd273f9dee9a571036e3b1fd.png,https://zangakbookstore.am/batselov-khakhaqartery,"«Բացելով խաղաքարտերը» վեպն առաջին անգամ տպագրվել է 1936թ.: Վեպում Էրքյուլ Պուարոյի հետ միասին հետաքննությունը վարում են Արիադնե Օլիվերը, ավագ տեսուչ Բաթլը և գնդապետ Ռեյսը, որին հանդիպել եք Ագաթա Քրիստիի այլ գործերում:

Ամեն ինչ սկսվում է առաջին հայացքից մի սովորական ու անմեղ երեկույթից. ընթրիք, իսկ հետո՝ բրիջ: Սակայն հենց այդ երեկո ամեն բան ավարտվում է տանտիրոջ՝ միսթր Շայթանայի համար, իսկ Էրքյուլ Պուարոյի և մյուս երեքի համար սկսվում է բարդ, բայց միևնույն ժամանակ շատ անսովոր հետաքննություն, որի վերջնակետին հասնելու համար, բացի նրանց բնորոշ մեթոդներից, անհրաժեշտ էր նաև շատ լավ գլուխ հանել բրիջի կանոններից:",14.0,"Դետեկտիվ, Թրիլլեր"
267,Մեռնող հառնող,Զորայր Խալափյան,https://zangakbookstore.am/media/products/300x0/b35be6b1ed88dcda5357b8a731d1865c.jpeg,https://zangakbookstore.am/mernokh-harnokh,"Զորայր Խալափյանի «Մեռնող հառնող» վեպը հայ բանահավաքների գեղեցիկ ու հետաքրքիր աշխատանքի գեղարվեստականացումն է՝ գունեղ ու տպավորիչ մանրամասներով, բանահյուսական տեքստի և առասպելաբանական ոգու շլացուցիչ ներդաշնակումներով, որոնց շնորհիվ վեպը վերածվում է յուրօրինակ ասքի:",16.0,"Կատակերգություն, Պոեզիա"
268,Կարմիր աֆիշ,Մարինե Պետրոսյան,https://zangakbookstore.am/media/products/300x0/fba52d5a93f69bff78509fa61d0ef6e1.jpeg,https://zangakbookstore.am/karmish-afish,,16.0,Unknown
269,Հացի փորձություն,Վազգեն Սարգսյան,https://zangakbookstore.am/media/products/300x0/ee2be6bbf235a3f9882eb15e030ad73b.jpeg,https://zangakbookstore.am/hatsi-pordzutyun,Այս ժողովածուն Վազգեն Սարգսյանի պատմվածների ընտրանի է:,16.0,"Պոեզիա, Կենսագրություն"
270,Ատրճանակը կրակեց,Մարինե Պետրոսյան,https://zangakbookstore.am/media/products/300x0/b1631572e8525a3974a512ea0020d88b.jpeg,https://zangakbookstore.am/atrchanaky-krakets,,16.0,Unknown
271,Սալաթ կրակոցներով,Մարինե Պետրոսյան,https://zangakbookstore.am/media/products/300x0/94da080bf70e8499f68f27f9580a38a0.jpeg,https://zangakbookstore.am/salat-krakotsnerov,,16.0,Unknown
272,Հայաստանի ծովափին,Մարինե Պետրոսյան,https://zangakbookstore.am/media/products/300x0/782af805541964694919a923d6a70d92.jpeg,https://zangakbookstore.am/hayastani-tsovapin,,16.0,Unknown
273,Բերթրամ հյուրանոցում,Ագաթա Քրիստի,https://zangakbookstore.am/media/products/300x0/4e2a799b6d5c338407a5b0cc923bb9c7.png,https://zangakbookstore.am/bertram-hyuranotsum,"Ագաթա Քրիստիի ««Բերթրամ» հյուրանոցում» վեպն առաջին անգամ հրատարակվել է 1965 թ․ Մեծ Բրիտանիայում։ Լոնդոնի ամենահայտնի հյուրանոցներից մեկում իր հանգիստը վայելող միսս Մարփլի օգնությամբ բացահայտվում է կատարված սպանությունը և բացվում հանցագործությունների շղթան։ Վեպն էկրանավորվել է երկու անգամ․ 1987 թ․, որում միսս Մարփլի դերը կատարում էր Ջոուն Հիքսոնը, և 2007 թ․՝ Ջերալդին ՄքՅուանի գլխավոր դերակատարմամբ։",16.0,"Դետեկտիվ, Առեղծված"
274,Սուրբ Սանդուխտ,Աշխէն Առաքէլեան,https://zangakbookstore.am/media/products/300x0/6b82d76bcc07c4b7070712f4149edb6e.jpg,https://zangakbookstore.am/surb-sandukht,,16.0,Unknown
275,Գմբեթավոր հովանոցը,Մարգարիտ Դերանց,https://zangakbookstore.am/media/products/300x0/ee62ffca91abfd1795d15d3c401bb729.jpg,https://zangakbookstore.am/gmbetavor-hovanotsy,,16.0,Unknown
276,Դորիան Գրեյի դիմանկարը,Օսկար Ուայլդ,https://zangakbookstore.am/media/products/300x0/7e87835c5756c719c342434dca9064b4.jpg,https://zangakbookstore.am/dorian-greyi-dimankary-2,"«Դորիան Գրեյի դիմանկարը» բրիտանացի ականավոր դրամատուրգ, բանաստեղծև արձակագիր Օսկար Ուայլդի՝ եվրոպական գրականության մեջ մոդեռնիզմի և դեկադենտական արվեստի նշանավոր ներկայացուցիչներից մեկի հանրահայտ գործն է և նրա միակ հրատարակված վեպը:

Ժամանակին վեպը խիստ հակասական կրքեր է բորբոքել գրական շրջանակներում: Քննադատների մի մասը պահանջել է արգելել այն՝ անբարոյական համարելով, իսկ հեղինակին պատժել, մինչդեռ ընթերցասեր հասարակությունը գիրքը հիացմունքով է ընդունել:

Քննադատներին ի պատասխան և ի պաշտպանություն իր գործի՝ Ուայլդը վեպի հետագա հրատարակության մեջ ներառել է նախաբան, որը բովանդակությամբ և ոճով ասես արվեստագետի իրավունքների և «արվեստն արվեստի համար» սկզբունքի մանիֆեստ լինի:

«Դորիան Գրեյի դիմանկարն» աշխարհի ամենաընթերցվող գրքերից է և էկրանավորվել է ավելի քան 30 անգամ:",14.0,"Պոեզիա, Կենսագրություն"
277,Միհարկանի Ամերիկան,"Իլյա Իլֆ, Եվգենի Պետրով",https://zangakbookstore.am/media/products/300x0/fcc204c70fbe85ace9b6574b56b1637a.jpg,https://zangakbookstore.am/miharkani-amerikan,"«Մագաղաթ» հրատարակչությունում լույս է տեսել հռչակավոր «Տասներկու աթոռ» և «Ոսկե հորթը» երգիծավեպերի հեղինակներ Իլյա Իլֆի ու Եվգենի Պետրովի «ՄԻՀԱՐԿԱՆԻ ԱՄԵՐԻԿԱՆ» ճամփորդագրություն-վեպը։ 1935-1936 թվականներին Իլֆն ու Պետրովը մոտ 3 ամսով այցելում են ԱՄՆ՝ ճանապարհորդելով ողջ երկրով մեկ՝ Նյու Յորքից մինչև Լոս Անջելես, լինելով 25 նահանգներում, անցնելով մոտ 16.000 կիլոմետր: Ամերիկան զարմացնում է սովետական գրողներին, ըստ որում՝ թե՛ դրական, թե՛ բացասական առումով. անթերի ճանապարհներ, երկնաքերեր, «Ֆորդ», Նյու Յորք, միհարկանի տներ, «Կոկա-կոլա», էլեկտրական աթոռ, ջազ, հնդկացիներ, Հոլիվուդ, Մարկ Տվեն, անապատ, Հեմինգուեյ, ամերիկյան ֆուտբոլ, աֆրոամերիկացիներ, դեմոկրատիա... Մոտ 90 տարի է անցել Իլֆի ու Պետրովի ճամփորդությունից, բայց կարծես Ամերիկայի թերություններն ու առավելությունները նույնն են մնացել։",16.0,"Կենսագրություն, Ժամանակակից"
278,Ոստանի վեջին ճամփորդությունը,Վահագն Գրիգորյան,https://zangakbookstore.am/media/products/300x0/433e41db8ddd8fa87f8ed4bb2b7d9fb0.jpg,https://zangakbookstore.am/ostani-vejin-champordutyuny,"Մարդն ավարտում է իր կյանքի ուղին: Ողջ կյանքն օտար ափերում վատնած՝ ոտքով բռնում է հայրենիքի ճամփան: Ինչո՞վ կավարտվի այս ողբերգա- զավեշտական ճամփորդությունը, կհասնի՞ նա տուն, կիրականացնի՞ իր վերջին ցանկությունը: Այս մասին է «Ոստանի վերջին ճամփորդությունը» վիպակը:",16.0,"Դրամա, Արկածային"
279,Արևի ստվերը,Վահե Լոռենց,https://zangakbookstore.am/media/products/300x0/766a4f2cf0c108d2d2a722c81f1bae75.jpeg,https://zangakbookstore.am/arevi-stvery,,16.0,Unknown
280,Ռուսական անթոլոգիա,,https://zangakbookstore.am/media/products/300x0/94c445e7cd87628d6df59fbf6f21f501.jpeg,https://zangakbookstore.am/rusakan-antologia-1,,16.0,Unknown
281,Կինօպոեզիա,Վարդան Սմբատյան,https://zangakbookstore.am/media/products/300x0/3dcd17fdeb4738b432964d9c64d27d89.jpeg,https://zangakbookstore.am/kinopoezia,,18.0,Unknown
282,Որտե՞ղ էիր մարդ Աստծո,Զորայր Խալափյան,https://zangakbookstore.am/media/products/300x0/ada8ba14def5e6b714b6ba55d9d221cc.jpg,https://zangakbookstore.am/ortekh-eir-mard-asttso-1,"Զորայր Խալափյանի (1933-2008) «Որտե՞ղ էիր, մարդ աստծո…» վեպն առաջին անգամ լույս է տեսել 1966 թվականին: Դժվար ժամանակների փորձությունների մեջ իր մարդկային նկարագիրը երբեք չկորցնող գյուղական համեստ մի բժշկի պատմությունը ընդհանրացնում է պատմական մի ամբողջ ժամանակաշրջանի պատկեր:",16.0,"Կենսագրություն, Դրամա"
283,Հինգերորդ եղանակը,Սիլվա Մանուկյան,https://zangakbookstore.am/media/products/300x0/d863c1e05b7f7e1b42a2bd9cb15fdcaa.jpeg,https://zangakbookstore.am/hingerord-ekhanaky,,16.0,Unknown
284,Գևորգ Մարզպետունի,Մուրացան,https://zangakbookstore.am/media/products/300x0/10f58d9be39f66ef14be91fd44bd0b27.jpg,https://zangakbookstore.am/gevorg-marzpetuni-patmavep,"«Գևորգ Մարզպետունի» պատմավեպի նյութը Հայոց պատմության X դարակեսի իրադարձություններն են: Մի ժամանակաշրջան, երբ հերոսականն ու դրամատիկն էր իշխում ամենուր, մի ժամանակաշրջան, որ հատկանշվեց նաև անհատականությունների ընդգծված ներկայությամբ, մի ժամանակաշրջան, երբ թռիչքներն ու անկումները, հերոսականությունն ու անձնական թուլությունները չափազանց զուգորդված էին: «Գևորգ Մարզպետունի» պատմավեպի գեղարվեստական ուժն ու արժեքը հենց այս երևույթների, և, ընդհանրապես, դարաշրջանի պատմական ու հոգեբանական ճշմարիտ ընկալման մեջ է:

Նախքան գիրքը գրելը Մուրացանը քրտնաջան ուսումնասիրել է վեպում ներկայացված ժամանակաշրջանին վերաբերող հիմնական պատմական աղբյուրները։ Հեղինակի նպատակն էր վեպը հնարավորինս հիմնել իրական պատմական փաստերի վրա։ Միաժամանակ Մուրացանը ցանկանում էր ընթերցողին փոխանցել «իր մտքերը, բարոյականությունը, համոզմունքները և կարծիքը»։ Արդյունքում Մուրացանին հաջողվում է ստեղծագործությունը դարձնել հայրենասիրական և հերոսական պատմական վեպ, որն իր մեջ ռոմանտիզմի մասնիկներ է պարունակում։",14.0,"Պատմական գեղարվեստական գրականություն, Դրամա"
285,Սերն ապրում է երեք տարի,Ֆրեդերիկ Բեգբեդեր,https://zangakbookstore.am/media/products/300x0/67b4de2bd189d69b197aa1374c307322.jpg,https://zangakbookstore.am/sern-aprum-e-ereq-tari,"1997-ին ասպարեզ եկած այս հայտնի վեպի հերոսը՝ լրագրող Մարկ Մառոնյեն, այն տեսության հետևորդն է, ըստ որի՝ սիրո տևողությունն ընդամենը երեք տարի է, երբ սիրահարվածության զգացումը խթանող հորմոնները դադարում են գործել, և մարդու հուզական կախվածությունն ի չիք է դառնում: Մառոնյեի զգացմունքային ու սեքսուալ տվայտանքները ներկայացված են հեղինակին բնորոշ հումորի և ինքնահեգնանքի թանձր շեշտերով, ինչպես նաև էրուդիտ Բեգբեդերին հատուկ մշակութաբանական բազմազան հղումներով: Ստացվել է զուտ ֆրանսիական ոգով թեթևաշունչ ու նրբագեղ մի գործ, որը, սակայն, նաև մտորումների տեղիք է տալիս:",16.0,"Դրամա, Կատակերգություն"
286,Սարյակի պատուհանը,Հրաչ Բեգլարյան,https://zangakbookstore.am/media/products/300x0/10b8ddee5b0eaadff7b0a5556a7e9fcf.jpg,https://zangakbookstore.am/saryaki-patuhany,"«Արդի» մատենաշարի «Սարյակի պատուհանը» գրքում ընդգրկված է ժամանակակից հայ գրող Հրաչ Բեգլարյանի չորս վիպակ: Դրանք գրվել են տարբեր ժամանակներում՝ հեղինակի ստեղծագործական կյանքի տարբեր շրջափուլերում, արտահայտում են մարդու ներքին անհանգստությունները, մտահոգությունները, տառապանքը, ուրախություններն ու ձգտումները: Հերոսները դժվար են ապրում, արարում, պայքարում են կյանքի ու հայրենիքի համար:

Հաճախ հաղթում են աշխարհին, իսկ եթե պարտվում են, պարտվում են սեփական անձի դեմ մղած պայքարում:",16.0,"Կենսագրություն, Պոեզիա"
287,"Նովելներ. Սև շալը, Առաջին գիշերը, Մատուռը, Ծուխը",Լուիջի Պիրանդելլո,https://zangakbookstore.am/media/products/300x0/5100d51a3c4595121440cc81a5a5e42a.jpeg,https://zangakbookstore.am/novelner-sev-shaly-arajin-gishery-matury-tsukhy,,16.0,Unknown
288,Կատակերգություններ,Արիստոֆանես,https://zangakbookstore.am/media/products/300x0/86605772a1b90bf6369adf7139e4bc28.jpeg,https://zangakbookstore.am/katakergutyunner,,16.0,Unknown
289,Երկրորդ ակադեմիա,Այզեք Ազիմով,https://zangakbookstore.am/media/products/300x0/b8a4160bd65bbce85660efa5f9af0e48.jpg,https://zangakbookstore.am/erkrord-akademia,"«Երկրոդ Ակադեմիան» Ազիմովի հռչակավոր եռապատումի եզրափակիչ մասն է, որտեղ Գալակտիկայի բնակիչները Ջորու անկանխատեսելի հարձակումից հետո առավել քան երբևէ մոտենում է հոգեպատմիչ Հարի Սելդոնի գլխավոր գաղտնիքի բացահայտմանը: Համենայն դեպս շատերն այդպես են կարծում… Եվ այժմ հարցն այն է, թե ով առաջինը կգտնի առեղծվածային Երկրորդ Ակադեմիան՝ փրկելով Գալակտիկան կամ դառնալով դրա վերջնական կործանման պատճառը:",16.0,"Առեղծված, Դետեկտիվ"
290,Լքում,Աբդուլրազակ Գուրնա,https://zangakbookstore.am/media/products/300x0/7343b20b016606c736f7c22d47d3b678.jpg,https://zangakbookstore.am/lqum,"Նոբելյան մրցանակակիր Աբդուլրազակ Գուրնայի գրավիչ և կլանող վեպը խիստ բազմաշերտ է, իսկ շոշափվող թեմաները՝ բազմազան:
Վեպի հիմնական գիծը դատապարտված, արգելված սիրո մասին երեք տարբեր պատմություններ են, որոնք սկզբում թվում է, թե իրար հետ բացարձակ կապ չունեն, սակայն ի վերջո, տասնյակ տարիների ու հազարավոր մղոնների հեռավորությունից անսպասելիորեն միահյուսվում են, հաստատելով, որ յուրաքանչյուր անհատի կյանքը այլ կյանքերի մասնիկ է, և որ ամեն ինչ փոխկապակցված է:
Վեպի հերոսներն անընդհատ ստիպված են լքել՝ սիրելի կնոջը, ընտանիքը, նաև հայրենիքը: Նրանց կյանքի շրջադարձերն անմիջական կապ և կախվածություն ունեն իրենց ազգային ավանդույթներից ու մշակույթից, երկրում և աշխարհում տեղի ունեցող քաղաքական զարգացումներից: Քննարկվող կարևոր թեմաներից են գաղութացումը, փախստական ներգաղթյալի և բնիկի հարաբերություններն ու հոգեբանությունը, նորանկախ երկրի առջև ծառացած խնդիրները, արտագաղթը և այլն:",16.0,"Դրամա, Թրիլլեր"
291,Ես չեմ վախենում,Նիկկոլո Ամմանիտի,https://zangakbookstore.am/media/products/300x0/9d998b2530528cbfb653ec5fb417ff51.jpg,https://zangakbookstore.am/es-chem-vakhenum,"Վեպի գործողությունները տեղի են ունենում 1970–ականների վերջին Իտալիայի հարավային, աղքատ մի ավանում։ Գլխավոր հերոսը՝ 10–ամյա Միկելեն, ամառային շոգ օրերն անցկացնում է ընկերների հետ խաղալով ու մոտակայքում թափառելով։ Մի օր ընկերները հայտնաբերում են լքված տուն, որը մեծ գաղտնիք է թաքցնում։ Միկելեն, չնայած իր տարիքին, ստիպված է լինում կայացնել որոշումներ, որոնք բախտորոշ են թե՛ իր, թե՛ այլոց համար։",16.0,"Դրամա, Թրիլլեր"
292,Հիվանդանոց,Գուրգեն Խանջյան,https://zangakbookstore.am/media/products/300x0/07c04fee8d723384260e0a856da6fa90.jpeg,https://zangakbookstore.am/hivandanots-2,"«Հիվանդանոցը» հետխորհրդային շրջանի վեպերից առաջինն էր, որ ազդարարեց ազատացում՝ սոցռեալիզմի, կոմունիստական գաղափարախոսության, կեղծ բարոյախոսության տոտալ պարտադրանքներից:
«Հիվանդանոցն» առաջին անգամ լույս է տեսել 1994 թվականին, ապա վերահրատարակվել՝ 2011-ին և 2018-ին: Սա վեպի չորրորդ հրատարակությունն է:",16.0,"Պոեզիա, Պատմական գեղարվեստական գրականություն"
293,Ռեքվիեմ,Լևոն Արզումանյան,https://zangakbookstore.am/media/products/300x0/048d42d6619ce203c3b107576959c668.jpg,https://zangakbookstore.am/reqviem,"""Ռեքվիեմ""-ը գիրք է հետևանքի մասին։ Այն մասին, որ ցանկացած արարք մի օր ստանում է իր պատասխանը, երբեմն ժամանակից շուտ, երբեմն` ուշ, երբեմն էլ գուցե ավելի խիստ, և ոչ համարժեք։ Բայց ստանում է․․․Գլխավոր հերոսի կյանքում ամեն ինչ լավ է, ամեն ինչ ստացվում է, չհաշված ընտանեկան խնդիրները։ Բայց մի օր նա իմանում է մի բան, որը ճակատագրական հետևանքներ կարող է թողնել։ Կկարողանա՞ դուրս գալ այդ իրավիճակից, թե՞․․․",16.0,"Դրամա, Թրիլլեր"
294,Սամարղանդ տանող էշելոնը,Գուզել Յախինա,https://zangakbookstore.am/media/products/300x0/9a975226aed99645016c9788d257ecc3.jpg,https://zangakbookstore.am/samarkhand-tanokh-eshelony,"1923-ին էշելոնի պետ Դեևը և կոմիսար Բելայան Կազանից Սամարղանդ են տարհանում 500 թափառաշրջիկ, քաղցած երեխաների։ Հոգնատանջ ճանապարհ, սարսափելի արկածներ, ընդարձակ աշխարհագրություն՝ Վոլգայի շրջանի անտառներից և ղազախական տափաստաններից մինչև Կզլկումի անապատներ և Թուրքեստանի լեռներ, բարդ ճակատագրեր և ռեալիստիկ կերպարներ՝ փախստական գյուղացիներ, չեկիստներ, կազակներ, փոքրիկ թափառականների էքսցենտրիկ աշխարհ՝ իրենց լեզվով, հոգեբանությամբ, սնահավատությամբ և մեծ հույսերով։",16.0,"Թրիլլեր, Արկածային"
295,Խաչագող,Պարույր Հակոբյան,https://zangakbookstore.am/media/products/300x0/5dec50a721c7bd587e9d32098ea2098c.jpeg,https://zangakbookstore.am/khachagokh,,16.0,Unknown
296,Արքայություն,Գայանե Անանյան,https://zangakbookstore.am/media/products/300x0/31fdafa21378d1ed4231fa3918175db3.jpeg,https://zangakbookstore.am/arqayutyun,"2041 թվական: Հայաստանը Թուրանի միության դեմ պատերազմի մեջ է: Սպառնում է նոր համաշխարհային պատերազմ: Այն կասեցնելու համար մի քանի հայրենասեր հայ պետական այրեր որոշում են փակել Սյունիք նահանգի ճանապարհները, որին դեմ է Երևանի կառավարությունը: Տարիների ընթացքում խորացած պառակտման և գերտերությունների՝ ազդեցության գոտիների համար պայքարի քաղաքականության արդյունքում Հայաստանը բաժանվում է 2 պետության: Սա պատմություն է անկախության սերնդի՝ անկախության համար պայքարի մասին:",16.0,"Պատմական գեղարվեստական գրականություն, Կենսագրություն"
297,Ձյան հոտը,Ահմեդ Ումիթ,https://zangakbookstore.am/media/products/300x0/a74ffbca73a40bdb0c994c125ecd87d6.jpg,https://zangakbookstore.am/dzyan-hoty,"Ահմեդ Ումիթի առաջին վեպերից մեկը՝ «Ձյան հոտը», դետեկտիվ ժանրում գրված նրա լավագույն վեպերից մեկն է։ Սովետական Միությունում ծավալվող դեպքերը առնչվում են ընկերության, դավաճանության և գաղափարախոսական խնդիրներին: Լարված սյուժեն ընթերցողին հետաքրքիր է և պահում է սպասման ու փնտրտուքների մեջ:",16.0,"Առեղծված, Դրամա"
298,Արյունաքար,Իռնա Վան Զիլ,https://zangakbookstore.am/media/products/300x0/40266f0c1e39d95ea2b0d361339a090c.jpg,https://zangakbookstore.am/aryunaqar,"Իռնա վան Զիլի «Արյունաքար» դետեկտիվ վեպում գործողությունները զարգանում են աննախադեպ արագությամբ ու ծավալվում սկզբում Լոնդոնում, հետո Հերմանուսում, այնուհետև տեղափոխվում Քեյփթաուն, իսկ հետո նաև՝ Անտվերպեն, և այդպես անընդհատ:

Խուզարկու սերժանտ Սթորմ վան Մերվեի մայրը պատահմամբ չէր ընկել գնացքի տակ…Այս դեպքին նախորդող ու հաջորդող սպանության բոլոր փորձերի ու սպանությունների պատճառն ու նպատակը կարմիր ադամանդի փնտրտուքն է, ադամանդների մաքսանենգությունը, իսկ դրանց հետևում՝ կոռուպցիայի մեջ թաթախված գործարար ու աշխարհը «վերափոխել» փորձող կեղծ մարգարեն:",16.0,"Առեղծված, Դետեկտիվ"
299,Ափից ներս,Շուշանիկ Ասատրյան,https://zangakbookstore.am/media/products/300x0/13d54ac07075d6798124e3511b118c31.jpeg,https://zangakbookstore.am/apits-ners,,16.0,Unknown
300,Մղձավանջներ,Հրաչ Բեգլարյան,https://zangakbookstore.am/media/products/300x0/1f393ba8f9399711ff82bf8fb58b702a.jpeg,https://zangakbookstore.am/mkhdzavanjner,"«Մղձավանջներ» վեպը Արցախյան առաջին պատերազմի և նրանից հետո առաջացած հասարակական-քաղաքական հարաբերությունների մասին է: Վեպի հերոսները սովորա կան հայ մարդիկ են՝ տարբեր մասնագիտությունների տեր, որոնց պատերազմը հայրենիքի զինվոր է դարձրել: Կռվում են՝ չկորցնելով իրենց մարդկային նկարագիրը, կռվում են՝ հա- վատալով, որ պատերազմից հետո ամեն ինչ լավ է լինելու: Բայց ավարտվում է պատերազմը, և երեկ նույն խրամատի մեջ իրար հետ հաց կիսող և միմյանցից մահ փախցնող ընկերները հայտնվում են տարբեր խրամատներում: Ինչքը, այն ձեռք բերելու դաժան մրցավազքը մոռանալ են տալիս ամեն բան: Եվ պատահական չէ, որ հերոսները կյանքի դաժան իրականությունից փախչելու համար հաճախ ապավինում են նույնիսկ մղձավանջներին:",16.0,"Դրամա, Թրիլլեր"
301,փսևդո ՍՏԻԽՆԵՐ,Մհեր Արշակյան,https://zangakbookstore.am/media/products/300x0/95306c4c462603697501bb7f292662e5.jpeg,https://zangakbookstore.am/psevdo-stikhner,"Այս գրքի բանաստեղծությունների մի մասը կարելի է դիտարկել իբրև ոճի «պարոդիա», մյուս մասը՝ որպես բովանդակության «պարոդիա»: Որոշ գործեր կարող են «հավակնել» նախկին բանաստեղծության կարգավիճակին: Բայց դրանք բոլորը վերջին անգամ են բանաստեղծություն:",16.0,"Պոեզիա, Կատակերգություն"
302,Լորդ Էջուերը մահանում է,Ագաթա Քրիստի,https://zangakbookstore.am/media/products/300x0/59cf0011c9e287ed4d6d0d55cfa8b2ef.jpg,https://zangakbookstore.am/lord-ejuery-mahanum-e,Արտասովոր ու հակասական խառնվածքի տեր մեծահարուստ լորդ Էջուերի անշնչացած մարմինը գտնում են գրադարանում: Ո՞վ կարող էր ցանկանալ մեծահարուստի վաղաժամ մահը: Ո՞ւմ է ամենից շատ ձեռնտու նրա հանկարծակի վախճանը: Աշխարհահռչակ բելգիացի հետախույզ Էրքյուլ Պուարոյին նոր մարտահրավեր է նետված: Արդյոք բոլոր կասկածյալները ճշմարտությո՞ւնն են ասում: Իսկ գուցե ոմանք ինչ-որ դե՞ր են խաղում: Ինչպե՞ս տարբերել իրական դերասանին կեղծից: Վիճակը գցված է: Բոլոր դերասանները բեմում են: Վարագույրը բարձրանում է:,14.0,"Դետեկտիվ, Դրամա"
303,Բրիտանական պատմություններ,Ջերոմ Ջերոմ,https://zangakbookstore.am/media/products/300x0/cefde0dcce7721fe7c7501bb10df8706.jpeg,https://zangakbookstore.am/britanakan-patmutyunner,Ընթերցողի ուշադրությանն է ներկայացվում բրիտանական երգիծական գրականության ամենահայտնի դեմքերից մեկի՝ Ջերոմ Ջերոմի պատմվածքների ժողովածուն։ Գրքում ընգրկված 31 նովելները հայերեն լույս են տեսնում առաջին անգամ։,16.0,"Պոեզիա, Կենսագրություն"
304,Հարրի Փոթերը և փիլիսոփայական քարը (փափուկ կազմ),Ջոան Ռոուլինգ,https://zangakbookstore.am/media/products/300x0/9948ee2f5a063751482806853690f184.jpg,https://zangakbookstore.am/harri-potery-ev-pilisopayakan-qary-papuk-kazm,"Ծնողներին կորցնելուց հետո Հարրի Փոթերն ապրում է մորաքրոջ ընտանիքի հետ, որտեղ տղային հալածում են, նվաստացնում և գրեթե կիսաքաղց պահում: Սակայն երբ լրանում է Հարրիի տասնմեկ տարին, նրան հրավիրում են Հոգվորթս` աներևակայելի մի դպրոց, որտեղ կարող են սովորել միայն բացառիկ` կախարդական ունակություններով օժտված պատանիներն ու աղջիկները: Այստեղ Հարրի Փոթերին սպասում է բոլորովին նոր` անհավանական արկածներով ու փորձություններով հարուստ կյանք:",8.0,"Ֆանտաստիկա, Երիտասարդական"
305,Արծիվը իր բոյնին մէջ,Ավետիս Թէրզիպաշեան,https://zangakbookstore.am/media/products/300x0/0b6a23f21ba4512641ab1573561eb430.jpg,https://zangakbookstore.am/artsivy-ir-boynin-mej,"Գրքում ներկայացված են Մկրտիչ Խրիմյանի (Խրիմյան Հայրիկ) հագեցած կենսագրության 6 տարիները(1879-1885), երբ նա Վասպուրականի հոգևոր առաջնորդ էր: Փաստագրական հարուստ նյութի՝ ժամանակակիցների վկայությունների և սեփական հիշողությունների հիման վրա Թերզիպաշյանը որպես իրավապատում վեպ վերարտադրում է Վան-Վասպուրականի պատմության մի կարևորագույն հատվածը՝ անվանի գործիչներով ու հիշարժան իրադարձություններով:",16.0,"Պատմական գեղարվեստական գրականություն, Կենսագրություն"
306,987,Մարկ Արեն,https://zangakbookstore.am/media/products/300x0/bb5bccf6be3b0db090f39a93e1fb352d.jpg,https://zangakbookstore.am/987,"Գիրքը Մարկ Արենի (Կարեն Մարգարյան) հայերեն թարգմանված յոթերորդ գիրքն է։ Նրանում հեղինակը պատկերում է Վլադիմիր Իշխանի օրոք Կիևյան Ռուսիայում քրիստոնեության ընդունումը։ Իշխանը, ամուսնանալով բյուզանդական հայազգի կայսրեր Բարսեղ 2-րդ և Կոնստանտին 8-րդի քրոջ՝ Աննայի հետ, քրիստոնեություն է ընդունում։ Վեպի համար հիմք են ծառայել իրական պատմական իրադարձությունները։ Գրքի սյուժեն շատ հետաքրքիր է իր դրամատիկ զարգացումներով և կարդացվում է մեկ շնչով։",16.0,"Պատմական գեղարվեստական գրականություն, Կենսագրություն"
307,365 արար,Նարինե Ավագյան,https://zangakbookstore.am/media/products/300x0/102029ccadf9140b440249bcf4d83783(1).jpeg,https://zangakbookstore.am/365-arar,,14.0,Unknown
308,Քավություն,Իեն Մըքյուեն,https://zangakbookstore.am/media/products/300x0/2bfe2243b41e29993bc63a064341c0ff.jpg,https://zangakbookstore.am/qavutyun,"Իան Ռասսել Մըքյուենի «Քավությունը» վեպում ամառային մի շոգ օր տասներեքամյա Բրայոնի Թոլիսը ականատես է լինում մի տարօրինակ դրվագի: Աղջկա անփորձությունը, չափազանց վառ երևակայությունը և հանգամանքների դժբախտ համակցությունը անդառնալիորեն փոխելու են այդ օրը Թոլիսների տանը հավաքվածների կյանքը: Երկրորդ համաշխարհային պատերազմի մղձավանջի միջով անցնելիս էլ մեղքի, անարդարության զգացումներով  հերոսները վերադառնալու են ամառային այն շոգ օրվա դեպքերին ու փորձելու են յուրովի մեկնաբանել դրանք: Մըքյուենի «Քավությունը» նաև վեպ է վեպի մասին, ուրում հեղինակը վիրտուոզ խաղում է պատումի հետ, իսկ հերոսների պատմությանը զուգահեռ ծավալվում է նաև հենց վեպի պատմությունը: Հեղինակը հետաքննում է մեզ շրջապատող իրականության փխրունությունը, կյանքի և արվեստի կապը ու ասես անընդհատ հարցնում ընթերցողին, թե արդյոք իրականությունն ավելի կարևոր է, քան ստեղծագործությունը  

«Քավություն» վեպը առաջադրվել է Բուքերյան մրցանակի 2001 թվականին: Entertainment Weekly-ն վեպն ընդգրկել է 1983-2008 թթ. գրված 100 լավագույն գրքերի ցանկում: The Observer-ը այն համարել է երբևէ գրված 100 մեծագույն վեպերից մեկը: The Telegraph-ն այն ներառել է «բոլոր ժամանակների 100 լավագույն վեպերի» ցանկում։",16.0,"Կենսագրություն, Դրամա"
309,Օսկարը և վարդագույն տիկինը,Էրիկ Էմանուել Շմիտ,https://zangakbookstore.am/media/products/300x0/d3948688db0605822ba8cbc6180cf37b.jpeg,https://zangakbookstore.am/oskary-ev-vardaguyn-tikiny,"Օսկար անունով 10-ամյա տղան քաղցկեղ ունի: Նա պատմում է հիվանդանոցում իր կյանքի մասին: Այստեղ երեխաներին խնամում են բուժքույրերը՝ Վարդագույն տիկինները: Օսկարի համար Վարդագույն տիկինը (Տատիկ Ռոուզը) դարձավ երկրորդ մայրը։ Երբ Օսկարը իմանում է, որ իրեն մնացել է ապրելու 12 օր, Ռոուզ տատիկը նրան առաջարկում է հետևյալ խաղը՝ ամեն օրը հաշվվում է որպես 10 տարի։ Օսկարը Աստծուն ուղղված նամակում նկարագրում է իր ապրած յուրաքանչյուր օրը՝ խոսելով իր ենթադրյալ կյանքի տարբեր ժամանակաշրջանների մասին։",14.0,"Դրամա, Դետեկտիվ"
310,Դառը ծով,Վահան Իշխանյան,https://zangakbookstore.am/media/products/300x0/8bdb2da8afd0e91c7acaf41626c7b349.jpg,https://zangakbookstore.am/dary-tsovy,"Այս գիրքը մեկ այլ գրքի շնորհանդեսի սրճարանից ճամփորդության է տանում ժամանակի ու տարածության միջով, հանդիպեցնում հարյուրավոր կերպարների՝ պատերազմող Չեչնիայից մինչեւ խորհրդային հերթերով ապրող Մոսկվա ու Հնդկաստանի ձրի Գոկառնա, Կաունասի թանգարանի սատանաներից մինչեւ միասեռական հարսանիք Երեւանում, Մոնրեալի՝ սփյուռքահայերի սիրած սուպերմարկետ «Կոսկո»-ից մինչև Երեւանի «ՍԱՍ» սուպերմարկետ, ԿԳԲ-ական հարցաքննություններից մինչև անկախ Հայաստանի ԱԱԾ խուզարկումներ, Հայոց ցեղասպանությունից մինչեւ դուբլինյան իրավապաշտպան կոնֆերանս, խորհրդային պիոներական ճամբարներից մինչեւ գերմանական համակենտրոնացման ճամբարներ, մազերին մկրատ չդիպած իրինդցի տատիկից մինչեւ հինդուիստական ծեսով պսակվող, առաջին արցախյանի մասնակից ռեժիսոր, սփյուռքահայ ուսանողների հանրակացարանից մինչեւ Բաքվից փախստականների հանրակացարան... Ի՞նչ կախարդական գորգով է հնարավոր նման աշխարհագրություն։",16.0,"Պատմական գեղարվեստական գրականություն, Կենսագրություն"
311,Աշխարհի պատմությունը 10½  գլուխներով,Ջուլիան Բարնս,https://zangakbookstore.am/media/products/300x0/4359a2cda47c1409f3886a4c92b3740a.jpeg,https://zangakbookstore.am/ashkharhi-patmutyuny-10½-glukhnerov,"Ջուլիան Բարնսի՝ 1986 թվականին լույս տեսած «Աշխարհի պատմությունը 10 ½ գլուխներով» վեպը համարվում է բրիտանական պոստմոդեռնիզմի առաջին նշանակալի գործը, թեպետ, տարօրինակ ու յուրահատուկ այս ստեղծագործությունը դժվար միանշանակ վեպ համարել: Այն, ըստ էության, պատմվածքների շարք է, որոնք հայեցակարգորեն ներդաշնակված են այսպես կոչված՝ «ծովային» կամ «ջրհեղեղային» թեմաներով: Տարբեր դարաշրջաններում կատարվող իրադարձությունները երևան են բերում նաև ոճական ու գեղարվեստական տարբեր մոտեցումներ՝ հանրահայտ սոյւժեների հեգնական խաղարկումներ, միջնադարյան տեքստերի նուրբ ոճավորումներ, ուղեգրության և դետեկտիվի ժանրային անսպասելի լուծումներով իրացումներ, ուտոպիային և անտիուտոպիային բնորոշ խելապտույտ անցումներ… Վեպ, որտեղ երևակայությունն իսկապես սահմաններ չունի, վեպ, որտեղ բացահայտվում են ժանրի՝ միանգամայն նոր հնարավորությունները:",16.0,"Դրամա, Կատակերգություն"
312,Ալ տառը,Նաթանիել Հոթորն,https://zangakbookstore.am/media/products/300x0/91636b9f278c1721e63feebf0ba79025.jpg,https://zangakbookstore.am/al-tary-1,"«Ալ տառը», որը գրվել է 1850 թվականին, Նաթանիել Հոթորնի ամենահայտնի ստեղծագործությունն է: Վեպի իրադարձությունները տեղի են ունենում 17-րդ դարում Բոսթոնում և ներկայացնում են Հեսթեր Փրինի պատմությունը, որը դատապարտված է «Ա» տառը կրելուն՝ որպես հանրային պարսավանքի նշան: Այն պատմական սիրավեպ է և պուրիտանական կոշտ բարոյականության ուսումնասիրություն, որը գերիշխում էր Ամերիկայի վաղ գաղութային շրջանում:",16.0,"Պատմական գեղարվեստական գրականություն, Դրամա"
313,Լուսնաքարը,Ուիլքի Քոլինզ,https://zangakbookstore.am/media/products/300x0/9c1204d0df87680c6bd93ed0247a19a2.jpg,https://zangakbookstore.am/lusnaqary,"Ուիլքի Քոլինզը վիկտորիանական դարաշրջանի լավագույն գրողներից է։ Նրա «Լուսնաքարը» վեպը համարվում է դետեկտիվ ժանրի առաջին մեծածավալ ու հաջողված գործը, որը սահմանել է այդ ժանրի հիմնական սկզբունքները։ Վեպի կիզակետում հայտնված Լուսնաքարը դառնում է հերոսների ինքնաբացահայտման ու հետախուզական հմտությունների զարգացման միջոց։

Սեր, խաբեություն,գողություն, հիասթափություն, մեղսավոր լռություն և, ի վերջո, երկար սպասված ու փոքր-ինչ ֆանտաստիկ թվացող իրականության բացահայտում։ Ահա սյուժեի հախուռնու համակողմանի նկարագիրը։ Կամա թե ակամա Լուսնաքարի հետ առնչություն ունեցող անձինք իրենց տեսածն ու լսածը, որպես վկայություն, շարադրում են պատմության տեսքով և այդ տարբեր տեսակետների համադրությունն է, որ ընթերցողի առաջ բացելու է դետեկտիվ ժանրի դռները։",12.0,"Առեղծված, Դրամա"
314,«Ծիածանը» և ․․․,Եղիշե Չարենց,https://zangakbookstore.am/media/products/300x0/85b47fcb8e7fca14b7fdb2d2f522714c.jpg,https://zangakbookstore.am/tsiatsany-ev,,16.0,Unknown
315,Ամոնտիլյադոյի տակառը,Էդգար Ալան Պո,https://zangakbookstore.am/media/products/300x0/52bafd0a764cd2a5d1783856c6f39895.jpg,https://zangakbookstore.am/amontilyadoyi-takary,"Ժողովածուն ներառում է Էդգար Ալան Պոյի 9 պատմվածք, որոնք հատկանշվում են դետեկտիվ տարրերով և նրան բնորոշ յուրահատուկ խորհրդավորությամբ։",16.0,"Դրամա, Կատակերգություն"
316,Թունավոր գրիչով ձեռքը,Ագաթա Քրիստի,https://zangakbookstore.am/media/products/300x0/526ef36b0cfdc25dcd8567d071ca3aa5.jpg,https://zangakbookstore.am/tunavor-grichov-dzerqy,"«Լավ օդ, հանգիստ կյանք, ոչ մի գործ. Սա՛ է Ձեր դեղատոմսը». բժշկի այս խորհրդին հետևելով՝ վնասվածքից կազդուրվող օդաչու Ջերի Բարթոնն ու նրա քույր Ջոաննան որոշում են տեղափոխվել Լիմսթոք: Դա աշխարհից կտրված մի խաղաղ գյուղաքաղաք էր, որտեղ երբեք ոչինչ չէր կատարվում, ու որտեղ նրանք ոչ մի ծանոթ չունեին: Հանդարտ և խաղաղ առօրյայով ապրելու փոխարեն նրանք հայտնվում են իրադարձությունների կիզակետում՝ անանուն, չարամիտ նամակներ, ինքնասպանություն, սպանություն…

Անվնաս ու բարի թվացող գյուղաբնակներից յուրաքանչյուրը պոտենցիալ հանցագործ է: Միայն միսս Մարփլի խորաթափանց ու մարդկային բնույթը լավ ճանաչող միտքը կկարողանա պարզել իրականությունը:",14.0,"Դետեկտիվ, Առեղծված"
317,Նա առանց նրա,Մանե Հարությունյան,https://zangakbookstore.am/media/products/300x0/f387ebe447e53de7148f9c9e47d0765e.jpeg,https://zangakbookstore.am/na-arants-nra,,16.0,Unknown
318,Երբ դառնամ ԴԵՂՁԵՆԻ,Մարգարիտա Վարդանյան,https://zangakbookstore.am/media/products/300x0/8c6692a9639aba16d77076782db0063b.jpeg,https://zangakbookstore.am/erb-darnam-dekhdzeni,"«Երբ դառնամ դեղձենի» ժողովածուն ասես կյանքի, հոգու, անհատի և հասարակության, քաղաքական երևույթների կուռ վավերացում լինի, սակայն՝ սթափ, առանց լացուկոծի, հրամայականների և աղերսների: Բանաստեղծություններն ընդգրկուն ասելիքով տարածքներ են, որտեղ վրձնահարվածները մանրամասնություններ են:",16.0,"Կենսագրություն, Դրամա"
319,Հեռացողների եւ մնացողների պատմությունը,Էլենա Ֆերանտե,https://zangakbookstore.am/media/products/300x0/c46de67ca09a720dbe4db4f237ffa161.jpg,https://zangakbookstore.am/heratsokhneri-eւ-mnatsokhneri-patmutyuny-girq-3,"Էլենա Ֆերանտեի «Իմ հանճարեղ ընկերուհին» ընթերցողներին ներկայացրեց անմոռանալի Էլենային եւ Լիլային, որոնց սրտառուչ ընկերությունը հեղինակի նեապոլիտանական վեպերի առանցքում է: «Հեռացողների և մնացողների պատմությունը» այս շարքի երրորդ գիրքն է:

Գրքում երկու ընկերուհիների կյանքն է հասուն տարիքում: Նրանց արդեն միավորում են տարիների ընկերությունն ու անցյալը: Այս հատորը մասնագիտական աճի, փողոցային ակցիաների ու հեղափոխական իրադարձությունների մասին է: Էլենան ավարտում է էլիտար քոլեջ, ամուսնանում, երեխաներ ունենում: Հետո բաժանվում է հանուն առաջին սիրո, գիրք է գրում:

Լիլան աշխատում է երշիկի գործարանում. ձանձրալի, տանջալից աշխատանքին զուգահեռ ստիպված է հանդուրժել վատ վերաբերմունք, ծեծ ու նույնիսկ սեռական բռնություն: Այնուամենայնիվ, կարողանում է դուրս գալ այս վիճակից: Նա եւ Էնցոն, որի հետ ապրում է առանց ինտիմ ու զգացմունքային հարաբերությունների, հիմնում են համակարգչային ընկերություն:",16.0,"Դրամա, Երիտասարդական"
320,Ոսկե տաճարը,Յուկիո Միշիմա,https://zangakbookstore.am/media/products/300x0/6e4f70b397a0d66958fcff4119f12c9f.jpeg,https://zangakbookstore.am/oske-tachary,"«Ոսկե տաճարը» (1956) ճապոնացի ականավոր գրող Յուկիո Միշիմայի ամենանշանակալից երկերից է, ճապոնական գրականության գլուխգործոցներից մեկը և ըստ արժանվույն ամենահայտնի ճապոնական վեպի համբավն ունի աշխարհում։ Գրքի հենքն իրական պատմություն է. 1950-ի հուլիսի 2-ին հանրությանը ցնցում է Կիոտոյի նշանավոր Ոսկե տաճարի հրկիզման լուրը։ Հրկիզողը տաճարի գեղեցկությամբ տարված Միձոգուչին է՝ ի ծնե կակազ, մերժված մի պատանի տաճարական, որի զգացմունքներն առձեռակերտ արժեքը հիացական են, մոլեգին, տանջալի։ Հակասական ապրումներով ու մտորումներով համակված՝ նա որոշում է կործանել իր և կյանքի միջև կանգնած գեղեցկագույն կառույցը։ Եվ այս ամենը առատորեն շաղախված է Ճապոնիայի պատմության, ճարտարապետության, կրոնի, արվեստի և բազմահարուստ մշակույթի այլ տարրերի նկարագրությամբ։",16.0,"Դրամա, Կենսագրություն"
321,Մերկ թագավորը և այլ պիեսներ,Եվգենի Շվարց,https://zangakbookstore.am/media/products/300x0/5087df29b86c385351ef38f0d88f4762.jpeg,https://zangakbookstore.am/merk-tagavory-ev-ayl-piesner,"Եվգենի Շվարցի հռչակավոր գործերի այս ժողովածուն ընդգրկում է չորս հեքիաթ՝ «Մերկ թագավորը» (1934), «Ստվերը» (1940,բեմադրությունն առաջնախաղից հետո արգելվել է), «Վիշապը» (1944, առաջնախաղից հետո պիեսի վրա դրված արգելքը հանվել է միայն 1962-ին), «Սովորական հրաշք» (1954):

Բոլոր պիեսներն էլ, որոնք առաջին անգամ են հրատարակվում հայերեն, այլաբանական հանդերձանքով ներկայացնում են մշտապես արդիական թեմաներ՝ բնավ չհնանալով:",16.0,"Պոեզիա, Դրամա"
322,Ոչ մի շաբաթ առանց Տերյանի,Վահան Տերյան,https://zangakbookstore.am/media/products/300x0/b3b1b83aeb0284658bc4a17fd0831d0f.jpg,https://zangakbookstore.am/och-mi-shabat-arants-teryani,"«Զանգակ» հրատարակչությունը, շարունակելով իր «Ոչ մի շաբաթ առանց գրականության» նախագիծը, ընթերցողի սեղանին է դնում շարքի արդեն յոթերորդ գիրքը՝ «Ոչ մի շաբաթ առանց Վահան Տերյանի» ընտրանին։ Այս անգամ ևս բանաստեղծի կյանքն ու ստեղծագործությունը ներկայացվում են տարվա շաբաթներին համապատասխան 52 անդրադարձ–դրվագներով։ 

     Նուրբ, քնարական տրամադրություններ, որոնցով հայտնի ու սիրված է բանաստեղծը, նաև հեղափոխական ու քաղաքական թեմաներ, աշնանային թախծոտ պատկերներ, գարնան ու վերածննդի մոտիվներ, անձնական ապրումների բազմերանգ ներկապնակ, ազգային ճանապարհի ու ճակատագրի խորախորհուրդ անդրադարձներ... Ընթերցե՛ք, վայելե՛ք եւ բացահայտե՛ք բանաստեղծի պոեզիան եւ նրա կյանքի անհայտ դրվագները:",12.0,"Կենսագրություն, Պոեզիա"
323,Բուկետ,Աննա Դավթյան,https://zangakbookstore.am/media/products/300x0/3f3547b27fb8a1c60f9fccc35107dede.jpeg,https://zangakbookstore.am/buket,,14.0,Unknown
324,Անդրանիկի վերջին ձին,Սուսաննա Հարությունյան,https://zangakbookstore.am/media/products/300x0/56ba8ea5bca984cf3aeb8f5f025676f5.jpg,https://zangakbookstore.am/andraniki-verjin-dzin,"Վեպի գլխավոր, բայց չերևացող հերոսն Անդրանիկ զորավարի վերջին նժույգն է, որ վեպում է ու հերոսների հիշողության մեջ և ուղեկցում է նրանց պատմության ամբողջ ընթացքում: Վեպի գործողությունները ձգվում են գրեթե մեկ դար՝ 1918-ից մինչև 2020 թվական։ Առաջին մասի դեպքերը տեղի են ունենում Սևանի ավազանում։ Ներկայացվում է հայոց պատմության ամենադրամատիկ էջերից մեկը՝ Զոդում Սիլիկյան եղբայրների սպանությունն ու, որպես վրեժ, Զոդ օպերացիան: Երկրորդ մասում վեպի վերջին հերոսի՝ Մովսեսի հուշերն են: Էպոպեա, որի առանցքում պապերից որդիներին ու թոռներին անցած արժեքներն ու խնդիրներն են:",16.0,"Դրամա, Պատմական գեղարվեստական գրականություն"
325,Իմ Չարենցը,Եղիշե Չարենց,https://zangakbookstore.am/media/products/300x0/56277c46000294c7252fa92e411f9ce7.jpeg,https://zangakbookstore.am/im-charentsy,,12.0,Unknown
326,Լոռեցի Սաքոն․ Արձակ և պոեզիա,Հովհաննես Թումանյան,https://zangakbookstore.am/media/products/300x0/2163db3470aad48b9ec7ae2074ccdbae.jpeg,https://zangakbookstore.am/loretsi-saqon-ardzak-ev-poezia,,12.0,Unknown
327,Ակեղդամա․ հատոր 2,Վաչե Սարգսյան,https://zangakbookstore.am/media/products/300x0/0ac75a850864c83b416832acb7737053.jpeg,https://zangakbookstore.am/akekhdama-hator-2,,16.0,Unknown
328,Ավերակներուն մէջ,Զապէլ Եսայեան,https://zangakbookstore.am/media/products/300x0/41f71bd07b000c19584fb5bf324babbc.jpg,https://zangakbookstore.am/averaknerun-mej,Աւերակն,,"Պատմական գեղարվեստական գրականություն, Կենսագրություն"
329,Խառնաշփոթ գույներ,Ռ․ Միրզոյան,https://zangakbookstore.am/media/products/300x0/375df7f30e5e4ed48453370fe3f87030.jpeg,https://zangakbookstore.am/kharnashpot-guyner,,16.0,Unknown
330,Բնության տաճարում,Թովմա քահանա Անդրեասյան (Վահան),https://zangakbookstore.am/media/products/300x0/7921ac75c559ce0aabd0ec9300fa3672.jpeg,https://zangakbookstore.am/bnutyan-tacharum,,16.0,Unknown
331,Մանյունյան. Տայի հոբելյանն ու այլ տագնապներ,Նարինե Աբգարյան,https://zangakbookstore.am/media/products/300x0/648a62d397ebbd14215efa403d2d2a75.jpg,https://zangakbookstore.am/manyunyan-tayi-hobelyann-u-ayl-tagnapner,"Ահա նոր եւ, հեղինակի խոսքով, հաստատ վերջին գիրքը՝ Մանյունյայի, Նառայի և փոքրիկ Բերդի մյուս հրաշալի բնակիչների արկածների մասին։ Շտապե՛ք տեսնել։ Եվ կարդալ։ Մանյունյայի ու նրա ընկերուհի Նառայի կյանքում ամպի չափ հոգս կա. պիտի հասցնեն չարաճճիություններ անել ու բոլորի կյանքն ուտել։ Առանց դրա ի՞նչ մանկություն։ Միայն թե Մանյունյան իսկական փոթորիկ է։ Ինչ սկսեն ընկերուհիները, կվերածի հերթական ցունամիի։ Անընդհատ շիլաշփոթի մեջ հայտնվող հարազատների ու Տայի անսովոր կոլորիտն էլ չի թողնի ձանձրույթից հորանջել։",14.0,"Արկածային, Ֆանտաստիկա"
332,Պարզապես միասին,Աննա Գավալդա,https://zangakbookstore.am/media/products/300x0/c17b7d71a824e3be7b53f4ec33274894.jpg,https://zangakbookstore.am/parzapes-miasin,"Վեպի գործողությունները տեղի են ունենում Փարիզում։ Հերոսները միայնակ, կյանքում իրենց տեղը չգտած երիտասարդներ են։ Ճակատագիրը նրանց միավորում է նույն հարկի տակ։ Այս գիրքը բախումների, դժվարությունների, ինչպես նաև քնքշության, ընկերության, ջերմության մասին է, այն մասին, թե որքան կարևոր են երջանկության և հաջողության ուղին գտնելու համար հոգեկից մարդիկ։",16.0,"Երիտասարդական, Դրամա"
333,Հիշարժան զբոսանք,Նիկոլաս Սփարքս,https://zangakbookstore.am/media/products/300x0/71d8ebcf98524326a7fcbf865778f37a.jpg,https://zangakbookstore.am/hisharzhan-zbosanq,"Ամերիկացի գրող Նիկոլաս Սփարքսի «Հիշարժան զբոսանք» վեպը՝ հիմնված իրական դեպքերի վրա, հրատարակվել է 1999-ի հոկտեմբերին: Ոգեղեն սիրո գեղեցկության և անմեղության, հավատի զորության և ներումի մասին է այս սրտառուչ պատմությունը: Զգացմունքներ, որոնք իրար են կապում մեծահարուստ ընտանիքի զավակ Լենդըն Քարթերին և քահանայի համեստ դստերը՝ Ջեյմի Սալիվանին: Գործողությունները տեղի են ունենում փոքրիկ Բոֆորտ քաղաքում: Վեպի գլխավոր հերոսը ամեն տարի գալիս է այստեղ՝ վերհիշելու իր առաջին սիրո պատմությունը, սեր, որը կյանքում տրվում է միայն մեկ անգամ, բայց հիշվում է հավիտյան:

Նիկոլաս Չարլզ Սփարքսը (ծնվ. 1965թ. դեկտեմբերի 31, Օմահա, Նեբրասկա, ԱՄՆ) ամերիկացի արձակագիր, սցենարիստ է: Նա 23 վեպերի (բոլորն էլ New York Times-ի բեսթսելերներ) և 2 վավերագրական (non-fiction) գրքերի հեղինակ է: Նրա գրքերը տպագրվել են ավելի քան 50 լեզուներով, ամբողջ աշխարհում վաճառվել ավելի քան 150 միլիոն օրինակով, իսկ 11 գրքերի, այդ թվում՝ «Հիշարժան զբոսանք», «Հուշատետր», «Թանկագին Ջոն» և «Վերջին երգը», հիման վրա նկարահանվել են ֆիլմեր:",12.0,"Կենսագրություն, Ռոմանս"
334,Սիրելի բարեկամ,Գի դը Մոպասան,https://zangakbookstore.am/media/products/300x0/59191a1fa2a94c2d0b106d7311f58f4f.jpeg,https://zangakbookstore.am/sireli-barekam-1,"«Սիրելի բարեկամ» վեպը կարերիստի պատմություն է: Արկածախնդիր ու խորամանկ Ժորժ Դյուռուան երազում է փայլուն կարիերայի և բարձր հասարակության սանդուղքներով անընդհատ վեր բարձրանալու մասին, թեպետ չունի առանձնահատուկ տաղանդ ու շնորհներ: Սակայն անհատական հմայքը, որով կարողանում է գրավել բարձրաշխարհիկ կանանց սրտերը, ինչպես նաև հանգիստ սրտով ցանկացած ստորության դիմելը, պարզվում է, բավական է մեծ հաջողությունների հասնելու համար…",16.0,"Դրամա, Կատակերգություն"
335,Շուշեցի մի ծիծաղող տղեկ,Նորեկ Գասպարյան,https://zangakbookstore.am/media/products/300x0/f342847d7784917fbdf700dd78c5d0ad.jpeg,https://zangakbookstore.am/shushetsi-mi-tsitsakhokh-tkhek,"Նորեկ Գասպարյանի «Շուշեցի մի ծիծաղող տղեկ» վեպը մանկական զվարթախոսության տարերքով ստեղծված գործ է, որտեղ սեփական ընտանիքի պատմությունն ու մանկության հուշերի գունեղ նկարագրությունը աստիճանաբար վերաճում է յուրօրինակ էպիկական ասքի՝ Շուշի քաղաքի, տոհմիկ ու եկվոր շուշեցիների ոչ միանշանակ հարաբերությունների, կենցաղի ու սովորությունների մասին:",16.0,"Դրամա, Կատակերգություն"
336,Շագանակագույն կոստյումով մարդը,Ագաթա Քրիստի,https://zangakbookstore.am/media/products/300x0/01690c7c379a08e04445c4a42dc506a7.jpg,https://zangakbookstore.am/shaganakaguyn-kostyumov-mardy,"1924 թվականին լույս տեսած «Շագանակագույն կոստյումով մարդը» վեպն Ագաթա Քրիստիի վաղ շրջանի ստեղծագործություններից է:
Արկածների սիրահար Էնն Բեդինգֆելդը՝ մարդաբանության պրոֆեսորի որբացած դուստրը, Լոնդոնի մետրոյում ականատես է դառնում դժբախտ պատահարի: Հունվարյան նույն օրը քաղաքի մեկ այլ հատվածում՝ մեծահարուստ սըր Յուսթաս Փեդլերի առանձնատանը, հայտնաբերվում է ինքնությունը չպարզված մի օտարերկրուհու դի: Առաջին հայացքից որևէ կապ չունեցող այս երկու դեպքերում ուրվագծվում է նույն Շագանակագույն կոստյումով մարդը: Առեղծվածը բացահայտելու համար Էննը պատրաստ է ամենախենթ քայլերի, մինչև անգամ հանցավոր աշխարհի պարագլխի դեմ դուրս գալու և Հարավային Աֆրիկայի անմատչելի եզերքները հասնելու:",14.0,"Դետեկտիվ, Կենսագրություն"
337,Միսս Փերեգրինի յուրահատուկ երեխաների տունը,Ռենսոմ Ռիգս,https://zangakbookstore.am/media/products/300x0/bec0476eafcac079d9440f061e496906.png,https://zangakbookstore.am/miss-peregrini-yurahatuk-erekhaneri-tuny,"Խորհրդավոր կղզի: Լքված մանկատուն: Հետաքրքիր լուսանկարների տարօրինակ հավաքածու: Համեցե՛ք «Միսս Փերեգրինի յուրահատուկ երեխաների տունը»:
Իրական արխիվային լուսանկարներ և անիրական աշխարհ, որը նույնքան գրավիչ է, որքան սարսափազդու:
Կան գրքեր, որոնք կախարդելով ներքաշում են իրենց աշխարհը, որոնք չես կարող ցած դնել, մինչև չիմանաս վերջը. հենց այդպիսին է այս ֆենթեզի վեպը, որը կվայելեն 14-ից 99 տարեկան բոլոր նրանք, ովքեր սիրում են ծանոթի մեջ տեսնել տարօրինակը, սովորականի մեջ՝ անսովորը:
Յուրահատուկ նկարազարդումով բեսթսելլեր, յուրահատուկ գիրք՝ յուրահատուկ ընթերցողի համար՝ այժմ նաև հայերեն:",16.0,"Ֆանտաստիկա, Դրամա"
338,Սովորական հայրենիք,Նարեկ Վարդանյան,https://zangakbookstore.am/media/products/300x0/144bb931a31139f9891bec970c2038ae.jpeg,https://zangakbookstore.am/sovorakan-hayreniq,"«Սովորական հայրենիք»–ը 44-օրյա պատերազմի մասնակից Նարեկ Վարդանյանի ստեղծագործությունն է: Նարեկն այն գրել է պատերազմի ընթացքում, հետո շարունակել է պատերազմից և իր վիրավորումից հետո: Նարեկը գանգուղեղային ծանր վիրավորում էր ստացել։ Եղել է կոմայի մեջ։ Նարեկը գրքում գրել է իր հետ պատահածի, իր ընկերների ու պատերազմի մասնակից այլ անձանց մասին, որոնց հետ անմիջական շփում է ունեցել: Նարեկն իր տեսածն ու զգացածը երբեմն հորինված կերպարների միջոցով է ներկայացնում՝ ամբողջացնելով պատերազմի մասնակցի կերպարը: Գրքում կան նաև իրական հերոսներ՝ իրական անուններով:",16.0,"Կենսագրություն, Թրիլլեր"
339,Եթե սա գրող է,Արամ Պաչյան,https://zangakbookstore.am/media/products/300x0/60afb9398c57cbe75055eb03c867a137.jpg,https://zangakbookstore.am/ete-sa-grokh-e,,14.0,Unknown
340,Մեղմություն,Վահան Տերյան,https://zangakbookstore.am/media/products/300x0/490f5d83a03ffc7dc818b565d93e8647.jpeg,https://zangakbookstore.am/mekhmutyun,"«Վերնատուն» հրատարակչությունը լույս է ընծայել Վահան Տերյանի սիրային բանաստեղծությունների «Մեղմություն» ժողովածուն:

Այն ներկայացնում է գրողի ստեղծագործական ուղու զարգացումները, անձնական ապրումները և հույզերի բյուրեղությունը, պատկերավորման լայն գունապնակը:

Մարդու ձգտումների, երազանքների, հուսախաբությունների արտահայտությունն է Տերյանի ուրբանիստական քնարերգությունը, որտեղ բառերը թափանցիկ են, երաժշտական և շլացնում են ընթերցողին գույներով ու ձայներով:",12.0,"Պոեզիա, Կենսագրություն"
341,Արևմուտքի վախճանը,Փեթրիք Բյուքենեն,https://zangakbookstore.am/media/products/300x0/e37ac9f7764cd18a2a94a2cfe1932d26.jpg,https://zangakbookstore.am/arevmutqi-vakhchany-1,,16.0,Unknown
342,Հիսուսի կատուն (2023),Գրիգ,https://zangakbookstore.am/media/products/300x0/cc55bf84390348a72b305cb49f6598cd.jpg,https://zangakbookstore.am/hisusi-katun,"«Հիսուսի կատուն» երիտասարդ արձակագրի առաջին գիրքն է, որում մեկտեղված պատմվածքները երևան են բերում մի կողմից` գրողական ինքնատիպ ոճ, մյուս կողմից` աշխարհին ու մարդկանց նայելու յուրօրինակ դիտակետ։ Դրանց համադրությամբ` Գրիգի ստեղծագործական տարածության մեջ գոյավորվում են կերպարներ, որոնք օգնում են բացահայտել կյանքի ևս մեկ անտեսանելի կողմ:",16.0,"Երիտասարդական, Ֆանտաստիկա"
343,Սերը մայրամուտից այն կողմ,Վահան Երկնեշյան,https://zangakbookstore.am/media/products/300x0/71211e0cb1adf1db1535bced3cc1e71a.jpeg,https://zangakbookstore.am/sery-mayramutits-ayn-kokhm,,16.0,Unknown
344,Գործք,Հակոբ Մովսես,https://zangakbookstore.am/media/products/300x0/b81e1f0d988fd30a2d4a93b2099aadf5.jpeg,https://zangakbookstore.am/gortsq,Գիրքը հեղինակի ստեղծագործությունների ժողովածուն է։,16.0,"Պոեզիա, Կենսագրություն"
345,Karabagh Diary. Poems from the Diaspora. Ղարաբաղյան օրագիր,Ալան Ուայթհորն,https://zangakbookstore.am/media/products/300x0/d96c4e5c89ac2634b2864f8f0f2c8974.jpeg,https://zangakbookstore.am/karabagh-diary-poems-from-the-diaspora-kharabakhyan-oragir,,16.0,Unknown
346,Դանդաղ լուսաբաց,Թոնդրակ,https://zangakbookstore.am/media/products/300x0/72c36022c230e2a146f9cf7754aaf248.jpeg,https://zangakbookstore.am/dandakh-lusabats,,14.0,Unknown
347,Դավիթ Բեկ,Րաֆֆի,https://zangakbookstore.am/media/products/300x0/51f7c4da4a8eaadf0aefe1fe98e77166.jpg,https://zangakbookstore.am/davit-bek,Րաֆֆու «Դավիթ Բեկ» պատմավեպն արտացոլում է 18-րդ դարի սկզբին Սյունիքում ձևավորված ազատագրական շարժումը: Հանձին Դավիթ Բեկի և նրա գլխավորած շարժման՝ Րաֆֆին գեղարվեստականացնում և կարևորում է ազգային անկախ պետականության գաղափարը:,16.0,"Պատմական գեղարվեստական գրականություն, Երիտասարդական"
348,Թռչունի հոգին,Վահագն Գրիգորյան,https://zangakbookstore.am/media/products/300x0/159915e5965d4c71383ec5b8c8f4f8f0.jpeg,https://zangakbookstore.am/trchuni-hogin,,14.0,Unknown
349,Տաճարի պահուց զորքը,Հրանտ Ալեքսանյան,https://zangakbookstore.am/media/products/300x0/784fc778d3bec275ac009a43f8d43a1d.jpeg,https://zangakbookstore.am/tachari-pahuts-zorqy,,16.0,Unknown
350,Դեպի Հայաստան․ Բանաստեղծություններ,Մարիաննա Շահպարոնյան,https://zangakbookstore.am/media/products/300x0/8126003588981cbfc827fbbf35bf005f.jpeg,https://zangakbookstore.am/depi-hayastan-banastekhtsutyunner,,12.0,Unknown
351,Դոն Ժուան,Պետեր Հանդքե,https://zangakbookstore.am/media/products/300x0/efe57afa1552bf82b5946cbe60e64d62.jpg,https://zangakbookstore.am/don-zhuan-3,"Դոն Ժուան» վիպակում Պետեր Հանդքեն մեծ սրտակերի պատմության սեփական ու չափազանց յուրահատուկ տարբերակն է առաջարկում: Այստեղ Դոն Ժուանը ավելի շատ «թափառական հրեա» է, քան գայթակղությունների ու մենամարտերի վարպետ: Իր թափառումներում նա հանդիպում է ամենատարբեր կանանց, որոնց միավորում է մեկ հատկանիշ՝ բոլորն էլ ձգտում են գայթակղել Դոն Ժուանին: Վիպակը գրված է նուրբ ու բանաստեղծական ոճով՝ ներթափանցված նուրբ հումորով ու հեգնանքով:",16.0,"Կատակերգություն, Պոեզիա"
352,Կղզու արդարացումը,Եվգենի Վոդոլազկին,https://zangakbookstore.am/media/products/300x0/7859b6df18c6233e3fe3896abd970daa.jpeg,https://zangakbookstore.am/kkhzu-ardaratsumy,,16.0,Unknown
353,Բառերի գետը,,https://zangakbookstore.am/media/products/300x0/2b02248a9818730b1cb054dc567fc644.jpg,https://zangakbookstore.am/bareri-gety,,16.0,Unknown
354,Արտ Գրականություն 3/22,Անրի Թրուայա,https://zangakbookstore.am/media/products/300x0/27dc018d41ca8b407328e5e060a59075.jpeg,https://zangakbookstore.am/art-grakanutyun-322,,16.0,Unknown
355,Վլադիմիր Վիսոցկի․ հուշարձան,Վլադիմիր Վիսոցկի,https://zangakbookstore.am/media/products/300x0/08bc1cb0c537e14f2cbe5309d71e02a8.jpeg,https://zangakbookstore.am/vladimir-visotski-hushardzan,,16.0,Unknown
356,Ազատ Սյունիք,Գարեգին Նժդեհ,https://zangakbookstore.am/media/products/300x0/e198eea837a090f329054246db7144da.jpeg,https://zangakbookstore.am/azat-syuniq,,16.0,Unknown
357,Իմ Տերյանը,Վահան Տերյան,https://zangakbookstore.am/media/products/300x0/b88327f6cb48661ee97ce1b870512241.jpeg,https://zangakbookstore.am/im-teryany,,10.0,Unknown
358,Լույսը հողից է բարձրանում,Արա Արթյան,https://zangakbookstore.am/media/products/300x0/c6e9360c4943b8ea2b8335d9cc0f5c30.jpeg,https://zangakbookstore.am/luysy-hokhits-e-bardzranum,,16.0,Unknown
359,Մատանիով ճանաչված Շակունտալան,Կալիդասա,https://zangakbookstore.am/media/products/300x0/c2ba28dc30d16f5ab8e3891909b9fa79.jpg,https://zangakbookstore.am/mataniov-chanachvats-shakuntalan,"IV-V դդ. հնդիկ մեծ բանաստեղծ և թատերագիր Կալիդասայի ստեղծագործությունը համաշխարհային գրականության գոհարներից է։ Կալիդասայի թատերգությունների և պոեմների գլխավոր թեման սերն է իր բազմաբնույթ դրսևորումներով։ «Մատանիով ճանաչված Շակունտալան» և «Ամպ-ավետաբերը» Կալիդասայի գլուխգործոցներն են, որոնք թարգմանված են աշխարհի բազմաթիվ լեզուներով և մեծ ազդեցություն են թողել Եվրոպայի հոգևոր մշակույթի վրա։ Ներկա հրատարակությամբ «Մատանիով ճանաչված Շակունտալան» հայ ընթերցողին է ներկայացվում երկրորդ, իսկ «Ամպ-ավետաբերը»՝ երրորդ անգամ։",16.0,"Պոեզիա, Ժամանակակից"
360,Հիպերիոն,Ֆրիդրիխ Հյոլդերլին,https://zangakbookstore.am/media/products/300x0/4d5ed9035676d25e282773246fe667da.jpg,https://zangakbookstore.am/hiperion,"«Հիպերիոն» վեպը Յոհան Քրիստիան Ֆրիդրիխ Հյոլդեռլինը (1770-1843) մտահղացել է դեռ Տյուբինգենում իր ուսումնառության ժամանակ (1792): 1795 թ. նա իր մտահղացումը փորձել է շարադրել բանաստեղծությամբ, բայց շուտով վերադարձել է արձակին։ Առաջին հատորը լույս է տեսել 1797 թ., երկրորդը՝ 1799 թ.։

Վեպի գործողությունները տեղի են ունենում 18-րդ դարի վերջին, թուրքական տիրապետությունից ազատագրվելու համար հույների մղած պատերազմի ժամանակ, թեև հեղինակը պատմական ճշգրտության չի ձգտել։ Նրա հերոսներն անտիկ անուններ են կրում։ Ազգային և կրոնական ճնշումների դեմ հույների մղած պայքարը վեպում հղում է հեղինակի դարաշրջանի Եվրոպայի լուսավորչական և հումանիստական գաղափարներին։ Կենտրոնական թեմաները հեղինակի հիմնական թեմաներն են. մահը և անմահությունը, գեղեցիկը, Ամբողջը և նրա անտրոհելիութունը, Հզորը և Մաքուրը մարդկային պատմության մեջ (ֆրանսիական հեղափոխությունից, Տեռորի տարիներից ի վեր) սկիզբ առնող նսեմացման ու մանրացման դարաշրջանում։
Հերոսները կրում են նախաքրիստոնեական մշակույթից ժառանգված անուններ, սակայն հղում են հեղինակի ապրած դարաշրջանին և միջավայրին։ Վեպի հերոսուհին՝ Դիոտիման, բացահայտորեն «արտագրված է» հեղինակի սիրուց՝ Սուզետե Գոնտարդից։ Հիպերիոնը հունական դիցաբանության մեջ Երկնքի և Երկրի որդի տիտաններից մեկի անունն է։",16.0,"Պատմական գեղարվեստական գրականություն, Կենսագրություն"
361,Կաֆկա․ Նամակներ,Ֆրանց Կաֆկա,https://zangakbookstore.am/media/products/300x0/1e4dedbe0faad2b29d4b372f3fd61714.jpg,https://zangakbookstore.am/kafka-namakner,"Հատորն ընդգրկում է Ֆրանց Կաֆկայի՝ Ֆելիցա Բաուերին, Միլենա Եսենսկային, հորը և Մաքս Բրոդին գրած նամակները: Դրանք մի կողմից մեծ գրողի կենսագրության, ապրումների, ծրագրերի, յուրօրինակ փաստագրություն են, մյուս կողմից՝ նրա գրականության օրգանական շարունակությունը կարող են համարվել:",16.0,"Պոեզիա, Կենսագրություն"
362,Ճարպիկ Մարթինը,Վիլյամ Գոլդինգ,https://zangakbookstore.am/media/products/300x0/c80c834b9576c24f442a2ae849badf57.jpg,https://zangakbookstore.am/charpik-martiny,"Առաջին հայացքից «մարդը և ծովը» հավերժական թեման շահարկելով, Գոլդինգի թերևս ամենից խորունկ վեպը, Ռոբինզոնի աղերսներով, մեջբերելով Պրոմեթևսի այլաբանությունը, ակնարկում է, որ անգամ նողկալի մարդն իր մեջ փորձում է կերտել Աստծուն: Իրականի և ցնորականի, ողջամտության ու խենթության, սիրո և ատելության ճամփաբաժանին լռված, Ճարպիկ Մարթինը մեկ ակնթարթ տևած վեց օրում արարում է սեփական քավարանը:",16.0,"Ռոմանս, Դրամա"
363,Պենելոպեական,Մարգրեթ Աթվուդ,https://zangakbookstore.am/media/products/300x0/c8b51e2c9d36ea09a54fd71b4f5ec40a.jpg,https://zangakbookstore.am/penelopeakan,"«Պենելոպեական» վիպակը (2005) անտիկ գրականության կոթողներից մեկի՝ «Ոդիսական»-ի իգական տարբերակն է, հոմերոսյան վիպերգի անսպասելի վերակերպումը Ոդիսևսի հետ ամուսնանալուց հետո քսան տարի հեռուները մեկնած կողակցի վերադարձիn սպասող Պենելոպեի տեսանկյունից: Ինչն անէական է ու երկրորդական «Ոդիսական»-ում, կարևորվել է և առաջին պլան մղվել «Պենելոպեական»-ում, մանավանդ տասներկու աղախնի մահապատիժը, որոնք դատապարտվում են Ոդիսևսի բացակայության ընթացքում նրա կնոջ ձեռքին հետամուտ փեսացուների կետ կենակցելու համար: Աղախինների խումբն այստեղ հանդես է գալիս հին հունական ողբերգության պարերգակների դերում: «Պենելոպեականը» պոստմոդեռնիստական գործ է տրագիկոմիկական շնչով և արձակի ու չափածոյի համադրմամբ: Աթվուդը բոլորովին այլ շեշտադրումներով ու նորովի է ներկայացրել «Ոդիսական»-ի վաղեմի պատմությունը:",16.0,"Դրամա, Պատմական գեղարվեստական գրականություն"
364,Պատվիրակը,Յոկո Տավադա,https://zangakbookstore.am/media/products/300x0/30231578e9ac477a89b756a9c44147b6.jpg,https://zangakbookstore.am/patviraky,"Վիպակի Ճապոնիայում հողի, օդի, ջրի աղտոտվածության հետևանք տեխնածին աղետից հետո էր ընդունվել երկրի փակման մասին որոշումը։ Այդուհետ տարեցներին անմահ էին / «100 տարեկանն անցնելուց հետո այլևս հանգստի կարիք չես զգում»/, երեխաները՝ թույլ, սակայն Մումեյի սերունդն էլ ծնված օրից էր օժտված իմաստությամբ։ «Պատվիրակը» վեպում անմահությունը պատիժ է նախկինում արածի ու չարածի համար։ Արձակագիր Յոշիրոն խելացի է, սթափ, բանական, սակայն իրեն էլ չեն լսել։ Յոշիրոն տխրում է իր սերնդի՝ բնության հանդեպ վարքագծի, մեղավորության, սեփական անբավարար ջանքի, փոխանցած երկրի համար։ Ընթերցողական տպավորությամբ, համեմատությունները հետպատերազմյան Հայաստանի հետ ակնառու են ու իրապես տխուր։

Փակ երկրի նոր միջավայրում գոյատևելու համար խատուտիկի թերթերը հասնում են հսկայական չափերի, հիշեցնելով քրիզանթեմ, իսկ հնդկեղեգը, պարզվում է, ընտրել էր «փոքրանալու ռազմավարություն», դառնալով ճկույթի չափ։ Մի խոսքով՝ գլխիվայր և բոլորի աչքի առաջ փոխվում էր ծանոթ ու ճանաչ աշխարհը։ Այս ամենի արդյունքում և փոխարեն երկրում չափազանց շատ են տոները, կա լեռներ տոն՝ թափոնների զոհ դարձած լեռների պատվին, համացանցի մահվան օֆլայն օրը, բնաջնջված կենդանիների հիշատակին՝ անհետացած տեսակների օր։

Մումեյի սերունդը շատ բանից գաղափար չուներ, և կենդանաբան դառնալ ցանկացող տղեկը կարողանում էր միայն կենդանիների հանրագիտարան նայել, քանի որ երկրում միակ կենդանիները վարձով տրվող շներն ու կատուներն էին։ Շշուկներ կային թաքուն ճագար ունեցողների մասին։ Յոշիրոն հիշում էր երեխա ժամանակ դաշտի խոտերի մեջ պառկած երկինքին նայելը, իսկ Մումեյին մնում էր երևակայությունը՝ տան պատերը երկնքի պես ներկել ու ամպեր ու թռչուններ նկարել։

Նկարած պատերով սենյակի մեջ ապրելու Մումեյի հնարագիտությունը խորացնում էր Յոշիրոյի տխրությունը, հիշեցնում նախնիների՝ ելքի ճակատագրական փնտրտուքը։

Ժամանակակից ճապոնական գրականության հանրահայտ հեղինակները, Հարուկի Մուրակամիից հետո, կանայք են, այդ թվում՝ Յոկո Տավադան։ 1960 թվականին ծնված Տավադա Յոկոն 1982 թվականից ապրում է Գերմանիայում, ստեղծագործում ճապոներեն ու գերմաներեն։ Գրաքննադատների կանխատեսումով, հավանաբար հերթական ճապոնական նոբելյան դափնեկիրը լինի ոչ թե Մուրակամին, այլ Տավադան։",16.0,"Դրամա, Թրիլլեր"
365,Թումանյան․ Պատմվածքներ,Հովհաննես Թումանյան,https://zangakbookstore.am/media/products/300x0/896eb460c4317be8b6fd7a1a177b70da.jpg,https://zangakbookstore.am/tumanyan-patmvatsqner,Հովհաննես Թումանյանի պատմվածքներն առաջին անգամ ամբողջությամբ լույս են տեսնում առանձին գրքով:,10.0,"Պոեզիա, Կենսագրություն"
366,Թումանյան․ Բալլադներ,Հովհաննես Թումանյան,https://zangakbookstore.am/media/products/300x0/01d5fa5bdaa1d2ac7fe1338db9468a92.jpg,https://zangakbookstore.am/tumanyan-poemner,"Հովհաննես Թումանյանի պոեմներն առաջին անգամ ամբողջությամբ լույս են տեսնում առանձին գրքով: Արտատպվել են Թումանյանի «Երկերի լիակատար ժողովածուի» ակադեմիական 2-րդ հրատարակությունից [«Մարոն», «Լոռեցի Սաքոն», «Ալեք», «Մեհրի», «Մերժված օրենք», «Հառաչանք», (Հատվածներ), «Անուշ», «Դեպի անհունը», «Սասունցի Դավիթը», «Սասունցի Դավիթը» (Բ մասը), «Թմբկաբերդի առումը», «Հին կռիվը», « Հազարան բըլբուլ»]: Թումանյանի պոեմները հայ գրականության չխամրող արժեքներից են: Տպագրվել է «Լոռվա ձոր» հայրենակցական միության և «Էդիթ Պրինտ» հրատարակչության հովանավորությամբ:",10.0,"Պոեզիա, Կենսագրություն"
367,Հայտարարվում է սպանություն,Ագաթա Քրիստի,https://zangakbookstore.am/media/products/300x0/052c3d42f264133da92a996014478369.jpg,https://zangakbookstore.am/haytararvum-e-spanutyun,"Անգլիական փոքրիկ գյուղի՝ Չիփինգ Քլեգհորնի խաղաղ ու կանխատեսելի առօրյան իր բնականոն հունից շեղվում է, երբ մի օր առավոտյան բնակիչները գյուղի թերթում կարդում են մի արտասովոր հայտարարություն, որում հստակ նշվում էր առաջիկայում սպասվող սպանության վայրն ու ժամանակը: Գյուղի հետաքրքրասեր բնակիչները նշված ժամին հավաքվում են նշված վայրում՝ Լեթիշիա Բլեքլոքի տանը: Կատա՞կ, թե՞ մանրակրկիտորեն ծրագրված հանցանք. միսս Մարփլի խորաթափանց ու փորձառու ուղեղը աստիճանաբար կքանդի խճճված կծիկը:",12.0,"Դետեկտիվ, Առեղծված"
368,Ռոջավա,Մագդա Թախտաճյան,https://zangakbookstore.am/media/products/300x0/b3ffbd14fc0f5e64c74c4601c6003d57.jpg,https://zangakbookstore.am/rojava,"Նանե Բարսեղյանը, որը մեծացել է Խորհրդային Հայաստանում թողնում է ամեն ինչ և մեկնում է սիրիական Քրդստանի Ռոջավա շրջան՝ իրական հորը գտնելու հույսով: Ուղևորության ընթացքում Նանեին ուղեկցում է զարմուհին՝ լրագրող Ալմա Բարսեղյանը: Պատերազմից ու բռնությունից ավերված այդ վայրում գլխավոր հերոսների համար բախտորոշ է դառնում ծառայությունը կանանց ջոկատում, որտեղ խիզախ կանայք պաշտպանում են այն հողը, որը վաղուց խաղաղություն չի տեսել: Ամենածանր փորձությունների միջով անցնող կանանց բանակն ամենակարևոր դասն է տալիս. կյանքում ոչինչ չի տրվում առանց պայքարի:

Իսլամական պետության, թուրքական զորախմբերի և սիրիական ծանր իրականության դեմ մղվող պայքարի ֆոնին զարգանում է Նանե Բարսեղյանի պատմությունը: Մագդա Թախտաճյանն այս վեպում միաձուլում է հուզական պատումն ու լրագրողական սրատեսությունը: Եվ ստեղծում է պատերազմից ավերված տարածքում ձեռք բերված ինքնության ու սիրո մասին պատմություն:",14.0,"Թրիլլեր, Արկածային"
369,Ինքնագիր #10,,https://zangakbookstore.am/media/products/300x0/d5db832b1c652c7920ee9bcb034421e5.jpg,https://zangakbookstore.am/inqnagir-10,"Newmag-ը վերսկսում է նորանկախ Հայաստանի ամենահայտնի «Ինքնագիր» գրական հանդեսի հրատարակությունը։ Ինքնաբուժում գրականության միջոցով։ 10-րդ հոբելյանական համարում ընթերցեք Գրիգոր Պըլտյանի, Մարինե Պետրոսյանի, Գուրգեն Խանջյանի, Վիոլետ Գրիգորյանի, Ներսես Աթաբեկյանի, Սյունե Սևադայի, Գրիգի, Անի Ասատրյանի, Սարգիս Հովսեփյանի Աննա Դավթյանի և շատ ուրիշների երբեք չհրատարակված ստեղծագործությունները։ Միայն այս համարում՝ հատվածներ Վահան Իշխանյանի, Սուսաննա Հարությունյանի և Նարինե Կռոյանի նոր վեպերից ։ Ինչպես միշտ՝ թարգմանություններ, հարցազրույցներ ու գրախոսություն: Համարը նվիրվում է Վահան Իշխանյանի հիշատակին:",16.0,"Պոեզիա, Կենսագրություն"
370,Չարիքն արևի տակ,Ագաթա Քրիստի,https://zangakbookstore.am/media/products/300x0/df204127fce7e0127a29c78ec256e8e3.jpg,https://zangakbookstore.am/chariqn-arevi-tak,"«Չարիքն արևի տակ» վեպը համաշխարհային գրականության դասական դետեկտիվներից է։ Այն առաջին անգամ տպագրվել է 1941 թ. Մեծ Բրիտանիայում։ Ագաթա Քրիստիի հանրահռչակ հերոսը՝ բելգիացի խուզարկու Էրքյուլ Պուարոն, հերթական անգամ ի ցույց է դնում նուրբ դրվագները նկատելու և փաստերը ճիշտ համադրելու կարևորությունը խճճված ու խորամանկ հանելուկները բացահայտելու գործում։ Վեպի գործողությունները տեղի են ունենում մինչպատերազմյան ժամանակաշրջանում Անգլիայի հարավ-արևմտյան շրջանում գտնվող «Ուրախ Ռոջեր» հյուրանոցում։ Պուարոն գալիս է կղզի հանգստանալու որպես սովորական կենվոր, ինչի շնորհիվ էլ ոչ միայն ականատես է դառնում, այլև մասնակից է լինում շատ իրադարձությունների, որոնք նախորդում են հյուրերից մեկի` պաշտոնաթող կապիտանի սպանությանը։
«Դետեկտիվի թագուհի» Ագաթա Քրիստիի պատկերավոր սպանությունների առեղծվածները տասնամյակներ շարունակ հետապնդել են ընթերցողներին: Նրա գրքերը հրատարակվել են ավելի քան 2 միլիարդ տպաքանակով և թարգմանվել են աշխարհի շուրջ 100 լեզուներով: Ագաթա Քրիստին գրանցված է Գինեսի համաշխարհային ռեկորդների գրքում՝ որպես բոլոր ժամանակների ամենավաճառված վիպագիրը: Նա նաև աշխարհի ամենաշատ թարգմանված հեղինակն է՝ առաջ անցնելով Ժյուլ Վեռնից և Ուիլյամ Շեքսպիրից: Բոլոր ժամանակների ամենախորհրդավոր պատմություններն ու կերպարները կերտած այս բրիտանացի վիպասանը աշխարհին նմանը չունեցող ժառանգություն է թողել:",12.0,"Դետեկտիվ, Կենսագրություն"
371,Չափածո երկեր․ Սփյուռքի մատենաշար,Նիկողոս Սարաֆեան,https://zangakbookstore.am/media/products/300x0/a1287fc4cfee9392feb767b58079548d.jpg,https://zangakbookstore.am/chapatso-erker-spyurqi-matenashar,"Ժողովածուն ամփոփում է ֆրանսահայ մեծանուն բանաստեղծ, արձակագիր Նիկողոս Սարաֆյանի /1902-1972/ «Չափածոյ երկերը» եւ «Վէնսէնի անտառը» խոհագրությունը: Ժողովածուում ընդգրկված է հեղինակի բանաստեղծական ողջ ժառանգությունը՝ «Անջրպետի մը գրաւումը» առաջին ժողովածուից մինչև վերջինը՝ «Միջերկրական» ժողովածուն, ինչպես նաև «Վէնսէնի անտառը» խոհագրությունը՝ բանաստեղծական արձակի իր տեսակով և խորհրդավորությամբ եզակի մի ստեղծագործություն: Նիկողոս Սարաֆյանի գրական ողջ ժառանգությունը միտված է ճանաչելի դարձնելու Հայության լինելությունը:",16.0,"Պոեզիա, Կենսագրություն"
372,Չինական ժամանակակից պատմվածքներ,,https://zangakbookstore.am/media/products/300x0/ea894faf2c89bc10b55993cee0161ba9.jpg,https://zangakbookstore.am/chinakan-zhamanakakits-patmvatsqner,"Գրքում ներկայացված է չինական ժամանակակից պատմվածքների մի ամբողջական ներկապնակ, որոնց հեղինակները երկրի գրեթե բոլոր տարածաշրջաններից են և տարբեր տարիքային խմբերից՝ երիտասարդներից մինչև ավագ սերնդի արձակագիրներ: 
Նրանք իրենց ստեղծագործություններում ներկայացնում են վերջին 3 տասնամյակների ընթացքում չինական իրականության գեղարվեստական անդրադարձները՝ կուռ և ամբողջական նկարագրով, խոհափիլիսոփայական ընդհանրացումներով և համամարդկային մոտեցումներով: Գիրքը նախատեսված է ընթեցողական լայն շրջանակների համար:",13.0,"Երիտասարդական, Ժամանակակից"
373,Միքելանջելոյի պուպուլիկը․ Երեք քարիտուտուզուհիները․ Որոնելով աշխարհի անկումը,Դընի Դոնիկյան,https://zangakbookstore.am/media/products/300x0/9edca11adf3e71d3f0a6b65b63d7ab81.jpeg,https://zangakbookstore.am/miqelanjeloyi-pupuliky-ereq-qaritutuzuhinery-oronelov-ashkharhi-ankumy,,16.0,Unknown
374,Ափը ծնոտը հենելու համար է,Արտակ Մաթևոսյան,https://zangakbookstore.am/media/products/300x0/efc50599d70b34cde845b30457ee00d9.jpg,https://zangakbookstore.am/apy-tsnoty-henelu-hamar-e,"Արտակ Մաթևոսյանի «Ափը ծնոտը հենելու համար է» վեպը մեր իրականության ընդհանրացված պատկերն է՝ խտացումներով, տիպական կերպարներով, հարաբերությունների ու կապերի բազմազանությամբ:",16.0,"Դրամա, Ռոմանս"
375,Մեղմիկ օրոր,Լեյլա Սլիմանի,https://zangakbookstore.am/media/products/300x0/205f8d85d8cd14a33ae1fefedc354e5f.jpeg,https://zangakbookstore.am/mekhmik-oror,,16.0,Unknown
376,Օջախի արու զավակը,Չելուչի Օնյեմելուկվե,https://zangakbookstore.am/media/products/300x0/3cd834fbedba9876d1ceef7bda820567.jpg,https://zangakbookstore.am/ojakhi-aru-zavaky,"«Օջախի արու զավակը» գրավիչ վեպ է ավանդույթների, դասի, սեռի և մայրության ամենակուլ սարդոստայնի մեջ խճճված երկու կնոջ մասին: Նիգերիայի Էնուգու քաղաքում բնակվող երիտասարդ Նուաբուլուն 10 տարեկանից սպասուհի է աշխատում, բայց տնային անվերջանալի հոգսերի տակ կքած՝ երազում է մեքենագրուհի դառնալ: Ուսում առած Ջուլին ուժեղ, ինքնաբավ կին է, որն ավանդույթների պարտադրանքով լուրջ երկընտրանքի առաջ է կանգնում: Կանանց ուղիները խաչվում են, երբ երկուսն էլ առևանգման զոհ են դառնում: Փակի տակ հայտնվելով՝ միասին սպասում են ճակատագրական հանգուցալուծմանը:
Չելուչի Օնյեմելուկվե-Օնուոբիայի կենսաբուխ և խորաթափանց վեպը արժանին է մատուցում տոկուն կանանց, որոնք փորձում են գոյատևել տղամարդկանց աշխարհում:",16.0,"Դրամա, Ռոմանս"
377,Սիրային աֆորիզմներ,,https://zangakbookstore.am/media/products/300x0/00b91cc2f38aa76afa554311b60987e4.jpeg,https://zangakbookstore.am/sirayin-aforizmner,,14.0,Unknown
378,Բուդենբրոոկներ․ մի ընտանիքի անկումը,Թոմաս Ման,https://zangakbookstore.am/media/products/300x0/58a4ce2e78d0c386ba4476c3bafb113d.jpg,https://zangakbookstore.am/budenbrookner-mi-yntaniqi-ankumy,Գերմանացի խոշոր գրող Թոմաս Մանի «Բուդենբրոոկներ» վեպը 20-րդ դարի արձակի դասական նմուշներից է։ Օգտագործելով «ընտանեկան ժամանակագրության մեթոդը»՝ հեղինակը մի ընտանիքի չորս սերունդների կյանքի նկարագրությամբ տալիս է անցած դարի Գերմանիայի սոցիալ-քաղաքական համայնապատկերը։ Ռեալիստական գրականության հարուստ փորձը գրողին հնարավորություն է ընձեռել ընտանեկան կյանքի մասնավոր դեպքերից հասնել պատմական խոշոր ընդհանրացումների։,16.0,"Կենսագրություն, Պատմական գեղարվեստական գրականություն"
379,Վաղը մարտի դաշտում հիշիր ինձ,Խավիեր Մարիաս,https://zangakbookstore.am/media/products/300x0/ef782f23f803b22e1ecd09e1435d69d8.jpg,https://zangakbookstore.am/vakhy-marti-dashtum-hishir-indz,"«Վաղը մարտի դաշտում հիշիր ինձ» գիրքը վեպ է խաբեության, անհավատարմության, ճակատագրի և դրանից բխող հետևանքների մասին: Գլխավոր հերոսը Վիկտոր Ֆրանսեսն է՝ որոշակի հաջողությունների հասած գրող, որը սիրային ժամադրության ակնկալիքով գալիս է Մարտա Տել յեսի տուն: Մարտան գեղեցիկ կին է, ունի ամուսին և երեխա: Հանդիպման թերևս ամենակարևոր պահին, երբ թվում է՝ խանգարող ոչինչ չկա, տեղի է ունենում ամենաանսպասելին. Մարտան իրեն վատ է զգում, և Վիկտորն ակամայից դառնում է նրա հոգեվարքի վկան. կինը մեռնում է նրա գրկում՝ ամուսնական մահճում, իսկ փոքրիկը քնած է հարևան սենյակում։ Ճակատագի՞ր, թե՞ հանգամանքների անհաջող դասավորություն, և ի՞նչ պիտի անի Վիկտորն այդ դեպքում: Առաջին դեմքից ներկայացվող պատմությունը վերածվում է մտորումների անվերջանալի շղթայի, որտեղ գաղտնիքը բացահայտելու համար ընթերցողը պետք է գտնի առեղծվածային թելը:

Վարպետորեն շարադրված վեպի յուրահատուկ և չկրկնվող գրելաոճին միախառնվում են հոգեցունց տեսարաններն ու պատկերները, տպավորություններն ու նկարագրությունները, ենթադրություններն ու մտքի երևակայական թռիչքները:",16.0,"Դրամա, Ռոմանս"
380,Անմահություն,Միլան Կունդերա,https://zangakbookstore.am/media/products/300x0/74ea97eca9f6bacf36ef284881bc962b.jpg,https://zangakbookstore.am/anmahutyun,"«Անմահությունը» վեպ է վեպի ծննդի մասին, որտեղ Կունդերա հերոսը, անձնատուր իր պատահական լողավազանային ներշնչանքին, խորհրդածում է մարդկային գոյության և ժամանակի բազմաբարդ փոխհարաբերության շուրջ: Պսակազերծելով անմահ հիշատակի մեր պատրանքը, ցույց տալով, թե ինչպես անմահության գործարաններում կարող է խեղվել մի ամբողջ կենսագրություն՝ վերածվելով պաստառի կամ զավեշտալի մի պատկերի՝ գրողը վճիտ չ-հիշողության պարադոքսալ մի բանաձև է հուշում մեզ: Խաղացկուն այս խճանկարը, որը ժամանակակից հասարակության անվրեպ ախտորոշումն է առաջարկում, հանգում է անսպասելի եզրակացության. Հաղթարշավող ծիծաղի և միմոսության աշխարհում, որ վերածվել է ծամածռության, անհետացող գեղեցիկից մնում է անմոռուկի բարակ ցողունը կամ կապույտ մի բիծ հորիզոնում:",16.0,"Դրամա, Կատակերգություն"
381,Ակադեմիան և կայսրությունը,Այզեք Ազիմով,https://zangakbookstore.am/media/products/300x0/ef782f23f803b22e1ecd09e1435d69d8(1).jpg,https://zangakbookstore.am/akademian-ev-kaysrutyuny,"«Ակադեմիան և կայսրությունը» Այզեք Ազիմովի նշանավոր եռապատումի երկրորդ մասն է: Հիմնադիր մեծն Հարի Սելդոնի և գիտատեխնիկական ներուժի շնորհիվ Ակադեմիան կարողացավ իր գերակայությունը հաստատել հարևան բարբարոս մոլորակների նկատմամբ: Սակայն Գալակտիկական կայսրությունը վերջնականապես չի կորցրել հզորությունը և պատրաստ է հարձակվելու, որպեսզի վերականգնի իր երբեմնի փառքը: Տիեզերքում շատերն են երազում Ակադեմիան նվաճելու մասին, այդ թվում`նրանք, ում գոյությունը չէր կարող կանխատեսել նույնիսկ հոգեպատմությունը:",16.0,"Պատմական գեղարվեստական գրականություն, Թրիլլեր"
382,Ուիլյամ Շեքսպիր․ Ողբերգություններ,Ուիլյամ Շեքսպիր,https://zangakbookstore.am/media/products/300x0/ca21f0a2f4446436a9efb50b4e8f1b32.jpg,https://zangakbookstore.am/uilyam-sheqspir-okhbergutyunner,"Համաշխարհային գրականության ամենախոշոր ներկայացուցիչներից մեկի՝ անգլիացի դրամատուրդ, բանաստեղծ Ուիլյամ Շեքսպիրի ստեղծագործությունների այս ժողովածուում ընդգրկված են նրա հեղինակած ողբերգությունները («Ռոմեո և Ջուլիետ», «Համլետ», «Օթելլո», «Լիր արքա», «Մակբեթ»), որոնցում արտացոլվում է կյանքի դաժանությունների իրական պատկերը:

Ստեղծագործությունների հերոսները բացառիկ անհատականություններ են՝ ընդգրկուն և ընդհանրացնող մտածողությամբ, խոր և զորեղ զգացումներով, անհատապաշտական և մարդասիրական մղումների վայրիվերումներով: Անարդար հասարակագն ուղղելու համար բավարար չեն հանճարեղ ու ազնիվ անհատի՝ Համլետի մտքի լարումն ու գործուն վարքը: Հաշվենկատ ու խարդախ մարդկանց միջավայրում Օթելլոյի և Դեզդեմոնայի անբասիր սերն անկարող է գոյատևել: Լիր արքան, որպեսզի դառնա արդարամիտ, պետք է կորցնի իր գահը, ապրի անօթևան ու սոված: Մարդուն ըստ հարստության և դիրքի գնահատող հասարակարգի օրենքները Մակբեթին մղում են խլելու իրեն չպատկանող գահը, և նա զրկվում է ամեն ինչից, նաև կյանքից, իսկ պատանի սիրահարներ Ռոմեոյի և Ջուլիետի գեղեցիկ և կենսախինդ սերը դառնում է տոհմերի անմիտ ու դաժան թշնամանքի, ինչ-որ տեղ նաև չար պատահականությունների զոհը:",14.0,"Դրամա, Կենսագրություն"
383,Պուարոյի Սուրբ Ծնունդը,Ագաթա Քրիստի,https://zangakbookstore.am/media/products/300x0/5a84ea00543e9983adaadb018af2fdcb.jpg,https://zangakbookstore.am/puaroyi-surb-tsnundy,"Ագաթա Քրիստիի «Էրքյուլ Պուարոյի Սուրբ Ծնունդը» ընթերցողին արդեն քաջ հայտնի բելգիացի մասնավոր խուզարկուի մասնակցությամբ հերթական դետեկտիվ վեպն է: Վեպն առաջին անգամ հրատարկվել է 1938 թ. Մեծ Բրիտանիայում: Իսկ հետագայում ԱՄՆ-ում հրատարվել է նաև «Սուրբ Ծննդի մարդասպան» և «Տոն մարդասպանի համար» վերանգրերով: Այս անգամ Էրքյուլ Պուարոն կանգնում է ընտանեկան ողբերգության հանգուցալուծման խնդրի առջև: Սուրբ Ծննդյան տոնի նախօրեին «Գորստոն Հոլ» առանձնատանը՝ սեփական սենյակում փակված, ընտանիքի անդամները հայտնաբերում են միլիոնատեր Սիմեոն Լիի մարմինը՝ ամբողջովին արյան մեջ: Սպանության վարկածն անհերքելի է, սակայն առեղծվածի կծիկը քանդելն այնքան էլ հեշտ չէ: Չէ՞ որ սպանության զոհին գրեթե բոլորը ատում էին: Իսկական ժամանակն է գորշ բջիջները գործի դնելու:",14.0,"Դետեկտիվ, Առեղծված"
384,Հետաքննում է Պուարոն,Ագաթա Քրիստի,https://zangakbookstore.am/media/products/300x0/1e51fbbe67f3de52f79a7c00b67907fb.jpg,https://zangakbookstore.am/hetaqnnum-e-puaron,"«Հետաքննում է Պուարոն» դետեկտիվ պատմվածքների ժողովածուն առաջին անգամ տպագրվել է 1924 թվականին: Ընդգրկում է 11 ինքնուրույն ստեղծագործություն, որոնց բոլորի սյուժետային առանցքում Էրքյուլ Պուարոն է՝ նշանավոր բելգիացի խուզարկուն՝ իր սուր մտքով ու խայթող հումորով: Պատմությունները ներկայացված են նրա ընկերոջ՝ կապիտան Հասթինգսի հուշագրությունների ձևով:",14.0,"Պոեզիա, Կենսագրություն"
385,Լատվիացի Պետերը,Ժորժ Սիմենոն,https://zangakbookstore.am/media/products/300x0/4b605d016be592c166b637bb4e064170.jpg,https://zangakbookstore.am/latviatsi-petery,"«Լատվիացի Պետերը» վեպն ընդգրկվել է «Լը Մոնդ» օրաթերթի՝ «Դարի լավագույն գրքերի» հարյուրակում՝ զբաղեցնելով 84-րդ հորիզոնականը: Գիրքն առաջին անգամ լույս է տեսել 1931թ. մայիսին: Սիմենոնի առաջին «Մեգրեն» լավագույնս նկարագրում է ֆրանսիացի խուզարկուի՝ ոչ բոլորին հատուկ տոկուն ու համբերատար բնավորությունը: Ի տարբերություն մյուս քննիչների, ովքեր գործի են դնում առավելապես իրենց դեդուկտիվ հմտությունները, Մեգրեն առաջնորդվում է հոգեբանական կանխազգացումներով: Լատվիացի Պետերի առեղծվածը բացահայտելիս նույնպես խուզարկուն անդավաճան էր իր մեթոդներին՝ սպաել, սպասել. սպասել, մինչև դիմակը կպատռի հենց ինքը՝ հանցագործը: Տարիքը, ըստ երևույթին, 32, հասակը՝ 169…

Բելգիացի գրող, հոգեբանական դետեկտիվ ժանրի աշխարհահռչակ ներկայացուցիչ Ժորժ Սիմենոնը 20-րդ դարի՝ ամենաշատ ընթերցվող հեղինակներից մեկն է: Նա 43 տարում հրատարակել է 425 գիրք, որոնցից 200-ը՝ 16 կեղծանուններով, 220-ը՝ իրական ստորագրությամբ: Սիմենոնը ոստիկանության կոմիսար Մեգրեի մասին 75 վեպ և 28 կարճ պատմվածք է հեղինակել: Թարգմանությունների քանակով գրողն աշխարհում 19-րդ տեղում է. նրա ստեղծագործությունները հրատարակվել են 55 լեզուներով 39 երկրներում:",16.0,"Կենսագրություն, Պոեզիա"
386,Սպանություն Միջագետքում,Ագաթա Քրիստի,https://zangakbookstore.am/media/products/300x0/86a569a5d76a663c447799870bc4cbd6.jpg,https://zangakbookstore.am/spanutyun-mijagetqum,"«Սպանություն Միջագետքում» վեպը Ագաթա Քրիստիի՝ դետեկտիվ ժանրի հերթական գլուխգործոցն է: Առաջին անգամ հրատարակվել է 1936թ. Մեծ Բրիտանիայում, նույն տարում՝ ավելի ուշ, Միացյալ Նահանգներում: Վեպն Ագաթա Քրիստին նվիրել է Իրաքի և Սիրիայի իր հնագետ ընկերներին: Իրադարձությունները պտտվում են Իրաքում հնագետների արշավախմբի ղեկավարի կնոջ՝ Լուիզ Լեյդների շուրջը: Վերջինս ժամանակ առ ժամանակ մահվան սպառնալիքներով լի անանուն նամակներ է ստանում: Ի վերջո, ամուսինը գտնում է նրան իր սենյակում՝ սպանված:

Հերթական անգամ սպանության առեղծվածի հանգուցալուծումը հանձն է առնում բոլորին արդեն քաջ հայտնի բելգիացի մասնավոր խուզարկու Էրքյուլ Պուարոն, որ տարօրինակ պատահականությամբ հայտնվում է Իրաքում: Առաջին սպանությանը, սակայն, հաջորդում է երկրորդը՝ մարդասպանի մասին կարևոր տեղեկություններ հայթայթած վկայի սպանությունը: Եվ Էրքյուլ Պուարոն, գործի դնելով իր փոքրիկ գորշ բջիջները, առանց որևէ փաստի առկայության կարողանում է բացահայտել սպանության առեղծվածը՝ ապավինելով իր հարուստ փորձին ու մարդկային հոգեբանության մասին գիտելիքներին:",14.0,"Դետեկտիվ, Առեղծված"
387,Սև ցելերի սերմնացանը,Ակսել Բակունց,https://zangakbookstore.am/media/products/300x0/3cadc913a887f00cf2db0df06b6ecca7.jpg,https://zangakbookstore.am/sev-tseleri-sermnatsany,"Հայ արձակի մեծագույն վարպետներից մեկի՝ Ակսել Բակունցի (1899-1937) այս ժողովածուն մեկտեղում է նրա «Մթնաձոր», «Սև ցելերի սերմնացանը», «Անձրևը» գրքերի լավագույն պատմվածքները։ Ներառվել են նաև շարքերից դուրս մնացած մի քանի ընտիր պատմվածքներ ու ակնարկներ։ Տեքստերը հրատարակության են պատրաստվել ըստ Ակսել Բակունցի երկերի ակադեմիական հրատարակության",14.0,"Պոեզիա, Կենսագրություն"
388,Ծռմռված տունը,Ագաթա Քրիստի,https://zangakbookstore.am/media/products/300x0/1bbfe0650dfdb6358775f9999c1183e3.jpg,https://zangakbookstore.am/tsrmrvats-tuny,"«Ծռմռված տունը» համարվում է Ագաթա Քրիստիի ամենախճճված վեպը: Հրատարակվել է 1949թ. հետպատերազմյան Անգլիայում: Քրիստիի ամենասիրելի տասը գրքերից մեկն է և այն քչերից, որ գոհացրել են հեղինակին: Վերջինս նշում է, որ հետաքրքիր էր ուսումնասիրել մեկ ընտանիքի պատմությունը՝ իր գաղտնիքներով ու միջանձնային հարաբերություններով: Տան արտասովոր կառուցվածքն էլ խորհրդանշում է այդ հարաբերությունների խճճված բնույթը: Լոնդոնյան արվարձաններից մեկում գտնվող իր տանը առեղծվածորեն մահանում է հույն մեծահարուստ Արիստիդ Լեոնիդիսը: Ընտանիքի անդամներից ոչ ոք չունի ո՛չ նրան սպանելու շարժառիթ, ո՛չ էլ ալիբի: Բնական մա՞հ, ճակատագրական պատահականությո՞ւն, թե՞ կանխամտածված սպանություն. արդյո՞ք Սքոթլենդ Յարդին կհաջողվի պարզել ճշմարտությունը:",12.0,"Դետեկտիվ, Առեղծված"
389,Ես աթոռ եմ․ հեքիաթ իրական կյանքից,Սիմառ,https://zangakbookstore.am/media/products/300x0/f31f558bd544aa6660b4f4dceb57a157.jpeg,https://zangakbookstore.am/es-ator-em-heqiat-irakan-kyanqits,,16.0,Unknown
390,Գրողություններ․ Պատերազմ ա,,https://zangakbookstore.am/media/products/300x0/6138cfaddc060656dd46524a04c17682.jpeg,https://zangakbookstore.am/grokhutyunner-paterazm-a,,16.0,Unknown
391,Նահանջ առանց երգի,Շահան Շահնուր,https://zangakbookstore.am/media/products/300x0/e691cd91484e23e690c13e74047b684a.jpg,https://zangakbookstore.am/nahanj-arants-ergi,"Շահան Շահնուրի (Կ. Պոլիս, 1902, Փարիզ, 1973) «Նահանջը առանց երգի» վեպը նորակազմավոր Սփյուռքի տարեգրության՝ գեղարվեստական ընդհանրացմամբ, հոգևոր ուծացում ապրող հայության վկայություններ ընդգրկող վիպասք է՝ համաժամանակային խորհրդածությունների մղող հարցադրումներով:",12.0,"Կատակերգություն, Դրամա"
392,Կապույտ գնացքի առեղծվածը,Ագաթա Քրիստի,https://zangakbookstore.am/media/products/300x0/72953bbebb2652f829511aed85f7460c.jpg,https://zangakbookstore.am/kapuyt-gnatsqi-arekhtsvatsy,"Մեծահարուստ տիկնոջը դաժանորեն խեղդամահ են արել գնացքի իր խցիկում, իսկ նրա թանկարժեք սուտակներն անհետացել են: Սովորական կողոպո՞ւտ, թե՞ շատ ավելի խճճված մի պատմություն. բացահայտումը մնում է արդեն հանգստի անցած խուզարկու Էրքյուլ Պուարոյին:",12.0,"Դետեկտիվ, Առեղծված"
393,Ոզնու նրբագեղությունը,Մյուրիել Բարբերի,https://zangakbookstore.am/media/products/300x0/6d5ec5425a9c17f52e6217b3a8d62743.jpg,https://zangakbookstore.am/oznu-nrbagekhutyuny,"«Ոզնու Նրբագեղությունը» վեպը ընթերցողի առջև բացում է Փարիզյան էլիտար շենքերից մեկի դռները, հնարավորություն տալիս ներսից ծանոթանալու դրա բնակիչներին, նրանց սովորություններին, տարօրինակություններին, թուլություններին։ Վեպի առանցքային հերոսներն են նույն շենքում բնակվող տասներկուամյա աղջնակն ու տան դռնապանուհին։ Գրականության, արվեստի, փիլիսոփայության և նրանց զրույցների և մտորումների միջոցով մենք խորամուխ ենք լինում կենսակարևոր բազում հարցերի մեջ։",14.0,"Դրամա, Կատակերգություն"
394,Խաղաղ ամերիկացին,Գրեհեմ Գրին,https://zangakbookstore.am/media/products/300x0/a77dd777deff514190653d8446be4be7.jpg,https://zangakbookstore.am/khakhakh-amerikatsin,"Գրեհեմ Գրինի «Խաղաղ ամերիկացին» վեպը (1955) մի նոր շրջանի սկիզբ է հեղինակի ստեղծագործության մեջ։ Այն գրված է հեղինակի անձնական տպավորությունների հիման վրա։ Նա մի քանի տարի ապրել է Վիետնամում, երբ այդ երկրի ժողովուրդը ազգային-ազատագրական պատերազմ էր մղում ֆրանսիացի գաղութարարների դեմ։ «Խաղաղ ամերիկացին» բազմակողմանի ստեղծագործություն է։ Այստեղ կան արկածային վեպի տարրեր, հոգեբանական դրամա, ռազմական ռեպորտաժ, էրոտիկ էջեր և քաղաքական սուր պամֆլետ։ Սակայն այդ բոլորը մեծ վարպետությամբ օրգանապես միաձուլված են իրար:",16.0,"Կենսագրություն, Դրամա"
395,Գեներալն իր լաբիրինթոսում,Գաբրիել Գարսիա Մարկես,https://zangakbookstore.am/media/products/300x0/c04894d2892f5c073fba3ca9ccf413f8.jpg,https://zangakbookstore.am/generaln-ir-labirintosum,"Քիչ բան է հայտնի Լատինական Ամերիկան իսպանական գաղութատիրությունից ազատագրող ամենակարկառուն առաջնորդներից մեկի՝ Սիմոն Բոլիվարի վերջին ուղևորության մասին Մագդալենա գետով, երբ ժողովրդի կողմից Ազատարար հռչակված, ռոմանտիկ, երդվյալ իդեալիստ այդ հերոսը, բազմաթիվ քաղաքական և ռազմական դավադրությունների թիրախ դառնալով, միասնական, մեծ ու հզոր Ամերիկա ստեղծելու իր երազանքը փլված տեսնելուց հետո, հիվանդ ու լքված, հավատարիմների փոքրաթիվ շքախմբի հետ որոշում է Եվրոպա մեկնել: Համադրելով պատմական հայտնի փաստերն իր վառ երևակայության հետ, դեգերելով գեներալի հիշողությունների լաբիրինթոսում՝ հեղինակը լրացնում է այդ բացը, իր անզուգական վարպետությամբ իրականությունը դարձնում առասպել, իսկ առասպելը՝ իրականություն:",16.0,"Կենսագրություն, Թրիլլեր"
396,Սպանություն վիկարի տանը,Ագաթա Քրիստի,https://zangakbookstore.am/media/products/300x0/e7cfb91be41d2a938cd8609de0657b04.jpg,https://zangakbookstore.am/spanutyun-vikari-tany,"«Սպանություն Վիկարի տանը» վեպը Ագաթա Քրիստիի առաջին մեծածավալ ստեղծագործությունն է, որտեղ հանդիպում ենք ամենատես միսս Մարփլի կերպարին: Գիրքն առաջին անգամ լույս է տեսել 1930 թվականին: 1949-ին որպես պիես բեմադրվել է Լոնդոնի «Փլեյհաուս» թատրոնում: Միսս Մարփլի դերը կատարում էր հանրահայտ Բարբարա Մալենը:",14.0,"Պոեզիա, Կենսագրություն"
397,Դոն Պեռլիմպլինի սերն իր այգում առ Բելիսան,Ֆեդերիկո Գարսիա Լորկա,https://zangakbookstore.am/media/products/300x0/725bba4619a349dfcede77eab972153a.jpg,https://zangakbookstore.am/don-perlimplini-sern-ir-aygum-ar-belisan,"Հատընտիրը կազմված է Ֆեդերիկո Գարսիա Լորկայի յուրօրինակ դրամատուրգիական աշխարհի ժանրային բազմազանությունը ներկայացնելու նկատառմամբ. «Դոն Պեռլիմպլինի սերն իր այգում առ Բելիսան» (1928, առաջին բեմ.՝ 1933) տրագիկոմեդիա է, «Կոշկակարի հրաշալի կինը» (1926-30, վերանայվել է 1933-ին, առաջին բեմ.՝ 1933)՝ ֆարս, «Արյունոտ հարսանիքը» (1932, առաջին բեմ.՝ 1933) ողբերգություն է, իսկ «Բեռնարդա Ալբայի տունը» (1936, առաջին բեմ.՝ 1945)՝ դրամա: Բոլոր գործերն էլ առաջին անգամ են բնագրից թարգմանվել հայերեն:

Հատընտիրը կազմված է Ֆեդերիկո Գարսիա Լորկայի յուրօրինակ դրամատուրգիական աշխարհի ժանրային բազմազանությունը ներկայացնելու նկատառմամբ. «Դոն Պեռլիմպլինի սերն իր այգում առ Բելիսան» (1928, առաջին բեմ.՝ 1933) տրագիկոմեդիա է, «Կոշկակարի հրաշալի կինը» (1926-30, վերանայվել է 1933-ին, առաջին բեմ.՝ 1933)՝ ֆարս, «Արյունոտ հարսանիքը» (1932, առաջին բեմ.՝ 1933) ողբերգություն է, իսկ «Բեռնարդա Ալբայի տունը» (1936, առաջին բեմ.՝ 1945)՝ դրամա: Բոլոր գործերն էլ առաջին անգամ են բնագրից թարգմանվել հայերեն:",16.0,"Դրամա, Ռոմանս"
398,Պասկուալ Դուարտեի ընտանիքը,Կամիլո Խոսե Սելա,https://zangakbookstore.am/media/products/300x0/ca03458c19a396447032e791eec47599.jpg,https://zangakbookstore.am/paskual-duartei-yntaniqy,"«Պասկուալ Դուարտեի ընտանիքը» վեպը (1942) պատմում է Պասկուալ անունով գեղջուկի մասին, որը մահապատժից առաջ գրի է առնում իր կյանքի պատմությունը, որը սկզբից մինչև վերջ ցավոտ և սոսկալի խոստովանություն է սեփական սխալների և արյունալի գոյության մասին, որը նա ստիպված է եղել ապրել: Մարդն ի սկզբանե չա՞ր է ծնվում, թե՞ հասարակությունն է նրան այդպիսին դարձնում, ահա Պասկուալի միակ հարցը, որին ընթերցողը պետք է պատասխանի՝ ի վերջո նա զո՞հ է, թե՞ մարդասպան: Գրաքննադատներից շատերի կարծիքով՝ այս վեպը Իսպանիան ներսից պառակտող հիմնախնդիրների այլաբանական պատկերումն է, և ուրեմն, Պասկուալ Դուարտեի ընտանիքի միջոցով Կամիլո Խոսե Սելան բացահայտում, քննադատում է հետպատերազմյան տարիների ապականված Իսպանիան:",16.0,"Դրամա, Թրիլլեր"
399,Վայրի խոտեր,Անուշ Քոչարյան,https://zangakbookstore.am/media/products/300x0/cdcde6cb9cb2127162a6212d4402f9c7.jpeg,https://zangakbookstore.am/vayri-khoter,,16.0,Unknown
400,"Հարավսլավիա, իմ հայրենիք",Գորան Վոյնովիչ,https://zangakbookstore.am/media/products/300x0/d4645d037269bf52d782d6d75baa2d40.jpeg,https://zangakbookstore.am/haravslavia-im-hayreniq,,16.0,Unknown
401,Ոգիների տունը,Իսաբել Ալյենդե,https://zangakbookstore.am/media/products/300x0/c0d63aa389556f69f2b5516a42e2a5e7.jpg,https://zangakbookstore.am/ogineri-tuny,"Իսաբել Ալյենդեի մանկական հիշողություններից ծնված «Ոգիների տունը» (1982) դեբյուտային վեպը վառ, հարավամերիկյան գույներով պատկերում է Տրուեբա ընտանիքի պատմությունը՝ լի զվարճալի դրվագներով ու դրամատիկ զարգացումներով։ Այս ընտանիքի պատմության մեջ արտացոլվում է նաև մի ամբողջ երկրի՝ Չիլիի մի քանի տասնամյակների պատմությունը՝ մշակութային ու քաղաքական իր ողջ հարստությամբ և հակասականությամբ։ Այս վեպը շարունակում է մոգական ռեալիզմի ավանդույթները, որոնք ներկայացվում են կին հեղինակի դիտանկյունից։",16.0,"Կենսագրություն, Կատակերգություն"
402,Մահը,Նար-Դոս,https://zangakbookstore.am/media/products/300x0/e93253b114807590cd5092844a2b6740.jpg,https://zangakbookstore.am/mahy,"Նար-Դոսի (1867-1933) «Մահը» վեպը հայ դասական վիպագրության նվաճումներից է: Արտացոլելով XIX դարավերջի հայ մտավորականության գաղափարական ըմբռնումներն ու հասարակության կենցաղն ու բարքերը՝ վեպը ընդհանրացնում է մի ամբողջ դարաշրջանի պատկեր՝ հոգեբանական նուրբ ու դիպուկ սուզումներով, բազմաբնույթ կերպարներով և գաղափարական սուր ու հաճախ՝ ողբերգական ընդգծումներով:",14.0,"Պոեզիա, Պատմական գեղարվեստական գրականություն"
403,Մանկություն. պատանեկություն. երիտասարդության սեմին,Գուրգեն Մահարի,https://zangakbookstore.am/media/products/300x0/1ee4704a0105f7411d81703b93fc1b5f.jpg,https://zangakbookstore.am/mankutyun-patanekutyun-eritasardutyan-semin,"Գուրգեն Մահարու ինքնակենսագրական եռագրությունը XX դարասկզբի հայ հասարակական- քաղաքական կյանքի կարևոր ու մնայուն գրական վկայություններից է: Սույն հրատարակությունն իր ամբողջականությամբ շահեկանորեն տարբերվում է անգամ երկերի լիակատար ժողովածուում հրապարակված հատորից (2015 թ.): Ի լրումն Ե. Չարենցի անվան գրականության և արվեստի թանգարանում պահպանվող «Երիտասարդության սեմին» վիպակի երկու բնագիր- տետրերի, վերջերս գրողի ընտանեկան արխիվում հայտնաբերվել են ևս երկուսը՝ վերաքննված նոր հատվածներով, որոնք տպագրվում են առաջին անգամ:",12.0,"Պոեզիա, Կենսագրություն"
404,"Յակոբսեն, Այրված քաղաքի հրեշտակը",Ռոյ Յակոբսեն,https://zangakbookstore.am/media/products/300x0/b1535df447dab2f89a1ee452c56c46b8.jpg,https://zangakbookstore.am/yakobsen-ayrvats-qakhaqi-hreshtaky,"Նորվեգացի գրողը նկարագրում է 1939-40 թթ. ռուս-ֆիննական պատերազմի թոհուբոհում հայտնված մի անտառահատի արկածները: Այդ պատերազմի արդյունքում, որն ասես ռուսների այժմ վարվող պատերազմի երկվորյակն էր, Ռուսաստանը ստացավ Ֆինլանդիայի տարածքի 11% տոկոսը, և 450 հազար ֆիններ հեռացան այդ տարածքից: Իսկ Սովետական Միության դեմ պատժամիջոցը դարձավ Ազգերի լիգայից վտարելը:",16.0,"Պատմական գեղարվեստական գրականություն, Կենսագրություն"
405,"Թուղթ, մկրատ, գույն",Դավիթ Ավանեսյան,https://zangakbookstore.am/media/products/300x0/add397cb7f4c24ee36b4d66836946af4.jpg,https://zangakbookstore.am/tukht-mkrat-guyn,"Գիրքը պատմում է արվեստի տարբեր ներկայացուցիչների և գործերի մասին, ծանոթացնում հետաքրքիր փաստերի հետ և առաջարկում կատարել փորձեր: Հեղինակը, ուսումնասիրելով նմանատիպ այլ գրքեր, հղացել է նորովի մոտեցմամբ ներկայացնելու հայ և օտարերկրացի անվանի մարդկանց: Գրքում նաև կգտնեք տարբեր առաջադրանքներ, որոնք կնպաստեն ձեր ստեղծագործական մտքի զարգացմանը:",12.0,"Դրամա, Կենսագրություն"
406,Սանին,Միխայիլ Արցիբաշև,https://zangakbookstore.am/media/products/300x0/55f301f3dfa1ebcc23461b6d0c4a3168.jpeg,https://zangakbookstore.am/sanin,,16.0,Unknown
407,Միջնաբերդ,Անտուան դը Սենտ-Էքզյուպերի,https://zangakbookstore.am/media/products/300x0/640d715bc94a1a489082888790a87122.jpg,https://zangakbookstore.am/mijnaberd,"Հատորում ներկայացված է Անտուան դը Սենտ-Էքզյուպերիի կոթողային երկը՝ «Միջնաբերդը», որ հեղինակը թողել է անավարտ: Առաջին անգամ այն լույս է տեսել Էքզյուպերիի մահվանից 4 տարի անց՝ 1948 թվականին: Ամբողջացնելով գրողի խորհրդածություններն ու ներքին կենսագրությունը՝ երկը փորձում է ժամանակակից մարդուն հուշել ոգու հաղթանակի իր բանաձևը՝ հանգելով անառիկ միջնաբերդի սևեռուն պատկերին: 1936-1944 թթ. գրված այս ստեղծագործության առաջին հրատարակությանը հետևել են երկի կրճատ, ադապտացված հրատարակություններ: Գրքում ներկայացվում է երկի ամբողջական տարբերակը:",12.0,"Պոեզիա, Կենսագրություն"
408,Ժողովրդի հայրերը,Հովիկ Աֆյան,https://zangakbookstore.am/media/products/300x0/6508d7197e3220265d1cede7b365423f.jpg,https://zangakbookstore.am/zhokhovrdi-hayrery,"Աշխարհում չկա մի որդի, որը գոնե մեկ օր չի փնտրել իր հորը: Այս պատմությունն այդ օրվա մասին է: Վեպը չի հավակնում դառնալ հայրագիտության դասագիրք, առավել ևսանհույս միջնորդ-հաշտարար՝ հայրեր ու որդիներ հավերժ պատերազմում. այն ընդամենը ցույց է տալիս շեղված ճանապարհը այն օրից, երբ «Ծովինար խանում, էնոր քեռմեր ու աղջիկներ գնացին պըտըտելու Կաթնով Աղբյուր»: Սա անտեսանելի հայրերի ու չտեսնված որդիների՝ երկիր բերող ու երկրից տանող ոտնահետքերի ամբողջությունն է: Երջանիկ քաղաք կամ Անվախ Հանրապետություն, որտեղ մի ամբողջ ժողովուրդ լուռ հարցնում է Ծովինար նախամորը. «Իսկ ո՞վ է իմ հայրը և որտե՞ղ է նա»: Այս գիրքը չորս հերոս ունի, չորսն էլ ամեն օր լողանում են:",16.0,"Դրամա, Ֆանտաստիկա"
409,Մի բուռ արև,Սիրանուշ Զախարյան,https://zangakbookstore.am/media/products/300x0/f94b917386f8dca33fd921dbbddd9fcf.jpg,https://zangakbookstore.am/mi-bur-arev,"<<Մի բուռ արև>> վիպակում հնարավորինս պարզ նկարագրված է տիեզերական ամբողջության մի մասնիկին՝ մարդուն բնորոշող զգացողությունների ու արժեքների հսկայական համակարգից մի կարևորագույն փունջ․  ընկերություն, սեր, հիասթափություն, ընտանիք, ընտանեկան դաստիարակության հոգեբանական հետևանքներ, հայրենասիրություն, վստահություն, անկոտրում ոգու պայքար, պատերազմից հետո հոգեբանական վերականգնման համար աջակցության անհրաժեշտություն, կյանքի անցողիկություն։ Հիմնական շեշտը դրված է այն անհերքելի փաստի վրա, որ մեզնից յուրաքանչյուրն այստեղ ժամանակավորապես գոյություն է՝ մոլորակի  կարճաժամկետ սպառողը, ու մեզնից յուրաքանչյուրի կյանքն իր ձեռքերում է․ կյանքը մեր որոշումների շղթան է։ Ու որքան շուտ հասկանանք, որ մեր ոչ մի օրը սևագրելու համար տողեր չունի, այնքան մեր հոգու խաղաղությանն ու վերելքին նպաստող որոշումները կկայացնենք ժամանակին։ Կյանքում ամեն ինչ մեզ տրվում է ժամանակին։ Բայց մենք հաճախ ճիշտ պահին չենք ընդունում մեզ տրվածը։ Հաճախ նախորդ ցավը ավելի երկար ենք ամոքում, նախորդ պահի երջանկությունից ավելի երկար ենք խանդավառվում,  քան պետք էր։ Ու մենք անդադար սովորում ենք՝ «Ամեն ինչ էլ, ամեն ինչին էլ սովորում ենք՝ ժամանակին, ժամանակից շուտ կամ մի քիչ ուշացած», միայն թե ուշացած սովորելու դեպքում բաց ենք թողնում մեզ ընծայվածը ճիշտ պահին ընդունելու հնարավորությունը։",11.0,"Թրիլլեր, Դրամա"
410,Երբ մենք որբ էինք,Կազուո Իշիգուրո,https://zangakbookstore.am/media/products/300x0/d1ff69f2c670ba1ef0eb3d92a8cd0280(1).jpg,https://zangakbookstore.am/erb-menq-orb-einq,"Ճանաչված անգլիացի դետեկտիվ Քրիստոֆեր Բենքսը մանկությունն անց է կացրել Շանհայում, սակայն ծնողների՝ կասկածելի հանգամանքներում անհետանալուց հետո վերադարձել է հայրենիք։ Քրիստոֆերը միշտ երազել է բացահայտել ծնողների անհետացման առեղծվածը։ Վերջապես նա հնարավորություն ունի իրականացնելու իր վաղեմի երազանքը՝ ուղևորությունը դեպի Շանհայ, որտեղ նրան սպասում են անսպասելի բացահայտումներ:",16.0,"Առեղծված, Դետեկտիվ"
411,Իլիական,Հոմերոս,https://zangakbookstore.am/media/products/300x0/06e0bdc16cd46f396a16c506dbb8af07.jpg,https://zangakbookstore.am/iliakan,"Գիրքն ընդգրկում է անտիկ աշխարհի մեծագույն բանաստեղծ, եվրոպական գրականության սկզբնավորող Հոմերոսի (մ. թ. ա. VIII դար) առաջին էպիկական պոեմի՝ «Իլիա-կան»-ի հին հունարեն բնագրից արևելահայերեն նոր ամբողջական թարգմանություն՝ ընդարձակ առաջաբանով և ծանոթագրություններով: Քիչ երկեր կան, որոնք իրենց նշա-նակությամբ ու եվրոպական մշակույթի վրա հսկայական ազդեցությամբ կարող են համե-մատելի լինել գրական այս անմահ կոթողի հետ։ «Իլիական»-ը հիացմունքի և նմանակման առարկա է եղել թե՛ անտիկ աշխարհում, թե՛ միջնադարում ու Վերածննդի շրջանում և թե՛ նոր ժամանակներում: Իբրև էպոսի անգերազանցելի նմուշ, այն շարունակում է մեզ գերել ու հիացնել նաև այսօր: Կազմի առաջին էջին՝ «Հե÷եստոսն Աքիլլեսի համար իր կերտած զենք-զրահը տալիս է Թետիսին» («Իլիական», XVIII.614–615), մ.թ.ա. 490–480 թթ. ատտիկյան կարմրաֆիգուր կիլիքս, Հնությունների թանգարան (Altes Museum), Բեռլին: Չորրորդ էջին՝ «Հեկտոր, Հե-կաբե և Անդրոմաքե» («Իլիական», VI.251–285, 390–496), մանրանկար՝ V–VI դդ. Ամբրոզ-յան «Իլիական» (Ilias Ambrosiana) բացառիկ ձեռագրից (էջ 21v), որը պահվում է Միլանի Ամբրոզյան գրադարանում (Bibliotheca Ambrosiana, Cod. F 205 Inf.): Կռնակին՝ Հոմերոս, մ.թ.ա. մոտ 200 թվականի հելլենիստական քանդակի հռոմեական պատճեն, Կապիտոլյան թանգարաններ (Musei Capitolini), Հռոմ:",14.0,"Պատմական գեղարվեստական գրականություն, Պոեզիա"
412,Ջեննի Գերհարդ,Թեոդոր Դրայզեր,https://zangakbookstore.am/media/products/300x0/33c825ece68ce695afb9c045d332687c.jpeg,https://zangakbookstore.am/jenni-gerhard,"«Ջեննի Գերհարդ»  ամերիկյան գրող Թեոդոր Դրայզերի երկրորդ վեպն է՝ հրատարակված 1911 թվականին։ Գրքի գլխավոր հերոսուհուն՝ Ջենևիևին, ով ապրում է Օհայո նահանգում, գայթակղում է սենատոր Բրանդերը։ Բրենդերը խոստանում է ամուսնանալ Ջեննիի հետ։ Այնպես է ստացվում, որ շուտով Ջեննին հղիանում է, իսկ Բրանդերը մահանում է։ Երեխայի ծնվելուց հետո Ջեննին ընտանիքով տեղափոխվում է Քլիվլենդ, որտեղ աշխատանքի է անցնում մի մեծահարուստ տիկնոջ մոտ՝ որպես աղախին։ Ծանոթանում է Լեսթեր Քեյնի՝ խոշոր արդյունաբերողի որդու հետ։ Ջեննին սիրահարվում է Լեսթերին։ Նրանք տեղափոխվում են Չիկագո։ Լեսթերի հայրը մահից առաջ այնպես է փոխում կտակը, որ Լեսթերը կարողանա ստանալ ժառանգության իր բաժինը միայն Ջեննիից բաժանվելու դեպքում։ Լեսթերը երկար ժամանակ չի կարողանում որոշում ընդունել։ Ջեննին որոշում է զոհաբերել սեփական երջանկությունը հանուն Լեսթերի և համոզում է նրան թողնել իրեն։Որոշ ժամանակ անց սենատոր Բրանդերի և Ջեննիի աղջիկը մեռնում է։ Մի քանի տարի անց հիվանդանում է Լեսթեր Քեյնը։ Ջեննին խնամում է նրան։ Լեսթերը վերջապես սեր է խոստովանում նրան։ Մի քանի օր անց Լեսթերը մահանում է։ Ջեննին գաղտնի կերպով ներկա է գտնվում նրա թաղմանը։",14.0,"Դրամա, Ռոմանս"
413,Մեդեան և իր զավակները,Լյուդմիլա Ուլիցկայա,https://zangakbookstore.am/media/products/300x0/dc32cf05c0077f3760b10c4620f9dd8a.jpeg,https://zangakbookstore.am/medean-ev-ir-zavaknery,,16.0,Unknown
414,Մահվան պես հզոր,Գի դը Մոպասան,https://zangakbookstore.am/media/products/300x0/e75ca8ca8c37e8230f3e0bc7208e3cb9.jpeg,https://zangakbookstore.am/mahvan-pes-hzor,,14.0,Unknown
415,Վեց խնդիր դոն Իսիդրո Պարոդիի համար,"Խորխե Լուիս Բորխես, Ադոլֆո Բիոյ Կասարես",https://zangakbookstore.am/media/products/300x0/45c0c9fe315b40b6c6cc71d02591efd6.jpeg,https://zangakbookstore.am/vets-khndir-don-isidro-parodii-hamar,"«Վեց խնդիր դոն Իսիդրո Պարոդիի համար» պատմվա ծքների ժողովածուն նորիո Բուստոս Դոմեկ կեղծանվամբ հեղինակել են որխե Լուիս Բորխեսը և Ադոլֆո Բիոյ Կասա րեսը։ 1942–ին լույս տեսած այս գրական «աճպարարությունը» արգենտինական գրականության նվաճումներից է և հեգնում է դետեկտիվ ժանրի բոլոր կանոնները: Այն լիովին կայացած գրողների գեղեցիկ համագործակցություն է:

Գործող անձինք հայտնվում են լեգենդար համար 273 խցում: Առաջին խորհրդակցության ժամանակ ներկայաց– նում են հանելուկը, որն ապշեցրել է իրենց, այնուհետև լսում են լուծումը, որից պապանձվում են բոլորը։ Հեղինակը պար– զեցնում է հեռադիտակային իրականությունը և դեպքի բոլոր դափնիները թափում Պարոդիի գլխին:

Գիրքը քսաներորդ դարասկզբի Արգենտինայի հասա րակության վատատեսական ախտորոշում է:",16.0,"Կենսագրություն, Դրամա"
416,Քոռ բու,Սադեղ Հեդայաթ,https://zangakbookstore.am/media/products/300x0/989cb8bd0e1634eeaac60a516df75930(1).jpeg,https://zangakbookstore.am/qor-bu,,16.0,Unknown
417,ԱԼ տառը,Նաթանիել Հոթորն,https://zangakbookstore.am/media/products/300x0/d9096cc06546501133d042a94df94b72.jpeg,https://zangakbookstore.am/al-tary,,16.0,Unknown
418,Զատիկը,Դեյվիդ Հերբերթ Լոուրենս,https://zangakbookstore.am/media/products/300x0/4dbac9c94e3b589ffcaa4ebf7dd51c58.jpeg,https://zangakbookstore.am/zatiky,,16.0,Unknown
419,Չարքապատում,Միխայիլ Բուլգակով,https://zangakbookstore.am/media/products/300x0/7544d58060d355246de0ff84949a0d7f.jpeg,https://zangakbookstore.am/charqapatum,,16.0,Unknown
420,Ճակատագրի ձվերը,Միխայիլ Բուլգակով,https://zangakbookstore.am/media/products/300x0/39ee0d0f4a0193844dbd2e775bfa0362.jpeg,https://zangakbookstore.am/chakatagri-dzvery,,16.0,Unknown
421,Սիրիր մերձավորիդ,Էրիխ Մարիա Ռեմարկ,https://zangakbookstore.am/media/products/300x0/8865d5f0e5d316db9a884bd6449fb13f.jpg,https://zangakbookstore.am/sirir-merdzavorid,"«Սիրիր մերձավորիդ» (Liebe Deinen Nächsten) վեպը Է. Մ. Ռեմարկը սկսել է գրել 1938-ի ապրիլին՝ Յութա Իլզե Ցամբոնայի հետ ամուսնանալուց կարճ ժամանակ անց՝ շվեյցարական աքսորի տարիներին: Առաջին անգամ հրատարակվել է 1941-ին՝ Ստոկհոլմի «Բերման Ֆիշեր» աքսորյալների հրատարակչությունում: Գերմանիայում հրատարակվել է միայն 1953-ին:

Վեպի առանցքում բախտակից երեք էմիգրանտների կյանքի պատմությունն է: Քսանմեկամյա Լյուդվիգ Քեռնի, փորձառու, տարեց էմիգրանտ Շթայների և Քեռնի սիրելիի՝ Ռութի շուրջ են ծավալվում վեպի անչափ հուզիչ գործողությունները: Էմիգրանտներ, որ լքել են նացիոնալ-սոցիալիստական Գերմանիան և փորձում են եվրոպական մյուս երկրներում տանիք և աշխատանք գտնել: Պրահայով և Վիեննայով առանց անձնագրի ու փաստաթղթերի փախուստ Շվեյցարիա, նացիոնալ-սոցիալիստների մշտարթուն հետապնդումներ նաև Գերմանիայից դուրս, ի վերջո դրամատիկ հանգուցալուծում Փարիզում: Ուրախ և տխուր, երջանիկ և դժբախտ ակնթարթներ, որ անսպասելի հետևում են իրար ու ի վերջո ըմբռնել տալիս, որ կյանքում ամենակարևորը նույնիսկ ամենածանր պահերին մերձավորի հանդեպ սերն է և հոգատարությունը:",14.0,"Դրամա, Թրիլլեր"
422,Հավալուսն,Սերգեյ Մանուկյան,https://zangakbookstore.am/media/products/300x0/214eca5fcd91d7d07fc8edfd17c99f4e.jpeg,https://zangakbookstore.am/havalusn,,16.0,Unknown
423,Թումանյան քառյակներ,Հովհաննես Թումանյան,https://zangakbookstore.am/media/products/300x0/1d2346046a05e7dc09973ef7f3fe32e7.jpeg,https://zangakbookstore.am/tumanyan-qaryakner,,6.0,Unknown
424,Թաթուլ Վանանդեցի,Արտյոմ Առուստամյան,https://zangakbookstore.am/media/products/300x0/dba1d8c7694ab551df16884584070d61.jpg,https://zangakbookstore.am/tatul-vanandetsi,"1054 թվական։ Օգոստոս ամիս։ Կարսում բոլորն ապրում էին իրենց բնականոն կյանքով մինչև այն պահը, երբ Կարինից լուր ստացվեց, որ քաղաքը հայտնվել էր սելջուկյան թյուրքերի հսկայական զորքի նշանառության տակ, որոնք, սուլթան Տուղրիլ բեկի գլխավորությամբ, մեկ շաբաթից կլինեին Կարսի մատույցներում։ Քաղաքի զինվորական վերնախավը՝ սպարապետ Թաթուլ Վանանդեցու և արքա Գագիկ Կարսեցու գլխավորությամբ, սկսում են քաղաքի պաշտպանության իրականացումը, որին մասնակցում էին բոլոր կարսեցիներն անխտիր...
Վեպը, որի հիմքում իրական դեպքեր ու կերպարներ են, պատմում է պայքարի ու սիրո տարաբնույթ արտահայտումների մասին՝ համեմված տեսարանային վառ նկարագրություններով, բազմաժանր զրույցներով ու դինամիկ, ժամանակային լայն տարածություն ընդգրկող սյուժեով։",16.0,"Թրիլլեր, Դրամա"
425,Պատգամ,Ֆերնանդու Պեսոա,https://zangakbookstore.am/media/products/300x0/5aad66de0910f27e6f35c87fd0e9b9ab.jpeg,https://zangakbookstore.am/patgam,,16.0,Unknown
426,Հինգ խոզուկներ,Ագաթա Քրիստի,https://zangakbookstore.am/media/products/300x0/a9789cdc7e74d7e60a57245ef7c99c73.jpg,https://zangakbookstore.am/hing-khozukner,"Տասնվեց տարի առաջ կատարված հանցագործությունը վկաներից յուրաքանչյուրը վերհիշում ու վերապատմում է իր տեսանկյունից, իսկ մասնավոր խուզարկու Էրքյուլ Պուարոն համոզված է, որ ճշմարտությունը բացահայտել կարող է նաև առանց իրեղեն ապացույցների՝ համադրելով յուրաքանչյուրի պատմածն ու այդ ամենը հոգեբանորեն վերլուծելով:",12.0,"Դետեկտիվ, Առեղծված"
427,սիրիավեպ,Լուսինե Խառատյան,https://zangakbookstore.am/media/products/300x0/d2154d7632049a6da815c9f7eb70d231.jpeg,https://zangakbookstore.am/siriavep,,16.0,Unknown
428,Աբել Սանչես,Միգել դե Ունամունո,https://zangakbookstore.am/media/products/300x0/4946279fa38864bb7e06b5b4680d5610.jpeg,https://zangakbookstore.am/abel-sanches,"«Աբել Սանչես կամ մի տառապանքի պատմություն» խոստովանական վեպը երկու ընկերների՝ Խոակին Մոնեգրոյի և Աբել Սանչեսի ողբերգական պատմությունն է, որը կարելի է ընթերցել իբրև աստվածաշնչյան Աբելի և Կայենի մեկ այլ տարբերակ, որի միջոցով Ունամունոն փորձում է ներթափանցել իսպանացիներին հատուկ պատմական երկու արատների՝ նախանձի և ցինիզմի խորխորատները: Խոակինն անհաղթահարելի նախանձ է զգում Աբելի նկատմամբ, հատկապես երբ վերջինս ամուսնանում է Էլենայի՝ Խոակինի սիրած աղջկա հետ: Այդ պահից սկսած Խոակինի ցանկացած փորձ՝ մոռանալու կամ գերազանցելու ընկերոջը, դատապարտված է, ուստի նա իր կյանքը նվիրում է քայքայող տառապանքին, որն ավարտվում է սկզբում Աբելի, հետո նաև՝ Խոակինի մահով:",16.0,"Դրամա, Թրիլլեր"
429,Ուլյոա տոհմական ամրոցը,Էմիլիա Պարդո Բասան,https://zangakbookstore.am/media/products/300x0/49bdadf4e93d6c0863da830781d6093b.jpg,https://zangakbookstore.am/ulyoa-tohmakan-amrotsy,"«Ուլ յոա տոհմական ամրոցը» վեպը իսպանացի մեծագույն գրող, լրագրող, քննադատ, թարգմանիչ, նատուրալիզմն իսպանական գրականություն բերող և կանանց իրավունքների պաշտպան Էմիլիա Պարդո Բասանի (1851-1921) գլուխգործոցն է: Պարդո Բասանը վաղ տարիքից է սկսել ստեղծագործել, 1880-ականներին արդեն հայտնի էր որպես բանաստեղծուհի և երկու վեպերի հեղինակ, սակայն նրան միանգամից հռչակ է բերում 1886-ին լույս տեսած «Ուլ յոա տոհմական ամրոցը» վեպը, որը քննադատները դասում են XIX դարի կարևորագույն գործերի շարքին: Վեպում հեղինակը տոհմական ամրոցի, դրա երիտասարդ տիրոջ՝ մարքիզ դոն Պեդրո Մոսկոսոյի և մյուս բնակիչների օրինակով նատուրալիստական գծերով ներկայացնում է քաղաքակրթությունից կտրված գալիսիական գյուղը, այնտեղի բիրտ բարքերը, որոնք ի վերջո ճզմում և լուսանցք են նետում տիրող իրավիճակին չհարմարվող կիրթ ու բարոյական անձանց, ինչպիսիք են մարքիզի կինը և ամրոցի կապելլանը: 1985-ին վեպն էկրանացվել է և մեծ հաջողություն ունեցել Իսպանիայում:",16.0,"Կենսագրություն, Երիտասարդական"
430,Սև լույսի ծանր ստվերները,Ար-Մեն,https://zangakbookstore.am/media/products/300x0/21d7ffb77f088623388c4617c066fba3.jpeg,https://zangakbookstore.am/sev-luysi-tsanr-stvernery,,18.0,Unknown
431,Ալ մոնումենտ կամ մեծ մութը,Ջեսահ,https://zangakbookstore.am/media/products/300x0/29c79cce00f1abc5fdd076dc46345659.jpg,https://zangakbookstore.am/al-monument-kam-mets-muty,"Ջեսահի «Ալ մոնումենտ կամ մեծ մութը» վեպ է մարդկային կրքի, աշխարհաստեղծման, և, որ ամենակարևորն է, ազատության մասին՝ գրելու անկաշկանդ և ոչ ընդունված ձևով: Ընթերցողին սպասվում է ոչ դյուրին ուղևորություն, որը կարելի է ատել կամ սիրել միայն:",16.0,"Դրամա, Կատակերգություն"
432,Առեղծվածային պատահար Սթայլզում,Ագաթա Քրիստի,https://zangakbookstore.am/media/products/300x0/d9073edaa674d5ffa8ad453d945caa9f.jpg,https://zangakbookstore.am/arekhtsvatsayin-patahar-staylzum,"Ագաթա Քրիստիի «Առեղծվածային պատահար Սթայլզում» վեպը տարիներ շարունակ միլիոնավոր ընթերցողների գրաված ստեղծագործություններից առաջինն է: 1920 թվականին լույս տեսած գրքում առաջին անգամ հանդիպում ենք աշխարհահռչակ խուզարկու Էրքյուլ Պուարոյին: Բելգիական ոստիկանության նախկին սպան իր մի քանի հայրենակիցների հետ ապաստան է գտել Սթայլզ Քորթ կալվածքի հարևանությամբ՝ փախստականների համար նախատեսված կացարանում: Կալվածքի մեծահարուստ տիրուհու՝ միսիս Ինգլթորփի մահն իսկական իրարանցում է առաջացնում գյուղում, և ընտանիքի անդամները դիմում են Պուարոյին՝ առեղծվածի կծիկը քանդելու:

«Դետեկտիվի թագուհի» Ագաթա Քրիստիի պատկերավոր սպանությունների առեղծվածները տասնամյակներ շարունակ հետապնդել են ընթերցողներին: Նրա գրքերը հրատարակվել են ավելի քան 2 միլիարդ տպաքանակով և թարգմանվել են աշխարհի շուրջ 100 լեզուներով: Ագաթա Քրիստին գրանցված է Գինեսի համաշխարհային ռեկորդների գրքում՝ որպես բոլոր ժամանակների ամենավաճառված վիպագիրը: Նա նաև աշխարհի ամենաշատ թարգմանված հեղինակն է՝ առաջ անցնելով Ժյուլ Վեռնից և Ուիլյամ Շեքսպիրից: Բոլոր ժամանակների ամենախորհրդավոր պատմություններն ու կերպարները կերտած այս բրիտանացի վիպասանը աշխարհին նմանը չունեցող ժառանգություն է թողել:",12.0,"Դետեկտիվ, Առեղծված"
433,Քո երկրի դեսպանը,Ռուբեն Ֆիլյան,https://zangakbookstore.am/media/products/300x0/e5485a8823ba344078e18c7923dc1c24.jpeg,https://zangakbookstore.am/qo-erkri-despany-1,,16.0,Unknown
434,Քո երկրի դեսպանը (Կոշտ կազմ),Ռուբեն Ֆիլյան,https://zangakbookstore.am/media/products/300x0/76a5405c01d22423d9395464cd5724c5.jpeg,https://zangakbookstore.am/qo-erkri-despany,,16.0,Unknown
435,Չորրորդ փողոց,Դավիթ Սամվելյան,https://zangakbookstore.am/media/products/300x0/fee35f29376feffd76b2f4f28806ecdb.jpg,https://zangakbookstore.am/chorrord-pokhots,"Գրքում տեղ են գտել հեղինակի՝ 2015-2022թթ. գրված հին ու նոր 14 պատմվածք և 4 էսսե, որոնց հերոսներին իրար են կապում քաղաքը, Չորրորդ փողոցն ու նույն խնդիրներով անցյալը և ապագայի անորոշությունը, եղանակներն ու տրամադրությունները, խենթություններն ու հիասթափությունները: Սա գիրք է մեր քաղաքի, երկրի և հենց մեր մասին:",16.0,"Պոեզիա, Կենսագրություն"
436,"Այսօրվա, վաղվա և մյուս օրերի համար",Զարուհի Բաթոյան,https://zangakbookstore.am/media/products/300x0/bd8dc20f7fbaac1795fe9345735ca676.jpeg,https://zangakbookstore.am/aysorva-vakhva-ev-myus-oreri-hamar,,16.0,Unknown
437,Անմահների ակադեմիան,Համլետ Առաքելյան,https://zangakbookstore.am/media/products/300x0/e75d93532607f59073e4917ad0759413.jpg,https://zangakbookstore.am/anmahneri-akademian,"Արեգն ու Արան Երևանյան համալսարանում իրենց առաջին տարվա ընթացքում ծանոթանում են տիկին Տարտարոսյանի՝ Անմահության հիմունքների դասախոսի հետ, և սկսում են գնալ գաղտնի անմահական հավաքների, որոնց նպատակը Վիեննայի Անմահության ակադեմիա ընդունվելն է: Դրա համար նրանք պիտի անցնեն անմահության մի քանի հարթակներով, մտածեցում սովորեն ու չշեղվեն անմահական ճանապարհից: Հստակ թվացող ուղին, սակայն, կասկածի տակ է դրվում, երբ Արեգը բացահայտում է Հայկի մատյանը, որ նախահոր թողած ուղեցույցն է դեպի Նրա աշխարհ: Համլետ Առաքել յանի այս հրաշավեպը վերերկրային իրարամերժ ուժերի հարատև պայքարի արտահայտումն է՝ երկու երիտասարդի երկրային հրաշապատում ճանապարհի մեջ:",16.0,"Դրամա, Երիտասարդական"
438,Մամիկ,Նաիրա Աբրահամյան,https://zangakbookstore.am/media/products/300x0/38bf281843ee1cca00015df49e3540a3.jpg,https://zangakbookstore.am/mamik,"Գիրքը հեղինակի առաջին ամփոփ ժողովածուն է, որում տեղ գտած պատմվածքներն ու ակնարկները ներկայացնում են հայկական գյուղի շունչն ու բույրը, բարքերն ու սովորույթները, օրն ու ցավերը, խնդիրները, հայ մարդուն՝ երբեմն առաջին հայացքից միամիտ, բայց խոր ու ազնիվ, հնարամիտ ու պատվախնդիր:",16.0,"Կենսագրություն, Պոեզիա"
439,Ավեստա․ Իրանցիների հնագույն երգերը և տեքստերը,,https://zangakbookstore.am/media/products/300x0/d4d368228e8fe0d7af25d8ad71402af8.jpeg,https://zangakbookstore.am/avesta-irantsineri-hnaguyn-ergery-ev-teqstery,"«Ավեստա»-ն իրանական ժողովրդի նախաիսլամական կրոնի՝ զրադաշտականության սուրբ գիրքն է, որը ստեղծվել է մ.թ.ա. 1-ին հազարամյակի 1-ին կեսին բանավոր ձևով: Հետագայում այն գրի է առնվել (մ.թ. 3-րդ դարում) հնդեվրոպական սաթեմ ճյուղի մի լեզվով, որը պայմանականորեն անվանվում է Ավեստայի լեզու: Զրադաշտականությունը իր մեջ է ամփոփել իրանական առասպելաբանության, սովորույթների և աշխարհընկալման տարրերը, իսկ այդ կրոնի բարոյական կառույցի հիմնասյուներն են բարի միտքը, բարի խոսքը և բարի արարքը, որոնք էլ դարձել են այդ դավանանքի հիմնական ուղենիշը:

Զրադաշտականությունը, լինելով հնդեվրոպական մայր ժողովրդի հավատալիքի ուղղակի ժառանգը, հիմք է նաև այլ հնդեվրոպախոս ժողովուրդների առասպելներն ու սովորույթները ուսումնասիրելու և բացատրելու համար:
Ավեստան ամբողջությամբ հայերեն առանձին գրքով լույս է տեսնում առաջին անգամ:

«Ավեստա»-ն իրանական ժողովրդի նախաիսլամական կրոնի՝ զրադաշտականության սուրբ գիրքն է, որը ստեղծվել է մ.թ.ա. 1-ին հազարամյակի 1-ին կեսին բանավոր ձևով: Հետագայում այն գրի է առնվել (մ.թ. 3-րդ դարում) հնդեվրոպական սաթեմ ճյուղի մի լեզվով, որը պայմանականորեն անվանվում է Ավեստայի լեզու: Զրադաշտականությունը իր մեջ է ամփոփել իրանական առասպելաբանության, սովորույթների և աշխարհընկալման տարրերը, իսկ այդ կրոնի բարոյական կառույցի հիմնասյուներն են բարի միտքը, բարի խոսքը և բարի արարքը, որոնք էլ դարձել են այդ դավանանքի հիմնական ուղենիշը:

Զրադաշտականությունը, լինելով հնդեվրոպական մայր ժողովրդի հավատալիքի ուղղակի ժառանգը, հիմք է նաև այլ հնդեվրոպախոս ժողովուրդների առասպելներն ու սովորույթները ուսումնասիրելու և բացատրելու համար:
Ավեստան ամբողջությամբ հայերեն առանձին գրքով լույս է տեսնում առաջին անգամ:",16.0,"Պատմական գեղարվեստական գրականություն, Պոեզիա"
440,Իմ  գրադարանը․ Րաֆֆի․ Խաչագողի հիշատակարանը,Րաֆֆի,https://zangakbookstore.am/media/products/300x0/f622ad8beb770c11ac8408cb33564833.jpg,https://zangakbookstore.am/khachagokhi-hishatakarany-1,"«Խաչագող» բառը հայերենի ամենաամոթալի բնորոշումներից է, որ տրվել է սրբություն չճանաչող, ամբողջովին այլասերված ծպտյալ խաբեբաներին: Զազրելի հանցագործի այդ ճանապարհն է բռնում նաև Րաֆֆու վեպի հերոսը՝ Մուրադը. նա երկար տարիներ անհայրենիք թափառականի կյանքով է ապրում օտար ծագերում՝ իրար վրա բարդելով նորանոր ոճիրներ: Մուրադին ապականված միջավայրից օգնում է ազատվել երկու ճակատագրական հանդիպում:",12.0,"Դրամա, Դետեկտիվ"
441,"Ցերեկային տուն, գիշերային տուն",Օլգա Տոկարչուկ,https://zangakbookstore.am/media/products/300x0/6e9cec661da2022b870d0ab5a5422c5c.jpeg,https://zangakbookstore.am/tserekayin-tun-gisherayin-tun,"«Ցերեկային տուն, գիշերային տուն»-ը (1998)՝ Օլգա Տոկարչուկի նշանավոր գործերից մեկը, նրա բնորոշմամբ «վեպ աստեղատուն» է՝ տարաբնույթ պատումներից բաղադրված համաստեղություն, որն արտացոլում է Սուդետների (Ստորին Սիլեզիա) այն երկրամասի անցյալն ու ներկան, որի գյուղերից մեկում հեղինակը տուն ունի: Տոկարչուկի ստեղծագործական աշխարհի վրա իր դրոշմը թողած այս բազմամշակութային տարածքը պատմության ընթացքում եղել է տարբեր երկրների կազմում, մինչև որ 1945-ից հետո բաժանվել է Գերմանիայի, Չեխիայի և Լեհաստանի միջև: Լեհ գրողը պոստմոդեռնիստական ոգով ստեղծված իր բազմակողմանի գրքում հարադրել է այլևայլ ոճեր ու ժանրեր, գեղարվեստական հորինվածքը կապակցել էսսեիստիկայի հետ, պոետիզմը՝ փիլիսոփայության, իրական կյանքը՝ երազների, իսկ առօրեականությունն ու դիցականությունն այնպես հմտորեն է միահյուսել, որ մանրուքներն անգամ համապարփակ բովանդակություն են ստացել:",16.0,"Կենսագրություն, Պոեզիա"
442,Հիշողություններ ապագայի մասին,Սիգիզմունդ Կրժիժանովսկի,https://zangakbookstore.am/media/products/300x0/f4c5a6835b38efc4c53f48409d461c0e.jpeg,https://zangakbookstore.am/hishokhutyunner-apagayi-masin,,16.0,Unknown
443,Ֆրիդա կամ ցավի մասին,Սլավենկա Դրակուլիչ,https://zangakbookstore.am/media/products/300x0/fad3a14099d31c4c4d3295e945e4fca3.jpeg,https://zangakbookstore.am/frida-kam-tsavi-masin,,16.0,Unknown
444,Երեքգրոշանոց օպերա: Կուրաժ մայրիկն ու նրա երեխաները,Բերթոլթ Բրեխթ,https://zangakbookstore.am/media/products/300x0/8e61c97641c41b4124a51f6312b675b9.jpg,https://zangakbookstore.am/ereqgroshanots-opera-kurazh-mayrikn-u-nra-erekhanery,"«Երեքգրոշանոց օպերան» (1928) և «Կուրաժ մայրիկն ու նրա երեխաները» (1939) բրեխթյան դրամատուրգիայի գլուխգործոցներն են՝ XX դարի թատրոնի խոշորագույն դեմքերից մեկի ամենահռչակավոր երկերը: Առաջինը Ջոն Գրեյի «Մուրացկանի օպերա» ստեղծագործության (1728) սյուժետային հենքի վրա գրված սոցիալական երգիծանք է բալլադային մյուզիքլի ոգով, երկրորդը՝ ցնցող հակապատերազմական դրամա, որի հերոսուհին համաշխարհային խաղացանկի ամենատպավորիչ կերպարներից մեկն է:",16.0,"Կատակերգություն, Դրամա"
445,Համավարակ։ Գուրգեն Խանջյան,Գուրգեն Խանջյան,https://zangakbookstore.am/media/products/300x0/983f818c582750237dcb78fc303f8fee.jpg,https://zangakbookstore.am/hamavarak-1,"Գուրգեն Խանջյանի «Համավարակ» վեպը վերադարձի պատմություն է, ինչ-որ տեղ գուցե ստիպված վերադարձի: Բայց ծավալվող դեպքերն ու իրադարձությունները, ներառելով համավարակի ու պատերազմի իրողությունները, հայրենիքում մնալու աղոտ հեռանկարը վերածվում են հաստատակամ որոշման:",16.0,"Թրիլլեր, Կենսագրություն"
446,Քոլագիր,Կորյուն Բաղդասարյան,https://zangakbookstore.am/media/products/300x0/9c671f3665d4111bcfe607b528817d6e.jpg,https://zangakbookstore.am/qolagir,"Պատմվածքների հերոսները զինվորներ ու սպաներ են, սահմանամերձ գյուղերի բնակիչներ, իրական մարդիկ, որոնց միջոցով հեղինակը ստեղծել է Հայոց բանակաշինության համեստ «մշակների» կերպարներ:",16.0,"Կենսագրություն, Արկածային"
447,Դոկտոր Մորոյի կղզին,Հերբերտ Ուելս,https://zangakbookstore.am/media/products/300x0/9768cf91883e4b36055be7a8d113a722.jpeg,https://zangakbookstore.am/doktor-moroyi-kkhzin,"Մեծ գիտնականը և կենդանահերձը չի կարող իր կարողությունները իրականացնել Լոնդոնում, և կենդանիների հետ դաժան վերաբերմունքի ու գազանային փորձարկումների համար նա աքսորվում է կղզի, որտեղ իրագործվում է իր կյանքի երազանքը՝ կենդանիներին փոխակերպում է մարդ-գազանների։ Արարածներից մեկը սպանում է իրենց ստեղծողին, և մարդ-գազանները հետզհետե վերադառնում են իրենց կենդանական վիճակին։",12.0,"Դրամա, Թրիլլեր"
448,Անգլուխ ձիավորը,Թոմաս Մայն Ռիդ,https://zangakbookstore.am/media/products/300x0/0d57e9c428a5a4f9e322b99026521fa2.jpeg,https://zangakbookstore.am/anglukh-dziavory,,12.0,Unknown
449,Հայկ Նահապետ,Արմենուհի Դեմիրճյան,https://zangakbookstore.am/media/products/300x0/c55718434ab6fc106bdd788400dc7bff.jpeg,https://zangakbookstore.am/hayk-nahapet,,12.0,Unknown
450,Խենթը,Րաֆֆի,https://zangakbookstore.am/media/products/300x0/ad748965a3c9ba699d1f9426742f7eaf.jpeg,https://zangakbookstore.am/khenty-1,"Հայ ազգային-ազատագրական շարժման վերելքը, կապված 1877-1878 թվականների ռուս-թուրքական պատերազմի իրադարձությունների հետ, ամբողջ խորությամբ բացահայտեցին Րաֆֆու ստեղծագործական տաղանդի հնարավորությունները։ Րաֆֆին առաջադրում է ազգային-ազատագրական պայքարի գաղափարը՝ արևմտահայ ժողովրդի գլխավոր խնդիրը համարելով այդ գաղափարի «անդադար և անընդհատ նախապատրաստությունը»։ Այս ծրագրի գեղարվեստական արտահայտությունը հանդիսացավ նաև «Խենթը» վեպը, որը նա գրեց 1881 թվականին։",12.0,"Պատմական գեղարվեստական գրականություն, Կենսագրություն"
451,Ալիսիա Կիրակոսյանի քնարերգությունը,Աելիտա Դոլուխանյան,https://zangakbookstore.am/media/products/300x0/d8df2cc3657ae5eab70d7b5dd1d9c1c5.jpg,https://zangakbookstore.am/alisia-kirakosyani-qnarergutyuny,"Գիրքն առաջին ամբողջական ուսումնասիրությունն է հայերենով, ռուսերեն հավելվածով՝ նվիրված մեր ժամանակների նշանավոր բանաստեղծուհի Ալիսիա Կիրակոսյանի ստեղծագործությանը: Այն հասցեագրված է գրականագետներին, պոեզիայի աշխարհը պաշտող ուսանողությանը, ընթերցողական լայն լսարանին:",16.0,"Պոեզիա, Ժամանակակից"
452,Դադիվանուց ժամագիրք,Արսեն Ներսես,https://zangakbookstore.am/media/products/300x0/b6902476cb3c83b3b05d440115137fc9.jpeg,https://zangakbookstore.am/dadivanuts-zhamagirq,,16.0,Unknown
453,Երբ երազն անհետացավ,Նարեկ Թոփուզյան,https://zangakbookstore.am/media/products/300x0/2529af9d2b6c9d6d5840b878344ddae8.jpeg,https://zangakbookstore.am/erb-erazn-anhetatsav,,16.0,Unknown
454,Լեզվի ծայրին,Կարեն Ղարսլյան,https://zangakbookstore.am/media/products/300x0/b8f0f2a3ba9eb3b2e25823dcee5cdf91.jpeg,https://zangakbookstore.am/lezvi-tsayrin,,16.0,Unknown
455,Կիսաճանապարհին,Գոհար Եղիազարյան,https://zangakbookstore.am/media/products/300x0/cdea5a002764e2e007f25e30153e8a39.jpeg,https://zangakbookstore.am/kisachanaparhin,,16.0,Unknown
456,Կահիրեի հանճարեղ խարդախը,Ադել Քամել,https://zangakbookstore.am/media/products/300x0/4f55730faa320172947fdfd8c8d154c4.jpeg,https://zangakbookstore.am/kahirei-hancharekh-khardakhy,,16.0,Unknown
457,Մեջքով երազի քո կեսին հենված,Վահրամ Մարտիրոսյան,https://zangakbookstore.am/media/products/300x0/7152a29e71a8f16da7327ef7c52843ac.jpeg,https://zangakbookstore.am/mejqov-erazi-qo-kesin-henvats,,16.0,Unknown
458,Սոլարիս,Ստանիսլավ Լեմ,https://zangakbookstore.am/media/products/300x0/74200f94236e2dec50fdea32aeb8c220.jpg,https://zangakbookstore.am/solaris-2,,16.0,Unknown
459,Կորած սերունդ,Հուսիկ Արա,https://zangakbookstore.am/media/products/300x0/e84ca3b4a8e0e51570c335c6c26aaad8.jpeg,https://zangakbookstore.am/korats-serund,,16.0,Unknown
460,Իժերի կծիկը,Ֆրանսուա Մորիակ,https://zangakbookstore.am/media/products/300x0/0213a6883f2e177a6de4d11b3fb84a57.jpeg,https://zangakbookstore.am/izheri-ktsiky,,16.0,Unknown
461,Իմ գրադարանը․ Մուրացան․ Առաքյալը,Մուրացան,https://zangakbookstore.am/media/products/300x0/cdf9848e2232b9b7a5429461091a03a4.jpg,https://zangakbookstore.am/im-gradarany-muratsan-araqyaly,"«Առաքյալը» վիպակում Մուրացանը պատկերում է երեք տարբեր աշխարհների՝ իր ժամանակի ուսանողական միջավայրի, հայ գյուղի տխուր իրականության և թիֆլիսյան ճոխ կյանքի հակադրությունը: Այդ աշխարհներից ամեն մեկը յուրովի է ազդում ստեղծագործության հերոսի՝ Կամսարյանի վրա՝ բացահայտելով նրա հոգևոր սնանկությունն ու տոկունության բացակայությունը՝ հակառակ իր ստացած կրթությանը: Զուգահեռաբար վիպակը ներկայացնում է նաև տարբեր սոցիալական խավերի հոգեբանությունն ու հայացքները:",12.0,"Դրամա, Կատակերգություն"
462,Հրետանավորների օրագիրը,Ալբերտ Մկրտչյան,https://zangakbookstore.am/media/products/300x0/fe7d50687390a5b7267e92b31b52a412.jpeg,https://zangakbookstore.am/hretanavorneri-oragiry,,16.0,Unknown
463,Բենջըմին Բաթընի առանձնահատուկ դեպքը,Ֆրենսիս Սքոթ Ֆիցջերալդ,https://zangakbookstore.am/media/products/300x0/eda7ef0f5d133e5eae6f90193d2026ef.jpeg,https://zangakbookstore.am/benjymin-batyni-arandznahatuk-depqy,,16.0,Unknown
464,Երևան-Փարիզը միայն չվերթ չէ,Անի Միրզոյան,https://zangakbookstore.am/media/products/300x0/aaf1b2feec9dcf15e8b4a079116aab4b.jpeg,https://zangakbookstore.am/erevan-parizy-miayn-chvert-che,,16.0,Unknown
465,Հայը,Անի Միրզոյան,https://zangakbookstore.am/media/products/300x0/bca15d673570e69bb7eb15499b151c42.jpeg,https://zangakbookstore.am/hayy,,16.0,Unknown
466,Երբ ես,Զարա Բաբայան,https://zangakbookstore.am/media/products/300x0/3c2e1f5fe5714b4a8c15f567450e7562.jpeg,https://zangakbookstore.am/erb-es,"«Երբ ես…» պատմությունը բացահայտում է մի տղայի անսովոր ներաշխարհը՝ իր և իրեն շրջապատող աշխարհի ընկալումներով, որոնք բոլորովին տարբերվում են այլ մարդկանց ընկալումներից։ «Աուտիզմ» և նմանատիպ այլ տերմիններով աշխարհը փորձում է վերացնել այդպիսի մարդկանց անսովոր մտածելակերպն ու յուրահատուկ աշխարհայացքը:

Այս ստեղծագործությունը կմղի մտածել, թե որտեղ է «առողջության» և «հիվանդության» սահմանը, «նորմալի» և նրա սահմանը, ինչը առօրյա գիտակցությունը համարում է շեղում նորմայից:",16.0,"Դրամա, Ֆանտաստիկա"
467,Մեծ անկում։ Պետեր Հանդքե,Պետեր Հանդքե,https://zangakbookstore.am/media/products/300x0/f621129a94457e5945ed41fd003fa828.jpeg,https://zangakbookstore.am/mets-ankum-1,,16.0,Unknown
468,Փրկիչը տարեկանի արտում։ 2022,Ջերոմ Դ․ Սելինջեր,https://zangakbookstore.am/media/products/300x0/ca060891c9a809e4045410fe12388b6d.jpeg,https://zangakbookstore.am/prkichy-tarekani-artum-1,,14.0,Unknown
469,Տրտմության ֆիզիկան,Գեորգի Գոսպոդինով,https://zangakbookstore.am/media/products/300x0/3992920f56055470398af4826736c231.jpg,https://zangakbookstore.am/trtmutyan-fizikan,"Վեպի հերոսը հին հունական դիցաբանական հերոսի՝ Մինոտավրոսի պես խճճվում է իր ընտանիքի պատմությունների լաբիրինթոսում։ Այդ պատմության թելն անցնում է ոլորապտույտ միջանցքներով, մտնում անհամար սենյակներ, որոնցում միախառնվում են անցյալն ու ներկան, առասպելն ու փաստագրված իրականությունը։ Թռչելով ժամանակաշրջանից ժամանակաշրջան, համադրելով ու հակադրելով իրարամերժ տեսակետներ՝ հեղինակը բացահայտում է արեւելաեվրոպացիների մտածելակերպը, 2-րդ աշխարհամարտի հետեւանքներն ու Բուլղարիայի կոմունիստական բյուրոկրատիայի դեմքը։

Անհավանական հուզիչ կամ անսովոր զվարճալի այս վեպը նոր տեսակի ընթերցանության փորձ է պարգեւում։ Ընթերցողը հետեւում է արտասովոր պատումներին, ցատկում ժամանակաշրջաններով, խճողվում հերոսների ճակատագրերի մեջ եւ խճճվում ճիշտ այնպես, ինչպես վեպի գլխավոր խորհրդանիշը՝ Մինոտավրոսը՝ կյանքի ու հանգամանքների լաբիրինթոսում։

Այս վեպը կարեկցանքի եւ դրա անհետացման, մարդու մեջ փակված տխուր հրեշի մասին է։",16.0,"Կատակերգություն, Դրամա"
470,Հայրենիք,Ֆերնանդո Արամբուրու,https://zangakbookstore.am/media/products/300x0/af0129fb39f9d2e934c4e54688fb7e54.jpg,https://zangakbookstore.am/hayreniq,"Ֆերնանդո Արամբուրուն «Հայրենիք» վեպը գրել է, երբ բասկյան ETA ահաբեկչական խմբավորումը հայտարարել է զինված պայքարը դադարեցնելու մասին։ Գրողը ցանկացել է պարզել, թե այդ ողբերգական ժամանակաշրջանում ի՞նչ է պատահել մարդկանց հետ, ինչո՞ւ էին շատերն աջակցում սպանություններին, համակրում բռնարարներին։ Ինչո՞ւ էին երկչոտաբար լռում նրանք, ովքեր համաձայն չէին:

Վեպի առանցքում երկու բասկ ընտանիքների հարաբերություններն են Սան Սեբաստիանի արվարձանում։ Արամբուրուն, ինքն էլ ծնված լինելով այստեղ, ներկայացնում է անկախության համար պայքարի ահաբեկչական մեթոդները, որոնք թշնամություն են սերմանում երկու մտերիմ ընտանիքների միջև և խեղում են շատերի ճակատագրերը։ Նաև ցուցադրում է իսպանական կենտրոնական իշխանության դաժան պատասխանը բասկերի բարձրացրած խնդիրներին։ Հեղինակը հակամարտության որևէ կողմին չի արդարացնում կամ դատապարտում։ Նա ի ցույց է դնում մարդկանց ողբերգությունն ու դա հաղթահարելու ճանապարհը։",16.0,"Դրամա, Դետեկտիվ"
471,Ս.,Ջոն Ափդայք,https://zangakbookstore.am/media/products/300x0/7f9d290a5d6c75e4bd82c20f1c46bb32.jpg,https://zangakbookstore.am/s,"«Ս.» վեպը Ջոն Ափդայքի թաքնված գանձերից է, որտեղ նամակագրության դասական հնարքի միջոցով գրողը վերհանում է կանացի հոգեբանության, խարդավանքի, տվայտանքների անհատակ խորքերը՝ միաժամանակ փայլուն ուրվագծելով անցյալ դարի ութսունականների ամերիկյան բարքերը և հրապուրանքն էզոթերիկ ուսմունքներով:",18.0,"Կատակերգություն, Դրամա"
472,Ուզում էի երեխա ունենալ,Կ․Արմեն,https://zangakbookstore.am/media/products/300x0/befba077d5027eacd288c2cc2af20c0a.jpeg,https://zangakbookstore.am/uzum-ei-erekha-unenal,,16.0,Unknown
473,Հանդարտություն,Սարգիս Հովսեփյան,https://zangakbookstore.am/media/products/300x0/4bb028beccbdcb30ffb8f0a8d12af16a.jpeg,https://zangakbookstore.am/handartutyun,"Այս վեպն էքզիստենցիալ դրամա է՝ դետեկտիվ տարրերով, որի իրադարձությունները ծավալվում են Հայաստանի՝ անկախության ձեռք բերելուց հետո ընկած ժամանակաշրջանում և շարունակվում են մինչև 2018 թվականը։",18.0,"Պատմական գեղարվեստական գրականություն, Դրամա"
474,Դիակը գրադարանում,Ագաթա Քրիստի,https://zangakbookstore.am/media/products/300x0/f87940ad1a862d483268f1aff3ceb143.jpg,https://zangakbookstore.am/diaky-gradaranum,"Անգլիացի գրող Ագաթա Քրիստիի «Դիակը գրադարանում» վեպը միսս Մարփլի մասնակցությամբ ստեղծագործությունների շարքից է: Սյուժեն ծավալվում է Բանթրիների գրադարանում հայտնաբերված խորհրդավոր դիակի շուրջը: Գնդապետ Մելչեթը, տեսուչ Սլեքը, ոստիկանապետ Հարփերն ու սըր Հենրի Քլիթերինգը սկսում են հետաքննությունը, մինչդեռ ճշմարտությունը բացահայտել հաջողվում է միայն միսս Մարփլին:",16.0,"Դետեկտիվ, Կենսագրություն"
475,Զիգմունդ Ֆրոյդի քույրը,Գոցե Սմիլևսկի,https://zangakbookstore.am/media/products/300x0/f8d673e6234578bdb8484ef19beb44a4.jpg,https://zangakbookstore.am/zigmund-froydi-quyry,"Մակեդոնացի արձակագիր Գոցե Սմիլևսկու «Զիգմունդ Ֆրոյդի քույրը» ցնցող, հուզիչ և վարպետորեն գրված վեպ է, որը նոր լույս է սփռում հոգեվերլուծության ոլորտի ամենաազդեցիկ ներկայացուցիչներից մեկի՝ Զիգմունդ Ֆրոյդի կենսագրության անհայտ փաստերի վրա։ 2010-ին այս վեպն արժանացել է Եվրոպական միության գրականության:",16.0,"Պոեզիա, Կենսագրություն"
476,Հովվերգություն,Ակի Օլիկայնեն,https://zangakbookstore.am/media/products/300x0/cac649a7e0412c659bf3abd63ab53c41.jpeg,https://zangakbookstore.am/hovvergutyun,,16.0,Unknown
477,Մահ ամպերի մեջ,Ագաթա Քրիստի,https://zangakbookstore.am/media/products/300x0/0dfb665fef3357f1f697ff509647efe7.jpg,https://zangakbookstore.am/mah-amperi-mej,"«Մահ ամպերի մեջ» վեպն Ագաթա Քրիստիի հերթական դետեկտիվ ստեղծագործություններից է: Առաջին անգամ լույս է տեսել 1935թ. մարտի 10-ին ԱՄՆ-ում՝ «Մահ օդում» վերնագրով, ապա նույն թվականի հուլիսին՝ Մեծ Բրիտանիայում՝ արդեն հանրությանը հայտնի վերնագրով: Իրադարձությունների կիզակետում կրկին ընթերցողին քաջ հայտնի բելգիացի խուզարկու Էրքյուլ Պուարոն է, որը հանգամանքների բերումով հայտնվում է այն ուղևորների շարքում, որոնք ակամա դառնում են մադամ Ժիզել կեղծանվամբ հայտնի վաշխառուի առեղծվածային սպանության վկաները: Հենց այդ փաստն էլ ստիպում է հռչակավոր խուզարկուին հանձն առնել խորհրդավոր գործի հետաքննությունն ու պարզել՝ ով կարող է կանգնած լինել դաժան սպանության հետևում:",16.0,"Դետեկտիվ, Առեղծված"
478,Հեկէ դուկէ,Զինե Մամոյան,https://zangakbookstore.am/media/products/300x0/39e575cfe001556dfab54f09f80a308a.jpg,https://zangakbookstore.am/heke-duke,,16.0,Unknown
479,"Բարև, հայրիկ",Հեղինե Խաչատրյան,https://zangakbookstore.am/media/products/300x0/dc93bdbb019c514fbf1c899604702fa3.jpeg,https://zangakbookstore.am/barev-hayrik,"Նվիրվում է հորս, ով իր մահով սովորեցրեց ապրել..

Հայր ու աղջկա պարի՝ իմ զուգընկերոջ տեղը միշտ դատարկ է լինելու, բայց ես կյանքս կապրեմ պարի պտույտի մեջ աչքերս փակ որսալով սիրով ու պար ծանքով լի հայրական հայացքդ:",16.0,"Ռոմանս, Դրամա"
480,Ադամամութ,Վահագն Գրիգորյան,https://zangakbookstore.am/media/products/300x0/cd60a21b5740642f206712c0c801a917.jpg,https://zangakbookstore.am/adamamut-1,«Ադամամութ» վեպը մի ընտանիքի ավելի քան կեսդարյա պատմությունն է: Հետևելով դժվար ճակատագրի տեր իր հերոսների կյանքին`հեղինակը հաստատում է կարևոր մի միտք. ներկայի ամեն մի պահը անցյալի շարունակությունն է ու վաղվա սկիզբը`պատմության առաջ պատասխանատու է ամեն ոք:,16.0,"Կենսագրություն, Դրամա"
481,Կաֆկա (Օրագրեր) հատոր 4,Ֆրանց Կաֆկա,https://zangakbookstore.am/media/products/300x0/a7e0e182a2a3084890ec04159ebad5d4.jpg,https://zangakbookstore.am/kafka-oragrer-hator-4,"Ֆրանց Կաֆկայի օրագրերի հրատարակությունը լայն հնարավորություն է ստեղծում մեծ գրողի ինքնատիպ գրականության ու հետաքրքիր ու ինչ-որ տեղ տարօրինակ կյանքը առավել խորությամբ ընկալելու և մեկնաբանելու համար:

Կաֆկայի ստեղծագործությունները, որոնցում միավորված են ռեալիզմի ու ֆանտաստիկայի տարրերը, սովորաբար ունեն մեկուսացած հերոսներ, որոնք բախվում են տարօրինակ ու սյուրռեալիստական դժվարությունների ու սոցիալական-բյուրոկրատիկ անհասկանալի ուժերի հետ, և նվիրված են օտարացման, էքզիստենցիալ անհանգստության, մեղքի ու աբսուրդի թեմաների բացահայտմանը։ Անգլերենում օգտագործվում է Kafkaesque (Կաֆկեսկ) տերմինը՝ նշանակելու համար այն իրադրությունները, որոնց նմանները հանդիպում են Կաֆկայի ստեղծագործություններում:

Կաֆկան ծնվել է այն ժամանակ Ավստրո-Հունգարական կայսրության մաս կազմող Բոհեմիայի թագավորության մայրաքաղաք Պրահայում՝ գերմանախոս հրեաների՝ միջին դասի պատկանող ընտանիքում։ Իրավաբանական կրթություն ստանալուց հետո Կաֆկան աշխատել է ապահովագրական ընկերությունում, ինչի պատճառով գրական գործունեությամբ կարողացել է զբաղվել միայն ազատ ժամանակ։ Իր կյանքի ընթացքում Կաֆկան գրել է հարյուրավոր նամակներ՝ ուղղված իր ընտանիքի անդամներին ու ընկերներին, այդ թվում նաև հորը, որի հետ ունեցել է լարված ու պաշտոնական հարաբերություններ։ Նա նշանադրվել է մի քանի կանանց հետ, սակայն երբեք չի ամուսնացել։ Մահացել է 1924 թվականին՝ քառասուն տարեկանում տուբերկուլոզից։",16.0,"Դրամա, Երիտասարդական"
482,Անտես քաղաքներ,Իտալո Կալվինո,https://zangakbookstore.am/media/products/300x0/b481611d96d703cd08a0fc9488135359.jpg,https://zangakbookstore.am/antes-qakhaqner,"«Անտես քաղաքներ»-ը՝ Իտալո Կալվինոյի հռչակավոր գործերից մեկը (1972), պոստմոդեռնիստական ոգով և ցնորատեսությամբ դրոշմված յուրօրինակ վեպ է, որը գրողը համարել է «քաղաքների հանդեպ տածած սիրո վերջին պոեմի պես մի բան»: Կալվինոյի բնորոշմամբ «բազմանիստի նման» ստեղծված այս գիրքը կազմված է կանանց անուններով կոչվող 55 երևակայական քաղաքի պերճախոս նկարագրություններից, որոնք ընդմիջվում են այդ նկարագրությունների հեղինակի`միջնադարյան նշանավոր ճանապարհորդ Մարկո Պոլոյի և նրա ունկնդիր Խուբիլայ խանի իմաստասիրական զրույցներով: Խորունկ պոետիզմը կառուցվածքի մաթեմատիկական ճշգրտության հետ զուգորդած պատումը առակաբանության ոճով անդրադառնում է կյանքի ու մահվան, ժամանակի, քաղաքակրթության, մշակույթի, հիշողության թեմատիկ շերտերին:",16.0,"Պոեզիա, Կենսագրություն"
483,Զսպաշապիկը. Միջաստղային թափառականը,Ջեք Լոնդոն,https://zangakbookstore.am/media/products/300x0/50dcd4b7fd57759fdde26c230620e174.jpg,https://zangakbookstore.am/zspashapiky-mijastkhayin-taparakany,"Ջեք Լոնդոնի այս ստեղծագործությունը ֆանտաստիկ-փիլիսոփայական ժանրի հետաքրքիր վեպ է Դարել Սթենդինգ անունով բանտարկյալի մասին, որը սպանության համար ցմահ ազատազրկման է դատապարտված: Բանտապահները պարբերաբար խոշտանգում են նրան՝ օգտագործելով կտավե զսպաշապիկը՝ որպես մարմինը ճզմելու միջոց: Սակայն հերոսը մտքի ուժով սովորում է դիմակայել ցավին՝ մտնելով տրանսցենդենտալ վիճակի մեջ և «ճանապարհորդելով» աստղերի ու ժամանակի միջով:

«Զսպաշապիկ» վեպը նախ տպագրվել է «American Sunday Monthly Magazine» հանդեսում 1914-1915 թթ.: Առանձին գրքով առաջին անգամ լույս է տեսել 1915 թվականին Նյու Յորքում՝ վերնագրված «Միջաստղային թափառականը»: Հետագա հրատարակություններում վեպը կոչվել է «Զսպաշապիկ», իսկ ենթավերնագիրը՝ «Միջաստղային թափառականը»:",16.0,"Պոեզիա, Դրամա"
484,Երկիր Նաիրի,Եղիշե Չարենց,https://zangakbookstore.am/media/products/300x0/1f29a84f014371bccd729c5e37a4b504.jpeg,https://zangakbookstore.am/erkir-nairi,"«Երկիր Նաիրի» վեպը նվիրված է Եղիշե Չարենցի հայրենի քաղաքին՝ Կարսին, որտեղ անցել է նրա պատանե կությունը։ Քաղաքի անկումից հետո Չարենցը գրել է նրա վերջին տարիների պատմությունը, որում Կարսը կարծես կորստի խորհրդանիշ է:

Տեքստում երգիծականն ու ողբերգականը միահյուս– վում են քաղաքական և պատմական իրադրություններին: Առաջին աշխարհամարտի թնջուկում և հետայդու քաղաքը ներկայանում է որպես արևելյան և արևմտյան, պահպանո– ղական և ազատական գաղափարների բախումների թափե րաբեմ։

«Երկիր Նաիրի»–ն հեղինակի օրոք հրատարակվել է չորս, մահից հետո վերախմբագրվել երկու անգամ՝ ունենա– լով բազմաթիվ վերահրատարակումներ:

Հետչարենցյան ընթացքում վեպն առաջին անգամ է լույս տեսնում գրողի խմբագրած տարբերակով, նախորդ հրա– տարակությունների քննությամբ և ամենից ստվարաթիվ ծանոթագրություններով:",12.0,"Կենսագրություն, Դրամա"
485,Կես ճամփին մնացած գարուն,Անահիտ Մարգարյան,https://zangakbookstore.am/media/products/300x0/944ff0f8de3404382dc7b3bb39d61498.jpeg,https://zangakbookstore.am/kes-champin-mnatsats-garun,"Ժողովածուն ընդգրկում է Անահիտ Մարգարյանի՝ տար բեր տարիներին գրված բանաստեղծությունները: Սեր ու կա րոտ, կորստի ցավ ու սպասում, մարդու ողբերգական ճակա տագիր, սակայն ապրելու մեծ կամք ու հիացում բնությամբ ու մարդկանցով։ Այս և բանաստեղծական այլ մոտիվներ Ա. Մար գարյանի ստեղծագործություններում գտնում են իրենց նուրբ ու զգացմունքային արտահայտությունը:",16.0,"Դրամա, Կատակերգություն"
486,Ռումբերով բացված ճանապարհ,Կարո Վարդանյան,https://zangakbookstore.am/media/products/300x0/92ae56f8ed827caeefd5c951c52e9a69.jpg,https://zangakbookstore.am/rumberov-batsvats-chanaparh,,16.0,Unknown
487,Երկու մենություն,Մարիո Վարգաս Լյոսա,https://zangakbookstore.am/media/products/300x0/83632d6e3f478bc2c71e4c10450b7b3b.jpg,https://zangakbookstore.am/erku-menutyun,"1967 թվականի սեպտեմբերի 5-ին՝ երեքշաբթի, ժամացույցը կանգ առավ 13:30 րոպեի վրա. Մարիո Վարգաս Լյոսայի և Գաբրիել Գարսիա Մարկեսի միջև երկխոսությունը սկսվեց, բայց նախատեսվածից ավելի երկար տևեց, և քանի որ թեման սպառված չէր, որոշեցին ավարտին հասցնել երկրորդ հանդիպմանը՝ երկու օր անց: «Ես գրում եմ, որպեսզի իմ ընկերներն ինձ ավելի շատ սիրեն»,- ասում է Մարկեսը: Այսինքն՝ գրում ենք, որպեսզի մեզ ավելի քիչ մենակ զգանք և շատ ընկերներ ունենանք: Որպեսզի կարողանանք խոսել այն ամենի մասին, որոնց մասին, երբ բարձրաձայնում ենք, այլևս առաջվանը չեն:",16.0,"Դրամա, Ռոմանս"
488,Երկրորդ սուրը,Պետեր Հանդքե,https://zangakbookstore.am/media/products/300x0/186a032d1733a1426ee3bf880fa2ded2.jpg,https://zangakbookstore.am/erkrord-sury,"«Երկրորդ սուրը» Նոբելյան մրցանակը ստանալուց հետո Պետեր Հանդքեի գրած առաջին ստեղծագործությունն է: Վեպի մետաֆորիկ պատկերներում ու գրեթե անորսալի այլուզիաներում կռահվում են հեղինակի մտքերի ու տրամադրությունների արձագանքները: Ի՞նչ է անարդարությունը, և ի՞նչ է վրեժը: Ո՞րն է պատմության իրական կարևորությունը: Վեպը հոգևոր ճամփորդություն է և շրջակա աշխարհի պոետիկ հայեցում:",16.0,"Կենսագրություն, Դրամա"
489,Հարրի Փոթերը և Փյունիկի միաբանությունը,Ջոան Ռոուլինգ,https://zangakbookstore.am/media/products/300x0/46ee4328300aeb206d3783576159d562.jpeg,https://zangakbookstore.am/harri-potery-ev-pyuniki-miabanutyuny,"Հարրի Փոթերն արդեն տասնհինգ տարեկան է: Ողջ ամառ նա մնում է մորաքրոջ տանը` մեկուսացած կախարդ հանրությունից և բոլորովինանտեղյակ կատարվող վերջին իրադարձություններին: Անգամ լավագույն ընկերները` Ռոնն ու Հերմայոնին, նրան չեն գրում: Դրզլիների ընտանիքը գնալով անտանելի է դառնում: Հարրիին համակում է վրդովմունք ու զայրույթ. նա պատրաստ է ընդվզելու` իմանալով, որ լորդ Վոլդեմորը վերադարձել է և հարձակման ծրագրեր է մշակում: Վհկության և կախարդության դպրոցում, որտեղ Հարրին է սովորում, արմատական փոփոխություններ են սպասվում: Մոգության նախարարությունը որոշում է Դամբլդորին մարտահրավեր նետել` Հոգվորթս որպես ավագ տեսուչ գործուղելով դաժան ու նեղմիտ մի անձնավորության:",8.0,"Երիտասարդական, Դրամա"
490,Վերք Հայաստանի․ Ողբ հայրենասերի,Խաչատուր Աբովյան,https://zangakbookstore.am/media/products/300x0/81e92caa6d98e8e39e0f0c1ae96ae711.jpeg,https://zangakbookstore.am/verq-hayastani-okhb-hayrenaseri,"Հայրենասիրություն, հերոսություն, ողբերգություն, սեր, արկածներ, հայոց պատմության շրջադարձային էջեր ու մշտապես արդիական գաղափարներ. «Վերք Հայաստանի»: Հայ գրականության ամենանշանակալի վեպերից մեկն ընթերցողին է ներկայացվում գրական արևելահայերեն փոխադրությամբ և համապատասխան ծանոթագրություններով: «Վերքին» ծանոթ ընթերցողն այս հրատարակության միջոցով նորովի կհասկանա հանճարեղ վեպի շատ մանրամասներ, իսկ առաջին անգամ գրքին ծանոթացողը կբացահայտի հզոր շնչով գրված մի հրաշալի ստեղծագործություն, որը չի կորցրել իր արդիականությունը և մեծ հետաքրքրությամբ ընթերցվում է նաև այսօր:",16.0,"Դրամա, Կենսագրություն"
491,Մուշտակով Վեներան,Լեոպոլդ ֆոն Զախեր-Մազոխ,https://zangakbookstore.am/media/products/300x0/69dea038391b9e4a645f6444df21a3f5.jpg,https://zangakbookstore.am/mushtakov-veneran,"ՆԿԱՐԱԳԻՐ
 
ԿԱՐԾԻՔՆԵՐ (0)
«Մուշտակով Վեներան»ավստրիացի գրող Լեոպոլդ ֆոն Զախեր-Մազոխի ամենահայտնի ստեղծագործությունն է։ 1869 թվականին ամսագրային տարբերակի հրապարակումից հետո ստեղծագործությունն ընդգրկվել է «Կայենի ժառանգությունը» շարքի առաջին հատորում։

Գլխավոր հերոսը` Սևերինը, մի կնոջ հանդեպ ունենում է էրոտիկ երևակայություն, որտեղ այդ կինը նրան նվաստացնում է։ Հզոր ու գեղեցիկ կնոջ իդեալը նա անվանում է «Մուշտակով Վեներա»։ Կարպատյան հանգստավայրում Սևերին հանդիպում է արտասովոր մի այրի կնոջ` Վանդա ֆոն Դունաևին, որը գրավում է անտիկ զգայականության փիլիսոփայությամբ և քրիստոնեական ամուսնության նախապաշարմունքների մերժմամբ։ Որոշելով, որ իր առջև նույն «Մուշտակով Վեներան» է, Սևերինը անմնացորդ սիրահարվում է նրան և հրավիրում իրականացնելու իր գաղտնի երևակայությունը։ Սկզբում Վանդան մերժում է, սակայն հետզհետե նրան սկսում է ավելի դուր գալ ու հուզել տիրուհու և ստրուկի խաղը, քան Սևերինին։",16.0,"Դրամա, Ռոմանս"
492,Ինչու է ժպտում անցորդը,Շահեն Թաթիկյան,https://zangakbookstore.am/media/products/300x0/bee8a66eaf3d1076bed13cb049444875.jpeg,https://zangakbookstore.am/inchu-e-zhptum-antsordy,,16.0,Unknown
493,Այլ քաղաք,Միխալ Այվազ,https://zangakbookstore.am/media/products/300x0/ef1eee144dfe370b5934140507b36851.jpeg,https://zangakbookstore.am/ayl-qakhaq,"Միխալ Այվազը արդի չեխական գրականության ակնառու դեմքերից է, որի ստեղծագործությունները նոր թեմատիկայով, հայեցումով ու ընդգրկումներով են հարստացրել իր հայրենի բանարվեստը: Նրա առավել հայտնի ու նշանակալից գործը «Այլ քաղաք» ֆանտասմագորիկ վեպն է` իրականի ու երեւակայականի, առասպելականի ու փիլիսոփայականի սերտ ու գրավիչ միահյուսումներով։

Վեպի հետ հայ ընթերցողին է ներկայացվում նաեւ հեղինակի «Զենոնի պարադոքսները»` նույնպես զարմանահրաշային պատումով վիպակը:",16.0,"Կենսագրություն, Պոեզիա"
494,Ռուս այլախոհական պոեզիա,,https://zangakbookstore.am/media/products/300x0/e227a02fcda538ef833b980b8537e791.jpeg,https://zangakbookstore.am/rus-aylakhohakan-poezia,,16.0,Unknown
495,Երազ ծովի մասին,Չժան Ցզի-Յան,https://zangakbookstore.am/media/products/300x0/8310a3cf6bff3ffa70795af63637f3db.jpeg,https://zangakbookstore.am/eraz-tsovi-masin,"Չժան Ցզի-յանը չինացի ժամանակակից ճանաչված բանաստեղծ է, յուրատիպ՝ անձնական անկեղծ ապրումների գրավիչ մեկնություններով։ Սեր, մենություն, կարոտ, թախիծ, հայրենիք՝ այս մոտիվներով է բանաստեղծում նա։",16.0,"Ժամանակակից, Կենսագրություն"
496,Բանտեր և աքսորներ,Խոսեբա Սարիոնանդիա,https://zangakbookstore.am/media/products/300x0/527dd0c8e38724e570bfa6fa11f68c10.jpeg,https://zangakbookstore.am/banter-ev-aqsorner,Գրքում ամփոփված է բասկյան բանաստեղծ և ազատագրական շարժման գործիչ Խոսեբա Սարիոնանդիայի ստեղծագործությունների ընտրանին՝ նրա տարբեր ժողովածուներից։,16.0,"Պոեզիա, Ժամանակակից"
497,Չնչադևը,Ֆյոդոր Սոլոգուբ,https://zangakbookstore.am/media/products/300x0/4af91f953931b550c1f41ef7deb97c74.jpeg,https://zangakbookstore.am/chnchadevy,"Վեպը ռուս գրականության արծաթե դարի դասական գործերից է։ Վեպի գլխավոր հերոսի՝ գավառական ուսուցչի կերպարի միջոցով հեղինակը հետազոտում է իր ժամանակի հասարակական ու ընտանեկան միջավայրերը, և այնտեղ հայտնաբերում չափազանց շատ չարիք ու մեղսավոր կյանք։",16.0,"Կենսագրություն, Դրամա"
498,Յուտա Հայմ,Իմանուել Միֆսուդ,https://zangakbookstore.am/media/products/300x0/fd651f056c006c7128448629465d3130.jpeg,https://zangakbookstore.am/yuta-haym,"Մալթայի ժամանակակից նշանավոր գրողներից է, որի ստեղծագործությունները լայն ճանաչում են գտել հայրենիքում։ Այս վեպը կարելի է ասել իդեալական սիրո պատմություն է, երբ ծերացող մարդը հոգևոր հենարան է փնտրում իրենից խուսանավող իրականության մեջ։",16.0,"Ժամանակակից, Պոեզիա"
499,Թատերախաղեր,Հրանտ Ալեքսանյան,https://zangakbookstore.am/media/products/300x0/236e11d62ba8826875bfa435fc956ed7.jpeg,https://zangakbookstore.am/taterakhakher-1,"ժողովածուում ամփոփված են Հրանտ Ալեքսանյանի թատերախաղերը` տարբեր ժանրային ու թեմատիկ ընդգրկումներով:

Ստեղծագործությունները հիմնականում գրվել են վերջին հինգ տարիներին:",16.0,"Պոեզիա, Կենսագրություն"
500,Ոսկրե երկնքի տակ,Հրանտ Ալեքսանյան,https://zangakbookstore.am/media/products/300x0/eeddb8c05c7615a6dac399e85b3bdd8d.jpeg,https://zangakbookstore.am/oskre-erknqi-tak,,16.0,Unknown
501,Դիկոռոսներ․ Անհայտ պոետների ապաստան,,https://zangakbookstore.am/media/products/300x0/4893c70ba371942d978ccd6e0d012e1f.jpeg,https://zangakbookstore.am/dikorosner-anhayt-poetneri-apastan,,16.0,Unknown
502,"Երևա, երևա, Երևան",Լուսինե Հովհաննիսյան,https://zangakbookstore.am/media/products/300x0/20157c97a27f270d3b6d8da2bc8dce5e.jpeg,https://zangakbookstore.am/ereva-ereva-erevan,"Լուսինե Հովհաննիսյանի «Երևա, երևա, Երևան» ինքնա կենսագրական հուշագրությունը պատմում է խորհրդային ու ներկայի քաղաքի բնակիչների մասին՝ նկարագրելով նրանց հավաքական եսի դիմագիծը:

Գիրքը մեզ վերհիշել է տալիս Երևանի մարդկանց, բույ– րերը, համերը, գույները, նորաձևությունն ու նույնիսկ սլենգը:

Գրողի, հրապարակախոսի և հոգեբանի ձեռքով պատումը ընթերցողի դեմքին առաջացնում է զգայական բոլոր դիմախա– ղերը՝ ժպիտ, լիաթոք ծիծաղ, հուսահատություն, տխրություն, ափսոսանք: Բայց ամեն բան՝ սահուն հեգնանքով։

Վավերագրության ժամանակագրությունն ապահովե լով հանդերձ՝ հեղինակը տեքստում գործածում է հետա դարձ անդրադարձումների տեխնիկան՝ ցույց տալու համար երբեմն Երևանի անհետացած անցյալի հակադրվող առավե– լությունը քաոտիկ իրականության նկատմամբ:",16.0,"Կենսագրություն, Կատակերգություն"
503,Մեծ քառյակը,Ագաթա Քրիստի,https://zangakbookstore.am/media/products/300x0/e31fd570d6fc07ec6ccfd25f67d50687.jpg,https://zangakbookstore.am/mets-qaryaky,"«Մեծ քառյակը»՝ Ագաթա Քրիստիի հերթական դետեկտիվ պատմությունը, առաջին անգամ հրատարակվել է 1927թ. Մեծ Բրիտանիայում: Վեպի սյուժեն պտտվում է կրկին հանրահայտ բելգիացի խուզարկու Էրքյուլ Պուարոյի և նրա վաղեմի ընկեր կապիտան Հասթինգսի շուրջ: Վեպն իր կառուցվածքով տարբերվում է Պուարոյի մասնակցությամբ մյուս վեպերից, քանի որ այն իրենից ներկայացնում է միմյանց հետ կապված պատմությունների շարք, որոնցում Պուարոն Հասթինգսի օգնությամբ փորձում է բացահայտել Մեծ քառյակի՝ միջազգային հանցավոր խմբավորման առեղծվածը, որի անդամները ջանք չեն խնայում Պուարոյին վերացնելու համար:",16.0,"Դետեկտիվ, Առեղծված"
504,Մարող լույսի ժամանակներում,Օյգեն Ռուգե,https://zangakbookstore.am/media/products/300x0/d61f0c04ca535508b100525cf3739cde.jpg,https://zangakbookstore.am/marokh-luysi-zhamanaknerum,"Բեռլինը գրեթե կես դար Արևելքի ու Արևմուտքի բաժանած պատը մոտ է փլուզմանը։Թվում է՝ այդ դարակազմիկ իրադարձությունը պետք է միավորի բաժանարար պարսպի հակադիր կողմերում հայտնված ընտանիքներին, բայց պատերն արդեն մարդկանց ներսում են։Գերդաստանի 4 սերունդները հայտնվել են այդ պատմական բաժանումների ու միավորումների արանքում։ Պապն ու տատը անդրդվելի կոմունիստներ են, որոնք նախ արտագաղթել են Մեքսիկա, բայց վերադարձել՝ նոր Գերմանիայի կառուցմանը մասնակցելու։ Որդին վերադարձել է ռուս կնոջ և աքսորավայրի հիշողությունների հետ։ Բեռլինի պատի փլուզումից անմիջապես առաջ թոռնԱրևելյան Գերմանիայից փախչում է Արևմտյան Գերմանիա։ ԳԴՀ-ում անցկացրած կյանքը ծոռի համար պարզապես մանկան հուշ է։ Ինչպե՞ս ապրել փլուզումների ու միավորումների, ճնշող կարգախոսների, հակամարտ գաղափարախոսությունների, սերունդների հակասությունների պայմաններում։ Ինչպե՞ս մեռնել արժանապատվորեն։",16.0,"Պատմական գեղարվեստական գրականություն, Դրամա"
505,Կյորես,Ակսել Բակունց,https://zangakbookstore.am/media/products/300x0/6470eaa1dda28eb5a2e15b4811ec7943.jpg,https://zangakbookstore.am/kyores,"Ակսել Բակունցի «Կյորես» վիպակն առաջին անգամ լույս է տեսել 1936 թվականին: Վիպակում գրողական բարձր վարպետությամբ և տիպական թանձրացումներով պատկերվում է, ըստ էության, պարտության պատմություն:
Մի կողմում՝ Կյորեսն է, իր լեզվով, բարքերով ու սովորույթներով, սերունդնեի տոհմիկ դաստիարակությամբ, աշխատանքի և արդարության նկատմամբ ունեցած բնաշխարհիկ զգացումով ու ամեն ինչով բնական, մյուս կողմում՝ Գորիսը, որտեղ նորն է ու ներմուծովին, և որի ճնշմամբ աստիճանաբար փլուզվում է Կյորեսը:",16.0,"Կենսագրություն, Դրամա"
506,Գիրք ճանապարհի,Եղիշե Չարենց,https://zangakbookstore.am/media/products/300x0/494ab789a8830afe47b5dad5e98ff023.jpg,https://zangakbookstore.am/girq-chanaparhi,"ՆԿԱՐԱԳԻՐ
 
ԿԱՐԾԻՔՆԵՐ (0)
«Գիրք ճանապարհի» ժողովածուի այս հրատարակությունը բովանդակային և կառուցվածքային առումով ճշգրիտ կրկնությունն է 1933 թվականի առաջին՝ արգելված տարբերակի: Տարբերակ, որն իր պարագրկումներով, ծածկագրերով ու ենթատեքստերով, այլազան հարցադրումներով հանդերձ, ըստ էության, նախևառաջ արտացոլում է հայոց ազգային պետականության չարենցյան տեսլականը:

Շտկվել են միայն ակնհայտ որոշ վրիպակներ, փոխվել է ուղղագրությունը:
Նվիրվում է Եղիշե Չարենցի ծննդյան 125- ամյակին:

«Գիրք ճանապարհի» ժողովածուն բանաստեղծությունների և պոեմների հավաքածու է, որտեղ խոսվում է հայրենասիրության, հայ մեծ գրողների և սոցիալիստական կարգերի անհրաժեշտության մասին:
Հայրենասիրության թեման շոշափվում է «Սասունցի Դավիթ» և «Պատմության քառուղիներով» պոեմներում:
«Սասունցի Դավիթ» պոեմը հայ ժողովրդական էպոսի մշակումներից մեկն է: Պոետը «Սասունցի Դավիթ» պոեմում նզովում է նեռ թագավորին, նենգ իշխաններին, որոնք ժողովրդին տանում են դեպի պատերազմ և կոտորած: Չարենցը փառաբանում է Առյուծ Մհերին, Դավիթին, նրա որդուն՝ Մհերին՝ բոլոր նրանց, ովքեր օգնել են ժողովրդին և մարտընչել նրա համար: Առյուծ Մհերը ռամիկ էր, որին ժողովուրդը կարգել էր իշխան: Նա քառասուն տարի իշխեց Սասունում, բայց նրա մահից հետո իր միակ ժառանգին կարգեցին հովիվ և հեռացրին սարեր: Սասունում սկսեցին կառավարել նենգ իշխանները՝ Ձենով-Օհանի գլխավորությամբ: Նրանք տեր կանգնեցին Մհերի հարստությանը և սկսեցին կեղեքել ժողովրդին: Մսրա Մելիքը հարկ պահանջեց Ձենով-Օհանից և ցանկացավ, որ ողջ Սասմա ժողովուրդը անց կենա իր սրի տակով: Միայն Դավիթն էր, որ չանցավ նրա թրի տակով: Մսրա Մելիքի հարկահանները եկել էին Սասուն, որպեսզի տանեին նրա հարկը, բայց Դավիթը իմանալով այդ մասին հարձակվում է հարկահանների վրա և ետ խլում իր հոր գանձերը: Մելիքն անթիվ զորք է հավաքում և շարժվում Սասունի վրա: Նրանց դեմ ելնում է Դավիթը՝ հոր զրահներով, հոր ձիով և կայծակ թրով: Բայց նա չի կոտորում անմեղ ժողովրդին, որին ուժով բերել էր Մսրա Մելիքը: Դավիթը գնում Մելիքի մոտ և միամտաբար ընկնում է նրա ծուղակը՝ խոր հորի մեջ, բայց լսելով Սասմա ժողովրդի ձայնը, ելնում է հորից և կանգնում Մսրա Մելիքի դեմ: Նա առաջին հարվածի իրավունքը տալիս է Մելիքին, սակայն թագավորը չի կարողանում հաղթել Դավիթին իր երեք հարվածներով: Մելիքը հոր է փորում և այնտեղ թաքնվում Դավիթի հարվածներից: Դավիթը լսելով Մելիքի մոր և քրոջ թախանձանքները՝ առաջին երկու հարվածը բաշխում է նրանց, իսկ երորդով երկու կես է անում Մելիքին և ազատում Սասունը:",16.0,"Կենսագրություն, Դրամա"
507,Դանթեական առասպել․ Leggenda dantesca,Եղիշե Չարենց,https://zangakbookstore.am/media/products/300x0/9b279377880e9b244ffdcd39aa4b20c8.jpeg,https://zangakbookstore.am/danteakan-araspel-leggenda-dantesca,,16.0,Unknown
508,Պլատերոն և ես Խուան Ռամոս Խիմերոն,Խուան Ռամոն Խիմենես,https://zangakbookstore.am/media/products/300x0/6958886047f563e439720972883a0205.jpeg,https://zangakbookstore.am/plateron-ev-es-khuan-ramos-khimeron,"Խուան Ռամոն Խիմենես Մանտեկոն իսպանացի բանաստեղծ, իր լեզվի լավագույն պոետներից մեկը։ 1956 թվականի Նոբելյան մրցանակակիր գրականության բնագավառում «Քնարական պոեզիայի համար, իսպանական պոեզիայում բարձր ոգու և գեղարվեստական մաքրության օրինակ»։",16.0,"Պոեզիա, Դրամա"
509,Թագուհի,Սամվել Խալաթյան,https://zangakbookstore.am/media/products/300x0/ffa0585314199422c03eb6132951c050.jpeg,https://zangakbookstore.am/taguhi,,16.0,Unknown
510,Մեծ տան փոքրիկ տիրուհին,Ջեք Լոնդոն,https://zangakbookstore.am/media/products/300x0/334f90b8be014062c4ac9403713e350e.jpg,https://zangakbookstore.am/mets-tan-poqrik-tiruhin,"«Մեծ տան փոքրիկ տիրուհին» հեղինակի կյանքի վերջին տարիներին գրված վեպ է, որն առաջին անգամ լույս է տեսել 1916 թվականին: Ողբերգական արձակ ժանրի այս ստեղծագործությունը սիրային եռանկյունու պատմություն է, որի հերոսները, կյանքին նայելով չոր իրապաշտական հայացքով, միաժամանակ մեծ ողբերգության զոհեր են դառնում, քանի որ խիստ տարանջատում են գիտակցականն ու հուզականը: Վեպում կա նաև երկրորդ սյուժետային գիծ, որտեղ պատմվում է գլխավոր հերոսի մանկության մասին: Մի առիթով հեղինակն ասել է. «Փոքրիկ տիրուհին այն է, ինչին ես ձգտում էի իմ ամբողջ գրողական կյանքում, չէ՞ որ այս գիրքն այնքան տարբեր է նրանցից, ինչ ես ստեղծել էի նախկինում»:",12.0,"Կենսագրություն, Ռոմանս"
511,Ֆրանքենսթայն,Մերի Շելի,https://zangakbookstore.am/media/products/300x0/b3a495956a7efbde4fa01617d847ce0a.jpeg,https://zangakbookstore.am/franqenstayn,"Գիտության կիրքը Ռոբերթ Ուոլթոնին հասցնում է Հյուսիսային բևեռ, որտեղ նա ծանոթանում է մահվան շեմին գտնվող մի տղամարդու հետ: Անծանոթը Վիկտոր Ֆրանքենսթայնն է, որի գիտական հետաքրքրությունները չեն սահմանափակվում համալսարանական դասերով, իսկ դրանց արդյունքը դառնում է ճակատագրական թե՛ երիտասարդ գիտնականի, թե՛ նրա շրջապատի համար՝ բացահայտելով մարդկային բնության ամենա թաքնված գաղտնիքներն ու վախերը, արարչի և արարածի հավերժ պայքարը:",16.0,"Ռոմանս, Դրամա"
512,Ալեքսանդր Մակեդոնացու պատմություն: Ասորականք: Միհրդատականք,Ապպիանոս,https://zangakbookstore.am/media/products/300x0/468da8b113f8e03ce66a7bd93e6821b5.jpg,https://zangakbookstore.am/aleqsandr-makedonatsu-patmutyun-asorakanq-mihrdatakanq,"Գիրքն ընդգրկում է անվանի պատմաբան և հին հունարենից թարգմանիչ Սիմոն Կրկյաշարյանի (1923–2011)՝ վերջերս հայտնաբերված երկու անտիպ թարգմանություն՝ բնույթով իրարից շատ տարբեր կիսաառասպելական «Ալեքսանդր Մակեդոնացու պատմության» և Ապպիանոսի «Հռոմի պատմություն» մեծակտավ պատմական երկի «Ասորականք» ու «Միհրդատականք» գրքերի (որոնցում կան հայոց պատմությանն առնչվող կարևոր տեղեկություններ)։ Կրկյաշարյանը չէր հասցրել խմբագրել իր թարգմանությունը և գրել առաջաբան ու ծանոթագրություններ: Այդ աշխատանքն արել և գիրքը հրատարակության է պատրաստել Գոհար Մուրադյանը: Ցավոք, «Միհրդատականք»–ից պակասում են 95–121–րդ գլուխները:",16.0,"Պոեզիա, Պատմական գեղարվեստական գրականություն"
513,Նախաճաշի սեղանը,Դեֆնե Սուման,https://zangakbookstore.am/media/products/300x0/76cb8cc1b9fb249d07a5d67a817a982b.jpg,https://zangakbookstore.am/nakhachashi-sekhany,"ժամանակակից թուրք գրող Դեֆնե Սումանի «Նախաճաշի սեղանը» վեպը ընտանեկան գաղտնիքների ու սիրո պատմություն է` ներկայացված չորս տեսանկյունից: Գործողությունները տեղի են ունենում Թուրքիայի Բյույուքադա կղզում 2017 թվականին, երբ ամբողջ ընտանիքը հավաքվում է` նշելու հայտնի նկարչուհի Շիրին Սաքայի ծննդյան 100-ամյակը:",16.0,"Ժամանակակից, Կենսագրություն"
514,Ռոք Վագրամ,Ուիլյամ Սարոյան,https://zangakbookstore.am/media/products/300x0/df644f5433cb35b51e31ac6fe9f33f60.jpg,https://zangakbookstore.am/roq-vagram-otargir,"«Ռոք Վագրամ» վեպը (1951), որն առաջին անգամ է հրատարակվում արևելահայերեն թարգմանությամբ, ներկայացնում է մի նոր, ծանոթ ու անծանոթ Սարոյանի: Բարմենից հոլիվուդյան աստղի մակարդակի հասած ամերիկահայ տղայի պատմության մեջ ինքնության որոնման, սփյուռքահայի երկփեղկված գիտակցության, ընտանեկան կապերի, փլուզված անձնական կյանքի սարոյանական մոտիվները համատեղվել են տրտում իմաստունի դառնագին մտորումներով, թեև հումորի աննման զգացումը, հրաշալի խենթությունն ու իսկական քրիստոնեայի մարդկայնությունը չեն լքել հեղինակին: «Ռոք Վագրամը» յուրօրինակ գործ է թե՛ բովանդակությամբ, թե՛ ձևով ու կառուցվածքով, որքան սպասելի, նույնքան էլ անսպասելի Սարոյան:",12.0,"Կենսագրություն, Դրամա"
515,Խաղը,Վիկտոր Բալայան,https://zangakbookstore.am/media/products/300x0/00570e9f5003ee6a859a5c4443761b0e.jpeg,https://zangakbookstore.am/khakhy,,16.0,Unknown
516,Ալպիական մանուշակ,Ակսել Բակունց,https://zangakbookstore.am/media/products/300x0/b313be945420b88dc75b9f803564c8cd.jpg,https://zangakbookstore.am/alpiakan-manushak,,12.0,Unknown
517,"Վիպակներ և պատմվածքներ, Սոլոգուբ",Վլադիմիր Սոլոգուբ,https://zangakbookstore.am/media/products/300x0/5e22cab900c118ca977a26e59c8943e0.jpeg,https://zangakbookstore.am/vipakner-ev-patmvatsqner-sologub,,16.0,Unknown
518,Աղվեսը,Դեյվիդ Լոուրենս,https://zangakbookstore.am/media/products/300x0/6a564a95eae080768a598bb043c0488d.jpeg,https://zangakbookstore.am/akhvesy,,16.0,Unknown
519,Երեկվա աշխարհը․ Եվրոպացու հուշեր,Ստեֆան Ցվայգ,https://zangakbookstore.am/media/products/300x0/90b61ef1a26794829aa3f3cc972a40e5.jpeg,https://zangakbookstore.am/erekva-ashkharhy-evropatsu-husher,"Երբ վերադառնում էի տուն, հայացքս ընկավ ինձանից առաջ քայլող ստվերիս․ այդպես ես տեսնում էի նախորդ պատերազմի ստվերը ներկայի հետևում։  Տարիներ ի վեր այդ ստվերը չի հեռացել ինձանից․ այն փաթաթվել է իմ բոլոր մտքերին գիշեր-ցերեկ․ նրա մութ դրոշմը գուցե ընկած է այս գրքի որոշ էջերին։ Բայց յուրաքանչյուր ստվեր, ի վերջո, նույնպես լույսի ծնունդ է, և ով ճանաչել է լուսավորն ու մթինը , պատերազմն ու խաղաղությունը, վերելքն ու անկումը, միայն նա է իսկապես ապրել։",16.0,"Դրամա, Ռոմանս"
520,Ձգողության ծիածանը,Թոմաս Փինչըն,https://zangakbookstore.am/media/products/300x0/d578a7820bd7872c508efd9bc9bbecea.jpeg,https://zangakbookstore.am/dzgokhutyan-tsiatsany,,16.0,Unknown
521,Էմբրիոն,Նորայր Ադալյան,https://zangakbookstore.am/media/products/300x0/a2d334fdbdcacab37d6f9a319e39beda.jpg,https://zangakbookstore.am/embrion,"Գրքում զետեղված են երեք վիպակներ, որոնք թարգմանվել են նաև օտար լեզուներով (ռուսերեն, գերմաներեն, սլովեներեն): Վիպակներն արտացոլում են ժամանակակից մարդու հուզաշխարհը և մտածողությունը, որոնք գրողի երկարամյա ստեղծագործական հետաքրքրություններից են:",16.0,"Պոեզիա, Ժամանակակից"
522,Գրքի գողը,Մարկուս Զուսակ,https://zangakbookstore.am/media/products/300x0/edfe8e3b1f4f6ee58ca252214641824f.jpeg,https://zangakbookstore.am/grqi-gokhy,,16.0,Unknown
523,Ծուռ տունը,Վահե Վայան,https://zangakbookstore.am/media/products/300x0/476650e5a54035a846c84c4ee81eff0e.png,https://zangakbookstore.am/tsur-tuny,"Վիպակի հերոս Վ-ն ապրում է մի խեղաթյուրված աշխարհում, որն օտար է նրա համար և ոչ ընկալելի։
Ո՞րն է այս աշխարհում ճակատագրի բերմամբ հայտնված միայնակ հերոսի դիմակայման միջոցը․ աշխարհ, որտեղ մարդկանց անուններն անգամ այլևս ոչինչ չեն ասում և ամփոփված են մեկ տառի մեջ։ Վ-ն, ինչպես իրենից առաջ ծնված ու իրենից հետո ծնվելիք բոլոր անհատականությունները, կանգնած է հավերժական ընտրության առաջ՝ հանձնվել հոսանքին կամ կռիվ տալ սեփական տեսակի գոյության համար։",16.0,"Դրամա, Թրիլլեր"
524,Իմ գրադարանը․ Ղազարոս Աղայան,Ղազարոս Աղայան,https://zangakbookstore.am/media/products/300x0/91dd382f2301022e631cb67a70145263.jpg,https://zangakbookstore.am/im-gradarany-khazaros-akhayan,"Ղազարոս Աղայանը համարվում է ինքնակենսագրական վեպի ժանրի հեղինակը հայ գրականության մեջ: Գրել է բանաստեղծություններ, հեքիաթներ, վիպակներ: Նա նաև նշանավոր մանկավարժ է, հրապարակախոս և գրական-հասարակական գործիչ:

Ղազարոս Աղայանի այս ժողովածուն լույս է տեսել «Իմ գրադարանը» մատենաշարով: «Իմ գրադարանը» մատենաշարի յուրաքանչյուր գրքում ներկայացված են հայ դասական գրողների լավագույն գործերը: Մատենաշարը հասցեագրված է դպրոցականներին, ուսանողներին, մեծահասակ ընթերցողներին և առհասարակ բոլոր նրանց, ովքեր սիրում են հայ գրականությունը:",12.0,"Պոեզիա, Կենսագրություն"
525,Ես Օրացույցն եմ,Անդրիս Կալնոզոլս,https://zangakbookstore.am/media/products/300x0/562c19533b545be93e655044068adfad.jpg,https://zangakbookstore.am/es-oratsuytsn-em,"Վեպի առանցքում Լատվիայի մի փոքր քաղաքում ապրող յուրօրինակ «փոքրիկ մարդու» կերպարն է։ Նա գրեթե չի շփվում այլ մարդկանց հետ: Ամբողջ վեպը գրված է որպես հաղորդակցության բացակայությանը փոխարինող տեքստ։ Սկզբում հերոսը՝ Օսկարը, իր մտքերը նոթատետրում գրի է առնում՝տեղի հոգևոր հովվի հետ հաղորդակցվելու համար, ապա՝ որպես օրագիր։ Ամեն ինչ փոխվում է, երբ Օսկարի կյանքում հայտնվում է մի անծանոթ գեղեցկուհի։ Հերոս ըսկսում է անել քայլեր, որոնք նրան մինչև այդ թվում էին անհաղթահարելի։",16.0,"Դրամա, Կատակերգություն"
526,Եղիշե Չարենց,Եղիշե Չարենց,https://zangakbookstore.am/media/products/300x0/2bea2b5fd5d66f6dadacb461b8b1ac37.jpeg,https://zangakbookstore.am/ekhishe-charents-3,,,Unknown
527,Մարդու կյանքը: Սև Դիմակներ,Լեոնիդ Անդրեև,https://zangakbookstore.am/media/products/300x0/c322d1fb2f01ec58c803bd574cfa2d99.jpeg,https://zangakbookstore.am/mardu-kyanqy-sev-dimakner,,16.0,Unknown
528,Ծառի որդին,Դմիտրի Բակին,https://zangakbookstore.am/media/products/300x0/0cfc015722771b98515d42fe36ce8791.jpeg,https://zangakbookstore.am/tsari-ordin,,16.0,Unknown
529,Ռանչպարների կանչը,Խաչիկ Դաշտենց,https://zangakbookstore.am/media/products/300x0/e2ad675ec95579657028c52e36fa0823.jpg,https://zangakbookstore.am/ranchparneri-kanchy,"«Ռանչպարների կանչը» վիպասքը Խաչիկ Դաշտենցի գլուխգործոցն է, 20-րդ դարի հայ արձակի փառավոր նմուշներից մեկը: Գիրքը նվիրված է Արևմտյան Հայաստանի քաջարի հայ ֆիդայիների փաղանգին: Գեղարվեստորեն պատկերելով նրանց սխրագործությունները՝ հեղինակը զարմանալի վարպետությամբ միահյուսել է պատմական իրողություններն ու դրանց էպոսակերպ արտացոլանքը ժողովրդի գիտակցության մեջ: Վիպասքը գովերգ է հայրենասիրության, արիության ու պարկեշտության, մարդասիրության և առ Աստված հավատքի:",12.0,"Պատմական գեղարվեստական գրականություն, Կենսագրություն"
530,Բունկեր,Գեղամ Օհանյան,https://zangakbookstore.am/media/products/300x0/7d33f03720dabc7273afc7053a2fdf59.jpeg,https://zangakbookstore.am/bunker,,16.0,Unknown
531,Չարենց-Նամե,Եղիշե Չարենց,https://zangakbookstore.am/media/products/300x0/cd71317bfe963d125aba89cb1a5133d1.jpeg,https://zangakbookstore.am/charents-name-1,,12.0,Unknown
532,Капказ Тамаша,Եղիշե Չարենց,https://zangakbookstore.am/media/products/300x0/7111681f8929e4f0cd7be9a8b99888fa.jpeg,https://zangakbookstore.am/kapkaz-tamasha,,12.0,Unknown
533,Eghisce Ciarenz,Եղիշե Չարենց,https://zangakbookstore.am/media/products/300x0/c3ff964cae4e033e90e603dbb28144b3.jpeg,https://zangakbookstore.am/eghisce-ciarenz-1,,12.0,Unknown
534,40 պոեմ,Եղիշե Չարենց,https://zangakbookstore.am/media/products/300x0/476cdb0971836ed505b22cb5c76ac7c3.jpeg,https://zangakbookstore.am/40-poem,,12.0,Unknown
535,Դեպի Արևելք,Եղիշե Չարենց,https://zangakbookstore.am/media/products/300x0/931043cb2f6a9a3e11bbb6a2b2a3b8a8.jpeg,https://zangakbookstore.am/depi-arevelq,,12.0,Unknown
536,Ոչ մի շաբաթ առանց Չարենցի,Եղիշե Չարենց,https://zangakbookstore.am/media/products/300x0/fc250bb93d106b9c244940dbc1374b13.jpg,https://zangakbookstore.am/och-mi-shabat-arants-charentsi-1,"Նվիրված է բանաստեղծի ծննդյան 125-ամյակին։ Ընտրանիում ընդգրկված են Եղիշե Չարենցի փոթորկուն կյանքի ու հանճարեղ ստեղծագործության առանցքային դրվագները, նրա սիրված ու լայն հանրությանն անհայտ գործերը, ժամանակակիցների հուշերը, նամակներ, հոդվածներ, հատվածներ ելույթներից, օրագրային գրառումներ և այլն։ Գրքում երևում են նաև բանաստեղծի միջավայրն ու ժամանակը՝ ներշնչող կամ հուսահատության մատնող իրադարձություններով, բանաստեղծին ոգեշնչող, խրախուսող և, ընդհակառակը, նրա գրական ընթացքը խոչընդոտող մարդկանցով։",12.0,"Պոեզիա, Դրամա"
537,Լուսամփոփի պես աղջիկ,Եղիշե Չարենց,https://zangakbookstore.am/media/products/300x0/fe55a791352ee766b62fff1b070fdbe6.jpeg,https://zangakbookstore.am/lusampopi-pes-akhjik,,12.0,Unknown
538,Սպանություն գոլֆի դաշտում,Ագաթա Քրիստի,https://zangakbookstore.am/media/products/300x0/0a23a71bc43492ac1e55ea44164d58a8.jpg,https://zangakbookstore.am/spanutyun-golfi-dashtum,"«Սպանություն գոլֆի դաշտում» վեպը Ագաթա Քրիստիի երրորդ գիրքն է և նրա ամենահայտնի ստեղծագործություններից մեկը: Առաջին անգամ լույս է տեսել 1923 թվականին Մեծ Բրիտանիայում: Մեծահարուստ Պոլ Ռենոյի նամակը Լոնդոնում հաստատված և արդեն մասնավոր գործեր հետաքննող Էրքյուլ Պուարոյին բերում է Ֆրանսիա: Սակայն տեղ հասնելով՝ բելգիացի հռչակավոր խուզարկուն պարզում է, որ իր հաճախորդը սպանված է, իսկ նրա դիակը հայտնաբերվել է գոլֆի դաշտում՝ թիկունքից դաշունահար:

«Դետեկտիվի թագուհի» Ագաթա Քրիստիի պատկերավոր սպանությունների առեղծվածները տասնամյակներ շարունակ հետապնդել են ընթերցողներին: Նրա գրքերը հրատարակվել են ավելի քան 2 միլիարդ տպաքանակով և թարգմանվել են աշխարհի շուրջ 100 լեզուներով: Ագաթա Քրիստին գրանցված է Գինեսի համաշխարհային ռեկորդների գրքում՝ որպես բոլոր ժամանակների ամենավաճառված վիպագիրը: Նա նաև աշխարհի ամենաշատ թարգմանված հեղինակն է՝ առաջ անցնելով Ժյուլ Վեռնից և Ուիլյամ Շեքսպիրից: Բոլոր ժամանակների ամենախորհրդավոր պատմություններն ու կերպարները կերտած այս բրիտանացի վիպասանը աշխարհին նմանը չունեցող ժառանգություն է թողել:",16.0,"Դետեկտիվ, Առեղծված"
539,Պոչը,Վարդան Ֆերեշեթյան,https://zangakbookstore.am/media/products/300x0/45970e9d849c0ae6f16fd59fde89722a.jpeg,https://zangakbookstore.am/pochy,,16.0,Unknown
540,Պառավը․ Դիպվածներ,Դանիիլ Խարմս,https://zangakbookstore.am/media/products/300x0/3d8c8f645e494b3f3c202eaf6146dd6b.jpeg,https://zangakbookstore.am/paravy-dipvatsner,,16.0,Unknown
541,Մեր թաղը,Նար-Դոս,https://zangakbookstore.am/media/products/300x0/47c6ec6eece91211ffb32b99a416fedc.jpeg,https://zangakbookstore.am/mer-takhy,,16.0,Unknown
542,Անապատի գուշակը,Լիլիթ Կարապետյան,https://zangakbookstore.am/media/products/300x0/eaa78e5edd075c7e2276e6c93afd907e.jpg,https://zangakbookstore.am/anapati-gushaky,"Վեպ- ճանապարհորդությունն իրականանում է աշխարհագրական տարածության հաղթահարումից, նոր սահմանների գծագրումից մինչև սեփական կենսագրության ուղու փնտրտուք և դրսևորվում իրականության հավատի բացակայության վերջաբանով: Հերոսները հեռանում են դեպի ստորերկրյա մտացածին աշխարհ, և այդ աշխարհը հնարավորություն է տալիս երևակայությունից բխող կարելիության սահմանագծերի տիրույթում հակվել ինքնասպանների հարության հավանական գաղափարներին:",16.0,"Դրամա, Գիտական ​​ֆանտաստիկա"
543,Բարբարոսներին սպասելիս,Ջոն Քութզի,https://zangakbookstore.am/media/products/300x0/44b16b8accb827ee99b69f5204faa51c.jpg,https://zangakbookstore.am/barbarosnerin-spaselis,"Հարավաֆրիկացի գրող Ջոն Մ. Քութզին թերևս Նոբելյան բոլոր դափնեկիրներից ամենաառեղծվածայինն է՝ մարդ, որն իր Նոբելյան բանախոսությունը նվիրեց Ռոբինզոն Կրուզոյին՝ մի մարդու, որի անունն արդեն վաղուց առեղծված է: «Բարբարոսներին սպասելիս» վեպում, անանուն կայսրության ծայրամասում գտնվող մի փոքրիկ քաղաք ոգևորվում է սահմանային անապատներից բարբարոսների մոտալուտ հարձակման լուրով: Կայսրության սրտից ժամանած գնդապետ՝ պատրաստ ոչնչացնելու բոլորին, քաղաքային դատավոր, որը չի ցանկանում խուճապի մատնվել և արդյունքում մեղադրողից վերածվում է մեղադրյալի, գերի աղջիկ, որը դատավորի համար դառնում է զգայական և կրոնական երկրպագության առարկա… «Բարբարոսներին սպասելիս» -ը իր բնույթով վեպ- պրիտչա է կամ վեպ- փոխաբերություն:",16.0,"Առեղծված, Թրիլլեր"
544,Նորվեգական տարեցույց,,https://zangakbookstore.am/media/products/300x0/25441267fb84848fc8d5f52289069407.png,https://zangakbookstore.am/norvegakan-taretsuyts,"Նորվեգական քնարերգության փառահեղ էջերից ծաղկաքաղ արված և տարվա շաբաթների կուռ հաջորդականությամբ ներդաշնակված «Նորվեգական տարեցույց - շաբաթական տաղեր» ընտրանին իր մեջ ընդգրկում է սկանդինավյան աշխարհին բնորոշ հուզառատ ու դյութիչ, իսկ երբեմն իմպրեսիոնիզմով ու ռեալիզմով պարուրված բանաստեղծություններ: Հայ ընթերցողին առաջին անգամ ներկայացվող այս գրքում տեղ են գտել գրական և նոր նորվեգերեն բնագրերից արևելահայերեն թարգմանված 52 գողտրիկ պատառիկներ և այն լույս աշխարհ բերած հեղինակների համառոտ կենսագրականները:",16.0,"Պոեզիա, Կենսագրություն"
545,Ուբյու արքան,Ալֆրեդ Ժարի,https://zangakbookstore.am/media/products/300x0/0e2b6376c1451441a3134dc01633e928.jpg,https://zangakbookstore.am/ubyu-arqan,"Առաջին անգամ հայ ընթերցողին է ներկայացվում գրական մեծ նորարար, աբսուրդի թատրոնի հիմնադիր Ալֆրեդ Ժարիի «Ուբյու Արքա» նշանավոր դրաման, որը հղացվել է դեռևս դպրոցական տարիքում, հրատարակվել և բեմադրվել 1896-ին Փարիզում: Պիեսի գլխավոր հերոսը Հայր Ուբյուն է՝ գրոտեսկային, արգահատելի և վանող մի կերպար, անգութ բռնակալ, որ հանցավոր ճանապարհով բազմում է Լեհաստանի թագավորական գահին: Ուբյուն մարդկային դաժանության, տկարամտության, ժլատության և իշխանատենչության խորհրդանիշն է:",16.0,"Դրամա, Կենսագրություն"
546,Վագրենավորը,Շոթա Ռուսթավելի,https://zangakbookstore.am/media/products/300x0/b40d481986346674220b13769a26753e.jpg,https://zangakbookstore.am/vagrenavory,"Գիրքը բովանդակում է Շոթա Ռուսթավելու «Վագրենավորը» հերոսական ասքի առաջին հայերեն ամբողջական թարգմանությունը: Կատարել է Գևորգ Մուրադյանը 1927-1930 թթ.: Լույս է տեսնում առաջին անգամ` էականորեն խմբագրված:

Հատորն ունի ընդարձակ առաջաբան, որտեղ ներկայացված են թարգմանչի կյանքը և գործը, ինչպես նաև «Վագրենավորի» թարգմանությանն առնչվող խնդիրներ: Վերջում զետեղված են բնագրագիտական և բացատրական բնույթի ծանոթագրություններ:",16.0,"Պատմական գեղարվեստական գրականություն, Դրամա"
547,Լեռան ձայնը,Յասունարի Կավաբատա,https://zangakbookstore.am/media/products/300x0/eb33e5a41856d067eac83792fd981582.jpg,https://zangakbookstore.am/leran-dzayny,"Ճապոնացի գրող, Նոբելյան մրցանակի դափնեկիր Յասունարի Կավաբատան (1899-1972) իր «Լեռան ձայնը» վեպում պատկերում է Ճապոնիայի կյանքը հետպատերազմյան շրջանում`պատերազմի թողած ավերիչ հետևանքներով:",16.0,"Կենսագրություն, Պոեզիա"
548,Ցանկություն անունով տրամվայը,Թենեսի Ուիլյամս,https://zangakbookstore.am/media/products/300x0/b8b86ff66cbd38d1cfbfee691bea85be.jpg,https://zangakbookstore.am/tsankutyun-anunov-tramvayy-bem,"Հատընտիրն ընդգրկում է երեք նշանավոր դրամա՝ մեծահամբավ «Ցանկություն անունով տրամվայը» (1947), որը 1948-ին արժանացել է Փուլիցերյան մրցանակի և XX դարի լավագույն ամերիկյան պիեսներից մեկի համարումն ունի, «Դաջված վարդը» (1951) և «Իգուանի գիշերը» (1961): Երեքն էլ իրարից շատ տարբեր գործեր են, բայց բոլորը դրոշմված մի կողմից խռովահար, տանջալի, բորբոքուն, մյուս կողմից ռոմանտիկ ու բանաստեղծական այն աշխարհի կնիքով, որին ծնունդ է տվել Թենեսի Ուիլյամսն իրեն հատուկ մեծ վարպետությամբ:",16.0,"Դրամա, Երիտասարդական"
549,Արտ Գրականություն 1/21,Ռեյ Բրեդբըրի,https://zangakbookstore.am/media/products/300x0/70f7d203364cc5476e5f92e3a2a01226.jpeg,https://zangakbookstore.am/art-grakanutyun-121,,16.0,Unknown
550,Անապակ առեղծված,Վահան Զանոյեան,https://zangakbookstore.am/media/products/300x0/8f389aaee10290b92360a955cb13f2d9.jpg,https://zangakbookstore.am/anapak-arekhtsvats,"2000-ականների սկզբին վետերան գինեգործ Հայկ Քոլեյանը
Տոսկանայից ժամանում է Հայաստան՝ գինեգործությունը
վերականգնելու համար։ Արամ Ալմայանը Մոսկվայում վաճառում է մի
քանի խաղատուն՝ իր հմայիչ դուստր Կառլայի հետ հայրենիքում
խաղողի այգիներ հիմնելու եւ գինու մեծ գործարան կառուցելու
նպատակով։ Փիլիսոփա, գինեգործ Վան Դորյանը նույն երազանքով
վաճառում է Լոս Անջելեսի իր ընկերության մեծ մասը եւ
տեղափոխվում Երեւան։
Նրանց արտադրած գինիներն ընկնում են տարօրինակ եւ նենգադավ
պատմությունների մեջ։ Ռուսաստանում գինու վաճառքով զբաղվող
ամենամեծ ընկերության աշխատակիցը սպանվում է Մոսկվայում։
Հարվածի տակ է դրվում Ալմայանի գինու գործարանի աշխատակցի
կյանքը։ Արամը պետք է լուծի երկու խնդիր՝ բացահայտի
խարդախներին եւ լուծի գինեգործների վեճերը։ Ու դա պետք է հասցնի
մինչեւ գինեգործական կարեւորագույն հավաքը, որտեղ պետք է
հայտարարվի աննախադեպ նախաձեռնության մասին։",16.0,"Դրամա, Երիտասարդական"
551,Կենդանի մեռյալը,Վլադիմիր Օդոեվսկի,https://zangakbookstore.am/media/products/300x0/1d334e129c23b27c9a466bc022ce373b.jpg,https://zangakbookstore.am/kendani-meryaly,"Վլադիմիր Օդոևսկին տասնիներորդ դարի ռուսական ֆանտաստիկ գրականության երևելիներից է: Նա այն ռոմանտիկ գրողներից է, որոնք ֆանտաստիկ գրականություն բերեցին փիլիսոփայական միտքը: Օդոևսկու գրականությանը բնորոշ է նաև անխնա երգիծանքը, որով նա մերկացնում է իր ժամանակի չինովնիկության իրական՝ արատավոր դեմքը: Այս ժողովածուում հավաքված են հեղինակի ամենանշանակալից ստեղծագործությունները:",16.0,"Պոեզիա, Կենսագրություն"
552,Պիի կյանքը,Յան Մարթել,https://zangakbookstore.am/media/products/300x0/7d4bc239770882f432fea5d39c2c9eed.jpg,https://zangakbookstore.am/pii-kyanqy,,12.0,Unknown
553,Օզման Օզից,Լայմըն Ֆրենկ Բաում,https://zangakbookstore.am/media/products/300x0/1a253c2f7904b5797c4d704b53d9e992.jpeg,https://zangakbookstore.am/ozman-ozits,,8.0,Unknown
554,Ստամբուլ հուշերի քաղաք,Օրհան Փամուք,https://zangakbookstore.am/media/products/300x0/e2356fbc955debfe728beb70bec2a940.jpg,https://zangakbookstore.am/stambul-husheri-qakhaq,,16.0,Unknown
555,Մշկո Մշկոյանի արկածները,Աբել Միքայելյան,https://zangakbookstore.am/media/products/300x0/cf7541774aa9cbe6cb1ba836e8c3843c.jpeg,https://zangakbookstore.am/mshko-mshkoyani-arkatsnery,,16.0,Unknown
556,Դրսեկը,Նարինե Աբգարյան,https://zangakbookstore.am/media/products/300x0/e6fa7365fd270fc167f36e11a03bc06a.jpg,https://zangakbookstore.am/drseky,"Սա կիսազավեշտական դրվագներով պատմություն է մի հպարտ ու դեռատի աղջկա մասին, որը հախուռն 90-ականներին թողնում է իր լեռնային, գողտրիկ հայրենիքն ու գնում՝ Մոսկվան նվաճելու: Ամեն դրսեկ իր Մոսկվան ունի: Վեպի հերոսուհու Մոսկվան բոլոր այն մարդիկ են, որոնց հետ  ծանոթացնում է այդ խելահեղ քաղաքը: Այդ մարդիկ հերոսուհուն սիրում են, պաշտպանում, ուղեկցում են անծանոթ փողոցներով, որոնց մասին գիտեն միայն տեղացիները, բայց ոչ երբեք՝ դրսեկները: 

Գիրքը «դրսեկ-ներսպրծուկի» կյանքի մի փոքրիկ հատվածի մասին է, որը, գուցե, անծանոթ է մեծ քաղաքների բնակիչներին: Զվարճալի ու մի քիչ էլ դառն է օտարականի կյանքի այդ հատվածը, որի շնորհիվ հերոսուհին կայանում է որպես դրսեկ և որպես մոսկվացի:

Մարդու կյանքում միշտ տեղ կա սխրանքի համար: Մի սխրանքը արտագաղթելու որոշում կայացնելն է, երկրորդը՝ նոր հայրենիքն ընդունելն ու սիրելն է այնպիսին, ինչպիսին է այն՝ իր բոլոր լավ ու վատ կողմերով: Եվ այդ դեպքում նոր հայրենիքն անպայման պատասխանում է փոխադարձ սիրով: Անպայման:",18.0,"Ռոմանս, Դրամա"
557,Մանյունյան գրում է ֆանտասԾիկ վեպ,Նարինե Աբգարյան,https://zangakbookstore.am/media/products/300x0/2b3b85dccacc86e2deee56672b62cd7a.jpg,https://zangakbookstore.am/manyunyan-grum-e-fantastsik-vep,"Ձեր առջև մանկության մասին լավագույն գրքի՝ Նարինե Աբգարյանի «Մանյունյայի» երկար սպասված շարունակությունն է:

Մանյունյայի նոր արկածների մասին պատմող գիրքը նվիրում ենք բոլոր նրանց, ովքեր հասցրել են ճանաչել և սիրել զվարճալի ու չարաճճի ընկերուհիներ Նարինեին և Մանյունյային, խիստ, բայց համակրելի Տային՝ Մանյունյայի տատիկին, և նրանց աղմկոտ ու ցնդած ազգականներին: Գիրքը նվիրում ենք նաև նրանց, ովքեր նոր-նոր են հաստատելու այդ շատ հաճելի ծանոթությունը:

Եթե կարծում եք՝ գիտեք, թե ինչի են ընդունակ երկու անդադրում աղջնակները, որոնք ձգտում են մանկության ոչ մի րոպեն առանց արկածի չանցկացնել, ուրեմն դեռ ոչինչ չգիտեք... Կարդացե՛ք ու զարհուրե՛ք, ավելի ճիշտ՝ վայելե՛ք…",12.0,"Կատակերգություն, Դրամա"
558,Աստղեր նվիրողը,Ջոջո Մոյես,https://zangakbookstore.am/media/products/300x0/5e959d381c69a84f2f106b49f3522134.jpg,https://zangakbookstore.am/astkher-nvirokhy,"Անգլիայի իր միապաղաղ կյանքից խուսափելու համար երիտասարդ ու բարետես Բենեթ Վան Քլիվի հետ մեծ ակնկալիքներով ամուսնացած Էլիսին Քենթաքիի փոքրիկ Բեյլիվիլ քաղաքում հիասթափություն էր սպասվում. ամուսնական կյանքը հեռու էր նրա պատկերացումներից։ Վան Քլիվների տան ձանձրույթից ու ծանր մթնոլորտից Էլիսին փրկելու է գալիս աշխատանքը նոր հիմնված շրջիկ գրադարանում։ Այն Էլիսի համար արդարության, ընկերության և իրական սիրո հաղթանակի ճանապարհ է դառնում։",16.0,"Երիտասարդական, Ռոմանս"
559,Արտ Գրականություն 3/21,Նագիբ Մահֆուզ,https://zangakbookstore.am/media/products/300x0/2289f0e7682f92bcb4b9b7a4fe447cb8.jpeg,https://zangakbookstore.am/art-grakanutyun-321,,16.0,Unknown
560,Արտ Գրականություն 4/21,Թոմաս Բեռնհարդ,https://zangakbookstore.am/media/products/300x0/fb555e3c6b1e9f2d7b1d0e37c179dd7f.jpeg,https://zangakbookstore.am/art-grakanutyun-421,,16.0,Unknown
561,սԵրկիր,Լիլի Մկրտչյան,https://zangakbookstore.am/media/products/300x0/7a70ea37bb1432c339904540528f23b5.jpeg,https://zangakbookstore.am/serkir,,16.0,Unknown
562,Ծաղկած փշալարեր,Գուրգեն Մահարի,https://zangakbookstore.am/media/products/300x0/823e7d7c3da92bb29244ed328ea51667.jpg,https://zangakbookstore.am/tsakhkats-pshalarer,"Գրքերը նույնպես ունեն իրենց ճակատագիրը: «Ծաղկած փշալարեր» վիպերգի ճակատագիրը բնորոշ էր համայնավար երկդիմի գաղափարախոսության և սոցիալիստական ռեալիզմի կաղապարներին պահպանվող խորհրդային գրահրատարակչության համար: Մի կողմից կուսակցական համագումարների բարձր ամբիոններից քննադատվում էր Ստալինի պաշտամունքը և բացահայտվում էին զանգվածային բռնադատությունները, իսկ մյուսից՝ սահմանափակվում այդ հարցերի վերաբերյալ հասարակական կարծիքի ձևավորումը: Դա էր պատճառը, որ 1965 թվին գրված վիպերգը լույս տեսավ միայն քառորդ դար անց՝ գորբաչովյան վերակառուցման տարիներին, և կարճ ժամանակից դարձավ ընթերցողների սեղանի գրքերից մեկը:",16.0,"Պատմական գեղարվեստական գրականություն, Դրամա"
563,Մահ Նեղոսի վրա,Ագաթա Քրիստի,https://zangakbookstore.am/media/products/300x0/e2e2be7279a35489dadcd9260fc62702.jpg,https://zangakbookstore.am/mah-nekhosi-vra,"Ագաթա Քրիստիի «Մահ Նեղոսի վրա» վեպը դետեկտիվ ժանրի համաշխարհային բեսթսելերներից է։ Գործողությունները զարգանում են հռչակավոր խուզարկու Էրքյուլ Պուարոյի աչքի առջև, որը հերթական անգամ ակամա հայտնվում է դեպքերի կիզակետում:

Մեծահարուստների եգիպտոսյան անհոգ ճամփորդությունը փոթորկվում է մեղրամիսը վայելող երիտասարդ, հարուստ ու հաջողակ Լինեթ Ռիջուեյի սպանությամբ։ Մի բան է միայն ստույգ. հանցագործը նավի ուղևորներից է։ Իմաստուն խուզարկուն, գործի դնելով վերլուծության իր հոգեբանական մեթոդները, պետք է բացահայտի մարդասպանին, որին ոչ ոք չի կասկածում:

«Դետեկտիվի թագուհի» Ագաթա Քրիստիի պատկերավոր սպանությունների առեղծվածները տասնամյակներ շարունակ հետապնդել են ընթերցողներին: Նրա գրքերը հրատարակվել են ավելի քան 2 միլիարդ տպաքանակով և թարգմանվել են աշխարհի շուրջ 100 լեզուներով: Ագաթա Քրիստին գրանցված է Գինեսի համաշխարհային ռեկորդների գրքում՝ որպես բոլոր ժամանակների ամենավաճառված վիպագիրը: Նա նաև աշխարհի ամենաշատ թարգմանված հեղինակն է՝ առաջ անցնելով Ժյուլ Վեռնից և Ուիլյամ Շեքսպիրից: Բոլոր ժամանակների ամենախորհրդավոր պատմություններն ու կերպարները կերտած այս բրիտանացի վիպասանը աշխարհին նմանը չունեցող ժառանգություն է թողել:",12.0,"Առեղծված, Կենսագրություն"
564,Շերլոք Հոլմս։ Հոլմսի արխիվը 7,Արթուր Կոնան Դոյլ,https://zangakbookstore.am/media/products/300x0/74e380d70c9defdfbe9ececdc2227985.jpg,https://zangakbookstore.am/sherloq-holms-holmsi-arkhivy,"1927 թ. հրատարակված և տասներկու պատմվածքից բաղկացած «Հոլմսի արխիվը» ժողովածուն վերջինն է հանրահայտ խուզարկուի արկածների մասին պատմող ժողովածուներից: Այս պատմվածքներում ընթերցողը հնարավորություն է ստանում միանգամայն այլ՝ հոգեբանական տեսնակյունից բացահայտելու Հոլմսին, որը, բժիշկ Ուոթսոնի խոսքով՝ ոչ միայն հզոր միտք, այլ նաև հզոր սիրտ ունի:",12.0,"Պոեզիա, Դրամա"
565,Մեղավոր հոգու ճիչը,Սեդա Դեմիրճյան,https://zangakbookstore.am/media/products/300x0/71163427e0618844ec41a9669404d2bf.jpg,https://zangakbookstore.am/mekhavor-hogu-chichy,"Նոնա Ջոնսոնը՝ «Նյու Յորք Թայմս»-ի հանրաճանաչ և խոստումնալից հեղինակներից մեկը, կյանքի աշնան շեմին էր: Թվում էր, թե ամեն ինչ ուներ երջանիկ լինելու համար` հեղինակություն, փառք, հարստություն, բայց նրա հոգում ծվարել էր մի գաղտնիք անցյալից, որը հանգիստ չէր տալիս նրան: Մի ձայն աղաղակում էր անդադար՝ թույլ չտալով գնահատել կյանքի բարիքները և լիարժեք զգալ իրեն: Տարիներ շարունակ փորձել էր հաշտություն կնքել ոտնահարված, նսեմացված և կեղեքված զգացմունքներից առաջացած զայրույթի հետ, բայց այլևս անկարող էր: Հոգում բռնկված այդ խռովքը նրան դրդում է ինքնասպանության: Նա անզոր էր պայքարելու իրականության դեմ, բայց.... հանկարծ ամեն ինչ շրջվում է, մի ճիչ ստիպում է նրան սթափվել ու համարձակություն ունենալ դուրս գալու թաքստոցից և բարձրաձայնելու դաժան իրականության մասին. իրականություն, որի ակունքները տանում են նրան հետ՝ իր ծննդավայր Երևան:",16.0,"Դրամա, Թրիլլեր"
566,Աշնանային ցրտեր,Լևոն Ադյան,https://zangakbookstore.am/media/products/300x0/8112b9b122964c50dd2149707942ca31.jpeg,https://zangakbookstore.am/ashnanayin-tsrter,,16.0,Unknown
567,Կոտրված թևերով թռչունը,Լևոն Ադյան,https://zangakbookstore.am/media/products/300x0/b0ffee47324796f01e0ee4b995b236ed.jpeg,https://zangakbookstore.am/kotrvats-teverov-trchuny,,16.0,Unknown
568,1948 Խորհրդային օրեր,Լեռ Կամսար,https://zangakbookstore.am/media/products/300x0/8cba02b061ef253a8a09259afef0648d.jpeg,https://zangakbookstore.am/1948-khorhrdayin-orer,,16.0,Unknown
569,Այստեղ առյուծներ կան,Կատերինա Փոլադյան,https://zangakbookstore.am/media/products/300x0/59d779afef9373a57c5b1cba0a3d2bf1.jpeg,https://zangakbookstore.am/aystekh-aryutsner-kan,,16.0,Unknown
570,Կոմպրոմիս,Սերգեյ Դովլաթով,https://zangakbookstore.am/media/products/300x0/c8a4bc985242828d21840e82d9017119.jpg,https://zangakbookstore.am/kompromis,"«Կոմպրոմիս» վիպակը վերաբերում է Սերգեյ Դովլաթովի (1941-1990) կյանքի տալլինյան շրջանին։ Վիպակը կազմված է առանձին դրվագներից, որոնք ամբողջանում են՝ տալով համեմատաբար լիբերալ Էստոնիայում գրողի ապրած գրեթե երեք տարիների պատկերը։",16.0,"Կենսագրություն, Պոեզիա"
571,Կայդաշի ընտանիքը,Իվան Նեչույ-Լեվիցկի,https://zangakbookstore.am/media/products/300x0/d8ec1eaac29d939cd50956cf032f75ab.jpg,https://zangakbookstore.am/kaydashi-yntaniqy,"Իվան Նեչույ-Լեվիցկին (1838-1918) ուկրաինացի մեծ գրող է, ուկրաինական գրականության ամենակարկառուն դեմքերից մեկը: «Կայդաշի ընտանիքը» վիպակը՝ գրված փայլուն տաղանդով, ուրույն գրելաոճով, մարդկային արատների հանդեպ ծակող սարկազմով և գրավիչ հումորով, գրողի ամենանշանավոր գործն է և բնականաբար մեծ ժողովրդականություն է վայելում ուկրաինացիների մեջ, չնայած որ այն գրվել է գրեթե հարյուր հիսուն տարի առաջ: Այն ընթերցվում է, հետազոտվում է գրականագետների կողմից, բեմականացվում է, նույնիսկ հեռուստատեսային բազմասերիանոց ֆիլմ է դարձել «Բռնել Կայդաշին» վերնագրով, միայն թե ժամանակակից վարկածով: Քչերին է հաջողվել ուկրաինացու հոգեբանությունն ու բնավորությունը բացահայտել այնպիսի վարպետությամբ ու ճշմարտացիորեն և այնպես գունեղ, ինչպես դա արել է Իվան Նեչույ-Լեվիցկին: Ուստի, հրատարակելով այս գործը Ռաիսա Ղարագյոզյանի թարգմանությամբ, համարում ենք, որ այն ոչ միայն հաճույք կպատճառի հայ ընթերցողին, այլև հնարավորություն կտա ավելի սերտ ընկալել ուկրաինացուն, նրա հոգին, բնավորությունը, սովորությունները և աշխարհայեցողությունը:",16.0,"Կատակերգություն, Կենսագրություն"
572,Արգելոց,Սերգեյ Դովլաթով,https://zangakbookstore.am/media/products/300x0/363c917d54e7c470d7af70521b10da21.jpg,https://zangakbookstore.am/argelots,"Արգելոցը գերում է իր հումորով ու լրջությամբ, նրանով, որ Սերգեյ Դովլաթովը (1941-1990), անսքող նկարագրելով դաժան իրականությունը, ընտանիքում խնդիրներ ունեցող, չտպագրվող գրողի հոգեկան տվայտանքներն ու չդադարող ներքին պայքարը՝ կարողանում է դա անելիս նաև ժպտալ:",16.0,"Դրամա, Կատակերգություն"
573,Մերոնք,Սերգեյ Դովլաթով,https://zangakbookstore.am/media/products/300x0/3f7871a7d2d9ffe6fba73bcd6c8bbae2.jpg,https://zangakbookstore.am/meronq,"«Մերոնք» պատմվածաշարը Սերգեյ Դովլաթովի (1941-1990) թերևս «ամենահայկական» ստեղծագործությունն է։ Ի թիվս այլ ազգականների, նա պատմում է իր հայ պապի (որին երբեք չի տեսել), հայ մոր, հայ մորաքրոջ, հայ քեռու մասին, պատմում է ժպիտով, սիրով ու... կարոտով։",16.0,"Ռոմանս, Կենսագրություն"
574,Արհեստ,Սերգեյ Դովլաթով,https://zangakbookstore.am/media/products/300x0/bac31292863da1a65b97c41fdf40de38.jpg,https://zangakbookstore.am/arhest,"Սերգեյ Դովլաթովի (1941-1990) «Արհեստ» գիրքը նրա ամենածավալուն ստեղծագործությունն է։ Նաև ամենաքիչ «գեղարվեստականը»։ Առաջին մասը վավերագիր պատկերն է այն իրականության, որում ապրում էին «անհարմար» ստեղծագործողները անցած դարի 70-ականներին Խորհրդային Միությունում։ Երկրորդը մասը վերաբերում է գրողի կյանքի ամերիկյան շրջանին, որտեղ Դովլաթովն ու իր համախոհները տպագրում էին «Նոր ամերիկացի» թերթը։",16.0,"Պոեզիա, Կենսագրություն"
575,Օտարերկրուհին,Սերգեյ Դովլաթով,https://zangakbookstore.am/media/products/300x0/8364db75d2881332a92b112017adf3fb.jpg,https://zangakbookstore.am/otarerkruhin,"«Օտարերկրուհին» Սերգեյ Դովլաթովի (1941-1990) ամերիկյան շրջանի ստեղծագործություններից է: Նյու Յորքի «ռուսական կղզյակի» պատկերի ֆոնին, գրողը պատմում է «երրորդ էմիգրացիայի» շարքային ներկայացուցչի`Մարուսյա Տատարովիչի կյանքի մասին, պատմում է առանց Խորհրդային Միությունն առանձնապես փնովելու կամ Միացյալ Նահանգներն առանձնապես գովերգելու, պատմում է`ընթերցողին ստիպելով մերթ ժպտալ (երբեմն ծիծաղել) ու մերթ տխրել:",16.0,"Կատակերգություն, Կենսագրություն"
576,Նոթատետրեր,Սերգեյ Դովլաթով,https://zangakbookstore.am/media/products/300x0/5df6c998cd7ff4d71d3b11ec75251d68.jpg,https://zangakbookstore.am/notatetrer_,"Սերգեյ Դովլաթովի (1941-1990) «Նոթատետրերը» գրվել են տասնամյակների ընթացքում՝ նախ գրամեքենայով («Ունդերվուդի» մենանվագ»), հետո արդեն համակարգչով («IBM-ի մենանվագ»)։ Արձակ մանրապատումների, գրողի տեսած կամ լսած ճշմարիտ կամ հորինովի պատմությունների ժողովածու է։ Մանրապատումներից շատերը տեղ են գտել նաև գրողի մյուս ստեղծագործություններում։",16.0,"Պոեզիա, Կենսագրություն"
577,Մասնաճյուղ,Սերգեյ Դովլաթով,https://zangakbookstore.am/media/products/300x0/fdb180f653d21fbf8c1b1c2d2efb8d0f(1).jpg,https://zangakbookstore.am/masnachyukh,"«Մասնաճյուղը» Սերգեյ Դովլաթովի (1941-1990)՝ ամուսնությամբ պսակված առաջին սիրո պատմությունն է։ Առաջին սիրո՝ իր վերելքներով ու անկումներով, երկնային երջանկության ու դժոխային տառապանքի պահերով։ Ու չնայած տարիներ առաջ տեղի ունեցած ապահարզանին՝ մարմրող, բայց երբեք չմեռնող:",16.0,"Ռոմանս, Դրամա"
578,Վերադարձ,Էրիխ Մարիա Ռեմարկ,https://zangakbookstore.am/media/products/300x0/ad336a5b81dc13981a4101050e0cb8b6.jpg,https://zangakbookstore.am/veradardz-2,"«Վերադարձը» Էրիխ Մարիա Ռեմարկի ոչ այնքան հայտնի գործերից է։ Այստեղ հեղինակը պատկերում է գերմանացի զինվորների՝ Առաջին աշխարհամարտից քաղաքացիական կյանք վերադարձը։
Ըստ որոշ աղբյուրների՝ այս վեպը «Արևմտյան ճակատում նորություն չկա» վեպի շարունակությունն է, որ նախ հատվածաբար լույս է տեսել բեռլինյան «Vossische» ամսագրում, այնուհետ՝ որպես գիրք «Propyläen» հրատարակչությունում։ Գիրքը լույս տեսնելուց հետո քննադատությունների տեղիք է տալիս, իսկ 1933թ․ նացիոնալիստները հրապարակավ հրկիզում են «Արևմտյան ճակատում նորություն չկա» վեպի հետ միասին։
Էռնսթ Բիրքհոլցն ու իր զինընկերները պատրաստվում են Արևմտյան ճակատից բռնել տունդարձի ճանապարհը։ Նրանց հոգեթրթիռ սպասումներն ու կարոտները հանդիպում են հայրենիքյան անլույս, անջերմ իրականությանը, նրանք չեն վերագտնում այն խանդավառությունը, որով տարիներ առաջ իրենց ռազմաճակատ էին ճանապարհում։ Հասարակությունը, այդ թվում՝ զինվորների ծնողները, չեն հաշտվում այն հանգամանքի հետ, որ պատերազմը լիովին փոխել ու տրավմայի է ենթարկել տղաներին։ Երբեմնի զինվորները շարունակում են հասարակությունից մեկուսացած և չկողմնորոշված զգալ իրենց։ Վեպն ավարտվում է, սակայն, լավատեսությամբ՝ վերակառուցման և բարին վերագտնելու հաստատուն կամքով։",16.0,"Կենսագրություն, Թրիլլեր"
579,Սոնետներ․ Վիլյամ Շեքսպիր,Ուիլյամ Շեքսպիր,https://zangakbookstore.am/media/products/300x0/6381e834ba4581a1f3a27af2551035e2.jpeg,https://zangakbookstore.am/sonetner-vilyam-sheqspir,,16.0,Unknown
580,Կապտահեր Կյորես․ Ո՞ւր,Առաքել Սեմիրջյան,https://zangakbookstore.am/media/products/300x0/11ca71f72316f852c24409da126125c8.jpg,https://zangakbookstore.am/kaptaher-kyores-oւr,"Այս գիրքը Հայաստանի պատմության վերջին 30 տարին է խորհրդային վերջին ու անկախության առաջին տարիների միջով։ Այդ իմաստով այն մարգարեական ցինիզմով գրված գիրք է, որի հերոսը «էպոխաների» ճամփաբաժանին արձանագրում է կործանման երկու դեմքերը։",16.0,"Պատմական գեղարվեստական գրականություն, Պոեզիա"
581,Հարյուր սոնետ,Հենրիկ Էդոյան,https://zangakbookstore.am/media/products/300x0/7adc1c82a33a9de81d4d4bcb9094e7a7.jpg,https://zangakbookstore.am/haryur-sonet,"ՆԿԱՐԱԳԻՐ
 
ԿԱՐԾԻՔՆԵՐ (0)
«Հարյուր սոնետ» ժողովածուն ի մի է բերում սոնետին Հենրիկ Էդոյանի նախորդ անդրադարձները: Սկսած իր առաջին՝ «Անդրադարձումներ» (1977) գրքից, ապա՝ «Պատկեր և կեսօր» (1980) և «Հարյուր սոնետ» (1993) ժողովածուներում բանաստեղծն անընդհատ վերադառնում է համաշխարհային և հայ պոեզիայի սիրելի այս տեսակին, հարստացնում այն բովանդակային նոր գծերով՝ ցույց տալով սոնետի հնարավորությունները, դասականի ու ժամանակակիցի ներդաշնակությունն ու բանաստեղծական հայերենի հարստությունը։",16.0,"Պոեզիա, Դրամա"
582,Հարավային փիղը,Արչիլ Քիքոձե,https://zangakbookstore.am/media/products/300x0/474000bf120d6de1694ec5a44c709251.jpeg,https://zangakbookstore.am/haravayin-pikhy,,18.0,Unknown
583,Ճանապարհորդություն Իտալիա,Յոհան Վոլֆգանգ Գյոթե,https://zangakbookstore.am/media/products/300x0/9dcd30085a16dfedafe5e40e46f2626c.jpg,https://zangakbookstore.am/chanaparhordutyun-italia,"Բոլոր ժամանակների մեծագույն գերմանացի գրող Յոհան Վոլֆգանգ Գյոթեն, որը հայտնի էր նաև որպես անվանի բնախույզ, փիլիսոփա, արվեստի տեսաբան, մեկուկես տարուց ավելի նվիրեց «արվեստների երկիր» Իտալիայով ճանապարհորդությանը, ինչի մասին միշտ երազել էր:
Այս ստեղծագործությունը՝ գրական բարձր արժեքի հետ մեկտեղ, աչքի է ընկնում ճարտարապետության, կերպարվեստի, գեղանկարչության, երաժշտական և թատերական արվեստների նուրբ և խոր վերլուծությամբ: Այն հսկայական ազդեցություն ունեցավ Գյոթեի հետագա գրական ստեղծագործության և գիտական ուսումնասիրությունների վրա: Գրականության Նոբելյան մրցանակի դափնեկիր Իոսիֆ Բրոդսկին Գյոթեի այս գործը ներառել է գրքերի այն ցուցակում, որը պետք է կարդա յուրաքանչյուրը:",16.0,"Կենսագրություն, Պոեզիա"
584,Ռոք Վագրամ,Ուիլյամ Սարոյան,https://zangakbookstore.am/media/products/300x0/963c4d50a134e0617767209d443d57e0.jpg,https://zangakbookstore.am/roq-vagram-saroyan,"«Ռոք Վագրամ» վեպը (1951), որն առաջին անգամ է հրատարակվում արևելահայերեն թարգմանությամբ, ներկայացնում է մի նոր, ծանոթ ու անծանոթ Սարոյանի: Բարմենից հոլիվուդյան աստղի մակարդակի հասած ամերիկահայ տղայի պատմության մեջ ինքնության որոնման, սփյուռքահայի երկփեղկված գիտակցության, ընտանեկան կապերի, փլուզված անձնական կյանքի սարոյանական մոտիվները համատեղվել են տրտում իմաստունի դառնագին մտորումներով, թեև հումորի աննման զգացումը, հրաշալի խենթությունն ու իսկական քրիստոնեայի մարդկայնությունը չեն լքել հեղինակին: «Ռոք Վագրամը» յուրօրինակ գործ է թե՛ բովանդակությամբ, թե՛ ձևով ու կառուցվածքով, որքան սպասելի, նույնքան էլ անսպասելի Սարոյան:",16.0,"Կենսագրություն, Դրամա"
585,Սպիներ,Էյդռ Ավա Օլաֆսդոտիռ,https://zangakbookstore.am/media/products/300x0/27727dfa1c960026c7825462a59d0d19.jpeg,https://zangakbookstore.am/spiner,,16.0,Unknown
586,Անկյալ հրեշտակը,Խավիեր Սիեռա,https://zangakbookstore.am/media/products/300x0/5f839fc26cf7b5ea62638601467d05cd.jpg,https://zangakbookstore.am/ankyal-hreshtaky,"Սանտյագո դե Կոմպոստելայի Փառքի գավթում աշխատելիս Խուլիա Ալվարեսը սարսափելի լուր է ստանում. նրա ամուսնուն առևագել են Թուրքիա- Հայաստան սահմանագծում: Խուլիան ակամա մասնակից է դառնում մի մեծ խաղի, որում առկա երկու հնագույն քարերը թույլ են տալիս կապ հաստատելու գերբնական էակների հետ, քարեր, որոնք ձեռք բերելու համար պայքարում են շատերը՝ սկսած հայկական խմբավորումից մինչև ԱՄՆ կառավարություն: Իրադարձությունների նկարագրությունը հագեցած է գաղտնի ուղերձներով, առասպելներով և հավատալիքներով, որոնք եզրափակվում են Արարատ լեռան գագաթին՝ Համաշխարհային ջրհեղեղից հետո այնտեղ հանգրվանած Նոյյան տապանի մասունքների մոտ:",16.0,"Թրիլլեր, Դրամա"
587,Քաղցր կյանք,Հովիկ Աֆյան,https://zangakbookstore.am/media/products/300x0/62ade6bc98e5f58ed1186120cb2f6108.jpg,https://zangakbookstore.am/qakhtsr-kyanq,"Պատերազմից հետո քաղցր չի լինում, իսկ դրախտո՞ւմ: Իսկ դրախտ լինո՞ւմ է: Այս պատմությունը, որ ոչ թե կույր, այլ չտեսնող մարդկանց մասին է, որոնք նույնիսկ սիրում են՝ առանց իմանալու դրա մասին, նաեւ ճանապարհորդություն է՝ կորսված քաղաքից՝ նորաստեղծ քաղաք, սիրուց՝ ատելություն, եկեղեցուց՝ շուկա, մսագործությունից՝ քաղաքականություն, ողջերի աշխարհից՝ մեռյալ աշխարհ: Եւ հակառակը: Ու այդ ճանապարհորդության նպատակը դրախտը գտնելն է, կապ չունի՝ օդում, ջրի, կրակի մեջ, թե հողի վրա: Սա աչքերը բացելու պատմությունն է եւ հերքումը այն պնդման, թե մարդիկ դրախտը տեսնում են միայն աչքերը փակելուց հետո:
Սա դառը պատմություն է՝ քաղցր կյանքի մասին:",16.0,"Ռոմանս, Ֆանտաստիկա"
588,Քամու ստվերը,Կառլոս Ռուիս Սաֆոն,https://zangakbookstore.am/media/products/300x0/fe63bea5c438a0324b72768f73315373.jpg,https://zangakbookstore.am/qamu-stvery,"1945 թվականին՝ մի առավոտ, հայրը որդուն տանում է հինավուրց քաղաքի սրտում բնավորված առեղծվածային մի վայր՝ Մոռացված գրքերի գերեզմանոցը: Այնտեղ Դանիել Սեմպերեն գտնում է մի գիրք, որը հավերժ փոխում է նրա կյանքը՝ ուղեկցելով մութ քաղաքի խորհրդավոր պատմությունների և թաղված գաղտնիքների լաբիրինթոսը:
«Քամու ստվերը» գրական առեղծված է, որը ձևավորվել, կերպավորվել է 20-րդ դարի առաջին կեսի Բարսելոնում՝ հատելով մոդեռնիզմի և հետպատերազմյան գրականության թանձր սահմանները:",16.0,"Առեղծված, Ֆանտաստիկա"
589,"Քո կյանքի ժամերը, Հե՛յ, ո՞վ կա․․․",Ուիլյամ Սարոյան,https://zangakbookstore.am/media/products/300x0/a9765fb109addd5c523960f1bbcf93a7.jpg,https://zangakbookstore.am/qo-kyanqi-zhamery-bem,"Սարոյանական դրամատուրգիայի այս ընտրանին ընդգրկում է նրա ամենահռչակավոր պիեսը՝ Փուլիցերյան մրցանակի արժանացած «Քո կյանքի ժամերը», որ ստեղծվելուն պես՝ 1939-ին, բեմադրվել է Բրոդվեյում, ինչպես նաև 1940-42 թթ. գրված երեք կարճ գործ, այդ թվում՝ «Հե՜յ, ո՞վ կա» փոքրիկ գլուխգործոցը: Սարոյան դրամատուրգի յուրօրինակ ինքնությունն ու նրա արտասովոր թատրոնն ամենաշահեկան կողմերով ներկայացնող բոլոր այս երկերը հրատարակվում են վերանայված թարգմանությամբ:",16.0,"Դրամա, Պոեզիա"
590,Վրիպումներ,Գևորգ Թումանյան,https://zangakbookstore.am/media/products/300x0/fec6af6759fb91e7ab0c2132f9cafb88.jpeg,https://zangakbookstore.am/vripumner,,16.0,Unknown
591,Վաղուց նամակ չեմ գրել,Անահիտ Հայրապետյան,https://zangakbookstore.am/media/products/300x0/e5e3060909874d00ed4e2e568992f32c.png,https://zangakbookstore.am/vakhuts-namak-chem-grel,,16.0,Unknown
592,Մինան ստվերների շրջապատում,Էդեմ Ավումե,https://zangakbookstore.am/media/products/300x0/9f7c1c53ea8b5fdbd3cd2809c8a78288.jpeg,https://zangakbookstore.am/minan-stverneri-shrjapatum,,16.0,Unknown
593,Փեթակը,Կամիլո Խոսե Սելա,https://zangakbookstore.am/media/products/300x0/d0bf678646ad7ac1303cebc0d387680d.jpg,https://zangakbookstore.am/petaky,"Նոբելյան մրցանակի դափնեկիր Կամիլո Խոսե Սելայի (1916-2002) «Փեթակը» իսպանական վեպի առանձնահատուկ տեսակ է, որտեղ աշխարհն ու իրողությունները ներկայանում են լիովին նոր հայեցակետերից: Շուրջ 300 կերպար, որոնց շարժունակությունը սահմանափակվում է կոնկրետ տարածությամբ, որտեղ խռնված հազարավոր մարդիկ, առանց գոհության և առանց ապագայի հույսի, այս ու այն կողմ են վազում. սկզբունքորեն դրանք հետպատերազմյան մարդիկ են՝ տարտամ, չկողմնորոշված հայացքով և անելիքով: «Փեթակը» վեպը հետպատերազմական և բռնապետական Իսպանիայի իրականության արտացոլանքն է՝ շարադրված առօրյա խոսակցական լեզվով՝ համեմված տիպիկ իսպանական թևավոր խոսքերով, հայհոյանքներով, անեծքներվ, մադրիդյան բարբառին հատուկ արտահայտություններով և ֆրազներով, որոնք համ ու հոտ են հաղորդում վեպին:",16.0,"Թրիլլեր, Դրամա"
594,Որբացող մարդիկ,Հրաչյա Զարդարեան,https://zangakbookstore.am/media/products/300x0/06ef120f1658f3b9a98c8c677f166e6b.jpg,https://zangakbookstore.am/orbatsokh-mardik,"«Սփյուռք» մատենաշարի սույն հատորով լույս է տեսնում Հրաչ Զարդարեանի «Որբացող մարդիկ» վեպը։ Զարդարեանի բեղուն կյանքը համընկնում է Սփյուռքի չափազանց բարդ և հակասական այն տարիներին, երբ հայությունը ինքնության փնտրտուքի մեջ էր՝ «բեռնաւորուած բացասական ու դրական» սպառնալիքներով։
«Որբացող մարդիկ» վեպը հեղինակի բնորոշմամբ «անսպասելի ծնած է»։ Այնտեղ առկա են գրողին մտահոգող՝ մարդու և ազատության խնդիրը, բայց ի՞նչ պայմաններում․ երբ օտարվածության զգացումը դարանակալել էր նրանցից յուրաքանչյուրին՝ ներխուժելով համայնքային մթնոլորտ։
«Սփյուռք» մատենաշարի յուրաքանչյուր գրքում ներկայացված են սփյուռքահայ գրողների լավագույն գործերը:",16.0,"Կենսագրություն, Դրամա"
595,Նոր ազգանվան պատմությունը,Էլենա Ֆերանտե,https://zangakbookstore.am/media/products/300x0/416e0fc6fbf56e75e7118426eb69b4e9.jpg,https://zangakbookstore.am/nor-azganvan-patmutyuny,"Էլենա Ֆերանտեի «Իմ հանճարեղ ընկերուհին» ընթերցողներին ներկայացրեց անմոռանալի Էլենային եւ Լիլային, որոնց հարատեւ ընկերությունը դառնում է հեղինակի նեապոլիտանական վեպերի առանցքը: «Նոր ազգանվան պատմությունը» այս շարքի երկրորդ գիրքն է:
«Նոր ազգանվան պատմության» մեջ Լիլան ամուսնացել է եւ ներգրավվել ընտանեկան բիզնեսում: Միաժամանակ, Էլենան շարունակում է իր ուսումը եւ ուսումնասիրում իրենց հեղձուկ թաղամասից այն կողմ եղած աշխարհը: Սեր, խանդ, ընտանիք, ազատություն, պարտավորություն եւ, առաջին հերթին, ընկերություն. ահա՛ երկու կանանց կենսական պատմությունների նոր շրջանը: Ամուսնական կյանքը, երեւում է, բանտարկել է Լիլային, իսկ Էլենային գերազանցելու ճիգերը երբեմն չափից շատ են իր համար:
Այնուամենայնիվ, այս երկու երիտասարդ կանանց միացնում է խճճված եւ զարգացող կապը, որն առանցքային դեր ունի նրանց հուզական կյանքում եւ օգնում է հաղթահարել բոլոր դժվարությունները:",16.0,"Երիտասարդական, Կենսագրություն"
596,"Ողբերգություններ: Մեդեա, Հիպպոլիտոս, Էլեկտրա,  Բաքոսուհիներ, Իփիգենիան Ավլիսում",Եվրիպիդես,https://zangakbookstore.am/media/products/300x0/e9bbb6d1563143583db340022caae16c.jpeg,https://zangakbookstore.am/okhbergutyunner-medea-hippolitos-elektra-baqosuhiner-ipigenian-avlisum,,16.0,Unknown
597,Տեսողական պոեզիա,,https://zangakbookstore.am/media/products/300x0/fdbff826ae307abd15246f313affbe41.jpg,https://zangakbookstore.am/tesokhakan-poezia,,16.0,Unknown
598,Ապոկալիպսիսի հրեշտակները,Հովհաննես Երանյան,https://zangakbookstore.am/media/products/300x0/982c020106e35f1078fdd7483c3b1be6.jpg,https://zangakbookstore.am/apokalipsisi-hreshtaknery,"«Ապոկալիպսիսի հրեշտակները» գրքում տեղ գտած պատմվածքները ժամանակագրական իմաստով ասես շարունակում են միմյանց: Այդ իմաստով, պատմվածքների ժողովածուն որոշակի վիպականություն ունի, վեպ է հուշում: Վերջին տասնամյակի ընթացքում մեր երկրում տեղի ունեցած կարևորագույն իրադարձությունները գեղարվեստական արտահայտություն ու ընդհանրացում են գտել՝ անցնելով մարդկանց ճակատագրերի ու հոգեբանության միջով: Բոլոր պատմվածքների հերոսները կամ տաքսու վարորդ են, կամ՝ ուղևոր: Սյուժեներն էլ հիմնականում ծավալվում են որևէ կետից մեկ այլ կետ մեքենայի անցնելու ընթացքում: Հենց այդ ընթացքի արագությունն էլ հաճախ պայմանավորում է ստեղծագործության ռիթմը:",16.0,"Գիտական ​​ֆանտաստիկա, Դրամա"
599,Չապաևն ու Դատարկությունը,Վիկտոր Պելևին,https://zangakbookstore.am/media/products/300x0/ed14aa372d6d028520d531da43de8bb9.jpg,https://zangakbookstore.am/chapaevn-u-datarkutyuny,"Ռուս գրող Վիկտոր Պելևինի «Չապաևն ու Դատարկությունը» վեպը, ըստ հեղինակի բնորոշման`առաջին ստեղծագործությունն է համաշխարհային գրականության մեջ, որի գործողությունները տեղի են ունենում բացարձակ դատարկության մեջ: Իրականում, դրանք տեղի են ունենում 1919 թվականին Չապաևի դիվիզիայում, որտեղ գլխավոր հերոսը`դեկադենտ բանաստեղծ Պյոտրը, ծառայում է որպես կոմիսար, ինչպես նաև տեղի են ունենում այսօր, ինչպես նաև տեղի են ունենում վիրտուալ տարածքում, որտեղ գլխավոր հերոսին հանդիպում են Կավաբատան, Շվարցենեգերը, «պարզապես Մարիան»…",16.0,"Կենսագրություն, Դրամա"
600,"Ուտել, աղոթել, սիրել",Էլիզաբեթ Գիլբերթ,https://zangakbookstore.am/media/products/300x0/57eb183680c69c235aa6a5d6f4cecd82.jpg,https://zangakbookstore.am/utel-akhotel-sirel,"Ամերիկուհի գրող Էլիզաբեթ Գիլբերթի հուշագրություններն ամփոփող «Ուտել, աղոթել, սիրել» գիրքը կանացի ուխտագնացություն է, զգայական հաճույքի, հոգևոր լուսավորման ու կենսական Ներդաշնակության փնտրտուք Իտալիայի, Հնդկաստանի ու Ինդոնեզիայի մշակութային ոլորաններում ։ Սրամտությամբ, ինքնահեգնանքով, ազատագրության մղումով լի այս երաշխարհային ճամփորդությունը կենտրոնացնում է ընթերցողի ուշադրությունը էականի վրա, շեղում անկարևորից, ձևակերպում պոստֆեմինիստական աշխարհում ապրող ու առաջին հայացքից երջանիկ կյանք վարելու բոլոր նախադրյալներն ունեցող կնոջ խնդիրը, օրակարգ բերում հարցեր, որոնց շուրջ քանիցս մտորելու անհրաժեշտություն կա, ու առաջարկում դասեր, որոնք միանգամայն փոխադրելի են ժամանակի ու տարածության մեջ։",16.0,"Դրամա, Կատակերգություն"
601,Ակադեմիա,Այզեք Ազիմով,https://zangakbookstore.am/media/products/300x0/d12f3f3b27f975b57dfbc4001239f2c2.jpg,https://zangakbookstore.am/akademia,"«Ակադեմիա» եռապատումի առաջին մասի դեպքերը ծավալվում են հեռավոր ապագայում, երբ մարդիկ արդեն բնակեցրել են Գալակտիկայի միլիոնավոր աստղային համակարգերի մոլորակները և անգամ մոռացել, որ իրենց նախնիներն ապրել են Երկրի վրա: Մաթեմատիկոս, հոգեպատմիչ Հարի Սելդոնը կանխատեսում է Գալակտիկական Կայսրության մոտալուտ վախճանն ու այդ արհավիրքի հետևանքները մեղմելու համար առաջարկում է ստեղծել Ակադեմիան, որը պիտի դառնա նոր կայսրության ձևավորման հիմքը: Կկարողանա՞ն արդյոք նրա հետևորդներն ի կատար ածել այդ հավակնոտ ծրագիրը, թե՞ մարդկությունը դատապարտված է ևս մի քանի հազարամյակ խարխափել խավարում:",16.0,"Պատմական գեղարվեստական գրականություն, Թրիլլեր"
602,Բելլա Բելլադոննա,Նարինե Կռոյան,https://zangakbookstore.am/media/products/300x0/da876668c02fbc1d5241ad01b9dbbd49.jpg,https://zangakbookstore.am/bella-belladonna,"Վանաձորում անկողնային մորն է խնամում 48-ամյա Բելլան։ Նախկին գրադարանավարն արդեն երեք տարի չի աշխատում. մոր երկարամյա հիվանդությունն ու գործազուրկ լինելու անպատվաբեր կարգավիճակն ստիպում են ապրել թոշակառուի հաշվին։ Բելլայի օրերն անգթորեն կրկնվում են. առավոտյան՝ մոր խնամք, հետո՝ խանութ, ապա՝ խոհանոց, երեկոյան՝ սերիալներ։
«... սկզբում փորձում էր կյանքից պոկել իր բաժինը, երբեմն նույնիսկ կռվում էր այդ պատառի համար։ Սակայն ամեն անգամ, կարծես, փետուր էր կորցնում իր թեւերից, որոնց գոյությանը դեռ հավատում էր։ Երբ մայրն անկողին ընկավ, կյանքն ավարտվեց, սկսվեց մահը։ Դանդաղ մահը: Այն փետուրներ չէր պոկում: Մահը խլում էր ամեն ինչ...»։
Բելլային մխիթարում էին իր «Բելլադոննա» ծաղիկները։ Դրանք գեղեցիկ էին ու թունավոր։ Նա դրանք աճեցնում էր՝ ինքն էլ չհասկանալով, թե ինչու...
Եվ ահա մի օր բազմաբնակարան շենքում է հայտնվում առույգ ու կայտառ մի աղջիկ։ Այդ երեսառած երեխան գլխիվայր է շրջում Բելլայի հաստատուն առօրյան, ստիպում ապրել, նայել շուրջբոլորը, հարցեր տալ նաեւ Գուգլին, ջազ լսել ու թեկուզ պատահաբար՝ բացահայտել անցյալի ամենացավոտ ճշմարտությունը։
Ճշմարտություն, որը տակնուվրա է անում Բելլայի հոգին։",16.0,"Դրամա, Ռոմանս"
603,"Վէրք Հայաստանի, Ողբ հայրենասիրի",Խաչատուր Աբովյան,https://zangakbookstore.am/media/products/300x0/04aa62accd2581c6441e744b239f4382.jpg,https://zangakbookstore.am/verq-hayastani-okhb-hayrenasiri,"Ժողովածուն ընդգրկում է հայ նոր գրականութեան հիմնադիր Խաչատուր Աբովեանի «Վէրք Հայաստանի, Ողբ հայրենասիրի» պատմական վէպը: Վէպի բնագիրը լոյս է տեսնում հեղինակային ուղղագրութեամբ: Հրատարակութիւնն ունի առաջաբաններ, ծանօթագրութիւններ, բառարան, մատենագիտական տեղեկանքներ:",12.0,"Պատմական գեղարվեստական գրականություն, Կենսագրություն"
604,Մանգրովյան անտառներն անցնելով,Մանրիզ Կոնդե,https://zangakbookstore.am/media/products/300x0/c7aab4c6cfcbeea30e5e932255fc6430.jpg,https://zangakbookstore.am/mangrovyan-antarnern-antsnelov,"Ռիվիերա օ Սելում՝ անտառների խորքում, գիշերը մեռյալի են հսկում՝ մի մարդու, որը մի քանի տարի առաջ է հայտնվել, և որի մասին շատ բան չգիտեն: Կուբացի՞ է: Կոլումբիացի՞: Դասալի՞ք է եղել: Ինչու՞ է Գվադելուպա եկել: Պատասխանները պարզ չեն:
Ինչևէ, այդ մարդու ինքնությունը կարևոր չէ: Կարևորը այն հուշն է, որը մնացել է նրանից ռիվիերաօսելցիներից յուրաքանչյուրի մեջ, և այն կարևոր փոփոխությունները, որ նա է յուրաքանչյուրի կյանք բերել:
Այդ միակ գիշերվա ընթացքում ներկա Գվադելուպայի ամբողջ հասարակությունն է պատկերվում իր ուրույն խնդիրներով:",16.0,"Դրամա, Գիտական ​​ֆանտաստիկա"
605,"Ախ, Ստամբուլ, Ստամբուլ",Բուրհան Սյոնմեզ,https://zangakbookstore.am/media/products/300x0/2f048f3143f48bd0b5a2894c8b68fb08(2).jpg,https://zangakbookstore.am/akh-stambul-stambul,"Վեպը 1980 թվականի ռազմական հեղաշրջումից հետո Ստամբուլում մի բանտախցում բանտարկվածների ու նրանց պատմությունների մասին է: Ժամանակը անցկացնելու համար նրանք միմյանց պատմություններ են պատմում՝ իրական և երևակայական:
Տասը գլխից բաղկացած վեպը Դեկամերոնի սկզբունքով է կազմված, որտեղ տասը պատմությունից յուրաքանչյուրը պատմում է բանտարկյալներից մեկը: Պատմություններ հորինելն ու պատմելը դառնում է վրա հասած դժվարությունները հաղթահարելու միակ ճանապարհը:
Վեպի հիմքում ընկած է երկու քաղաքների՝ երկու Ստամբուլների, երկու իրականությունների հակադրությունը գետնի երեսին և գետնի տակ՝ բանտում, ընդ որում վերջինս բանտարկյալների պատմությունների միջոցով ժամանակավորապես ավելի ապահով վայր է դառնում: Վերնագիրը ինքնին ցույց է տալիս այդ երկու քաղաքների հայելային տարբերությունը, որոնք չնայած որքան էլ հակադիր են միմյանց, պատմության մի կետում հավասարվում են:",16.0,"Դրամա, Թրիլլեր"
606,Վարդանանք,Եղիշե,https://zangakbookstore.am/media/products/300x0/93e3c11f3ce3a69b0622f1109476b0c4.jpg,https://zangakbookstore.am/inqnutyun-vardananq,"«Ինքնություն» մատենաշարի սույն հատորով լույս է տեսնում «Վարդանանք․ Վարդանի և հայոց պատերազմի մասին» աշխատությունը։ Ոսկեդարի հայ պատմիչ Եղիշե վարդապետի հռչակավոր այս երկը բովանդակում է Ավարայրի պատմությունը՝ պատճառները, ընթացքը և հետևանքը։ Գիրքը ցույց է տալիս ժամանակի հայոց իշխանական ու եկեղեցական դասի և պարզ ժողովրդի անձնուրաց նվիրումն իրենց հավատքին ու հայրենիքին, հանուն հոգևոր փրկության՝ նրանց արհամարհանքը ֆիզիկական մահվան և անթիվ չարչարանքների նկատմամբ։",12.0,"Պատմական գեղարվեստական գրականություն, Կենսագրություն"
607,Մրջյունները,Բեռնար Վերբեր,https://zangakbookstore.am/media/products/300x0/70fac554b74f28e0edd7cf9eac6af415.jpg,https://zangakbookstore.am/mrjyunnery,,16.0,Unknown
608,Գնում եմ կորեմ,Անատոլի Հովհաննիսյան,https://zangakbookstore.am/media/products/300x0/0847c720261729402feddb6fb386d598.jpg,https://zangakbookstore.am/gnum-em-korem,,16.0,Unknown
609,Խեղված ողնաշարը երկրի,Հրաչ Բեգլարյան,https://zangakbookstore.am/media/products/300x0/c98d40bcb5922fa2874dbf65d050bb80.jpg,https://zangakbookstore.am/khekhvats-okhnashary-erkri,"«Խեղված ողնաշարը երկրի» վեպը 44-օրյա պատերազմի գեղարվեստական ընդհանրացումն է՝ ներառելով նաև այն բոլոր իրադարձությունները, որոնք տեղի ունեցան մեր կայքում վերջին մեկ- երկու տարիներին: Մեկ հերոսի կենսագրությունը, ըստ էության, դառնում է ընդհանրական կենսագրություն՝ բացապարզելով այն բոլոր հոգեկան տվայտանքները և հոգեբանական ապրումները, որ վիճակվեց գրեթե բոլորիս:",16.0,"Կենսագրություն, Թրիլլեր"
610,Երկատված վիկոնտը,Իտալո Կալվինո,https://zangakbookstore.am/media/products/300x0/ab5545d065e942c6bbc3f94ad97bf936.jpg,https://zangakbookstore.am/erkatvats-vikonty,"1952-ին լույս տեսած «Երկատված վիկոնտը» վեպը սկիզբ է դրել Իտալո Կալվինոյի «Մեր նախնիները» նշանավոր եռագրությանը, որի երկրորդ գիրքը՝ «Ծառաբնակ բարոնը», արդեն թարգմանված է հայերեն: XVII դարում թուրքերի հետ կռվելիս թնդանոթի արկից բառացիորեն կիսված, բայց ողջ մնացած վիկոնտի զարմանահրաշ պատմությունը, որտեղ գրողը վարպետորեն միահյուսել է առակաբանությունն ու ֆանտաստիկ սյուժեն, մարդու նկարագիրը և մասնավորապես անձի երկակիության թեման ներկայացնում է սիմվոլիկ- այլաբանական պատկերմամբ, փիլիսոփայական խորքով ու հումորով:",16.0,"Պոեզիա, Կենսագրություն"
611,Ոչ մի շաբաթ առանց Հրանտ Մաթևոսյանի,Հրանտ Մաթևոսյան,https://zangakbookstore.am/media/products/300x0/153b54c81970ea82f60f57a99af7b948.jpeg,https://zangakbookstore.am/och-mi-shabat-arants-hrant-matevosyani-1,"«Զանգակ» հրատարակչության՝ 2017 թվականին սկզբնավորված «Ոչ մի շաբաթ առանց բանաստեղծության. ընտրանի– օրագիր» նախագիծը, անցնելով անկախության պոեզիայի (2017), հայ դասական բանաստեղծության (2018) և Հովհաննես Թումանյանին նվիրված հոբելյանական (2019) հրատարակությունների հանգրվաններով, այս անգամ ընթերցողին է ներկայանում «Ոչ մի շաբաթ առանց Հրանտ Մաթևոսյանի» գրքով։ Հայ մեծ արձակագրի ծննդյան 85– ամյակին նվիրված այս ընտրանին պահպանել է արդեն հրատարակված ժողովածուների ձևաչափը, այն է` շաբաթվա օրերն ընդգրկող, նշումների համար նախատեսված հատված և գրական մաս։ Գրքում ներառված են հատվածներ Հրանտ Մաթևոսյանի գրեթե բոլոր երկերից, պատառիկներ նրա ստեղծագործական ժառանգության կարևոր մասը կազմող հարցազրույցներից, հատվածներ էսսեներից, տարբեր հրատարակությունների առաջաբաններից ու հոդվածներից:",16.0,"Պոեզիա, Դրամա"
612,Բարի հսկան,Վահագն Դավթյան,https://zangakbookstore.am/media/products/300x0/aaab60b837b646f57ff057cd7537de2f.jpg,https://zangakbookstore.am/bari-hskan,"Գիրքը Վիլյամ Սարոյանի մասին Վահագն Դավթյանի հուշագրու թյունն է։
Այն ծնվել է «բարի հսկա»ի հետ Երեւանում, Փարիզում, Ֆրեզնոյում հանդիպումներից եւ ուղեւորություններից։
Հետաքրքիր մանրամասներ են ներկայացված Սարոյանի գրակա նության, շրջապատի, կյանքի, ընտանիքի, ինչպես նաեւ որդու հետ բարդ հարաբերությունների մասին։
Դավթյանն անդրադառնում է նաեւ Արամ Սարոյանի եւ Գեյլ Սար գիսյանի կենսագրականներին՝ համադրելով եւ քննելով գրողի բնա վորության որոշ գծեր։
Վահագն Դավթյանը հուշագրությունն առաջին հրատարակու թյունից հետո ընդլայնել է՝ ավելացնելով անտիպ էջեր։
Վերանայված տարբերակը լույս է տեսնում առաջին անգամ։",13.0,"Կենսագրություն, Դրամա"
613,Տարաս Բուլբա,Նիկոլայ Գոգոլ,https://zangakbookstore.am/media/products/300x0/fb3d814f86378622d0bdbd9f45d794ad.jpg,https://zangakbookstore.am/taras-bulba-6,Իրադարձությունները տեղի են ունենում զապորոժյան կազակների միջավայրում XVII դարի առաջին կեսին։ Կազակների 1637-1638 թվականների ապստամբության պատմությունը Նիկոլայ Գոգոլի Տարաս Բուլբա վիպակի հիմքը դարձավ և ներկայացրեց  հերոսների ողբերգական ճակատագրերի կոնկրետ օրինակներ։,12.0,"Պատմական գեղարվեստական գրականություն, Արկածային"
614,Միայնակ ճամփորդը,Ներսեհ,https://zangakbookstore.am/media/products/300x0/564f207dccd696491b9273a15d3630b5.jpg,https://zangakbookstore.am/miaynak-champordy,"Գիրքը ճամփորդության և վեպի ժանրային համաձուլվածքով ամբողջական ստեղծագործություն է։ Հեղինակը իր տեսածն ու զգացածը՝ համեմած խոհագրությամբ, երբեմն հումորային շերտերով ներկայացնում է ընթերցողին, նրան դարձնելով իր ճամփորդությունների ուղեկիցը։",16.0,"Կատակերգություն, Պոեզիա"
615,Սերոտոնին,Միշել Ուելբեք,https://zangakbookstore.am/media/products/300x0/5d345baf8e66cdeb9d75b65b96a5492c.jpg,https://zangakbookstore.am/serotonin-1,"Հռչակավոր Միշել Ուելբեքը՝ բազմաթիվ մրցանակների, այդ թվում՝ Գոնկուրի դափնեկիրը, «Տարրական մասնիկներ», «Հնազանդություն» համաշխարհային բեսթսելերների հեղինակը, զարմացրեց բոլորին՝ գրելով կամերային վեպ ապաշխարհության, ափսոսանքի և կորած սիրո մասին: Գլխավոր հերոսը, լիովին հիասթափված կյանքից, թողնում է աշխատանքը և հեռանում տնից. նրա միակ ուղեկիցը դեղահաբերն են, որոնք մարմնին մատակարարում են սերոտոնին և լիովին սպանում շրջապատի հանդեպ ամեն մի հետաքրքրություն: 
Միշել Ուելբեքի «Սերոտոնինը» համարվում է հեղինակի վերջին 20 տարվա լավագույն վեպը, վեպ ավանդական արժեքների քայքայման և անձնական ծանր ճգնաժամի մասին:
Ընդհանուր առմամբ՝ գիրքն այն մասին է, թե ինչպես է ստացվում, որ հրացանից նշան բռնելով՝ թիրախում ինքդ քեզ ես տեսնում: 
2019 թվականի ապրիլի 19-ին Ֆրանսիայի նախագահ Էմանուել Մակրոնը Միշել Ուելբեքին հանձնեց երկրի բարձրագույն պարգևը՝ Պատվո լեգեոնի շքանշանը: Նախագահը գրողին բնութագրեց որպես խիստ նյութապաշտ աշխարհում վերջին ռոմանտիկը:",16.0,"Կենսագրություն, Դրամա"
616,Ռոստամ Զալ․ Հայ-իրանական դյուցազնավեպ,,https://zangakbookstore.am/media/products/300x0/9573c7bc234a1091b6772c9e575412cc.jpg,https://zangakbookstore.am/rustam-zal-hay-iranakan-dyutsaznavep,"Գրքում ընդգրկված են հայ-իրանական  «Ռոստամ Զալ» դյուցազնավեպի՝ նախկինում մամուլում հրատարակված և անտիպ պատումներ։  «Ռոստամ Զալի» տարբերակները գրառվել են 1880-1974թթ․ պատմական Հայաստանի տարբեր վայրերում։ Տարածման ու տեղայնացման առանձնահատկությունները, ընդհանուր մոտիվները, գեղարվեստական արտահայտչամիջոցները մատնանշում են  «Ռոստամ Զալի» հարազատությունը մեր վիպական ավանդությանը, հատկապես  «Սասնա ծռեր» էպոսին ու ժողովրդական հեքիաթներին։ Դրսևորվում են նաև բազմաթիվ զուգահեռներ իրանական  «Շահնամեի» հետ, որի ենթադրյալ սկզբնաղբյուրները ծագում են նույն բանավոր ավանդությունից, որից սերում է  «Ռոստամ Զալը»։",16.0,"Պատմական գեղարվեստական գրականություն, Պոեզիա"
617,Արքայի ամբողջ թիկնազորը,Ռոբերտ Փեն Ուորեն,https://zangakbookstore.am/media/products/300x0/bc22acd806f546b0235c4d88b5268b10.jpg,https://zangakbookstore.am/arqayi-ambokhj-tiknazory,"Հեղինակը վերնագիրը վերցրել է «Գնդլիկ Բլբլիկը» (Humpty Dumpty) մանկական շուտասելուկից: Վեպը խարիզմատիկ, պոպուլիստ գործիչ Վիլլի Ստարկի մասին է։ Հարավային մի նահանգում նա քաղաքական կոշտ գիծ է առաջ մղում Մեծ ճգնաժամի տարիներին: Ընդունված է համարել, որ կերպարի նախատիպն ԱՄՆ սենատոր Հյու Լոնգն է, որը սպանվեց 1935-ին:
Վեպը գրված է առաջին դեմքով։ Ջեկ Բարդենը նահանգապետի աջ ձեռքն է, նախկին լրագրող, որը ներկայացնում է իր շեֆի՝ Վիլլի Ստարկի քաղաքական վերելքի եւ կառավարման դրամատիկ դրվագները: Ստարկի կարիերան ներհյուսված է Ջեկ Բարդենի կյանքի պատմությանն ու փիլիսոփայական մտորումներին: «Վիլլի Ստարկի պատմությունն ու Ջեկ Բարդենի պատումը որոշ իմաստով միեւնույն պատմությունն են»,– նկատել է գրողը:",16.0,"Կենսագրություն, Դրամա"
618,Տեղատվություն,Վահագն Գրիգորյան,https://zangakbookstore.am/media/products/300x0/a80bf7ba489e202b12dded28d75048ae.jpg,https://zangakbookstore.am/tekhatvutyun,"«Տեղատվություն» վեպը շոշափում է մարդու բարոյական նկարագրի և անհատի ու հասարակության փոխհարաբերության պրոբլեմները: Վեպը հումորի ու սատիրայի լեզվով, այլաբանական ու իրապատում տարրերի միահյուսումով պատմում է, թե ինչ կարող է պատահել մարդուն, որը ներքին տեղատվություն է ապրում, մոռանում է հասարակության հանդեպ ունեցած իր պարտականությունները:
«Տեղատվություն» վեպն առաջին անգամ լույս է տեսել 1976 թվականին: Ներկա հրատարակությունը պատրաստելիս՝ հեղինակը կատարել է բազմաթիվ խմբագրական աշխատանքներ ու վերամշակումներ:",16.0,"Կենսագրություն, Կատակերգություն"
619,Հոգեգրություն,,https://zangakbookstore.am/media/products/300x0/493484699b352ec344bf74f2bfcd02fd.jpg,https://zangakbookstore.am/hogegrutyun,"Գրքում տեղ են գտել XX դարի առաջին կեսի եվրոպական 22 երկրներից սերող 40 բանաստեղծների ստեղծագործությունները՝ թարգմանված 20 լեզուներից:
Առաջնորդվելով Գոթֆրիդ Բենի «Քնարերգության հիմնախնդիրներ» զեկույցում (1951) մատնանշված այն հիմնավոր կասկածով, ըստ որի`«մեր ժամանակի ո՛չ մի, անգամ մեծագույն բանաստեղծ, իրենից հետո վեցից ութ կատարելապես ավարտուն բանաստեղծությունից ավելին չի թողել», փորձ է արված յուրաքանչյուր հեղինակի դեպքում պեղել, հայտնաբերել հենց այդ նշանակալից «վեցից ութ»-ը, քանի որ, ինչպես ասված է շարունակության մեջ`«մնացյալը կարող են հետաքրքրություն ներկայացնել զուտ հեղինակի կենսագրության կամ նրա ներքին զարգացման տեսանկյունից»:",16.0,"Դրամա, Ժամանակակից"
620,Մայրաքաղաք,Ռոբերտ Մենասե,https://zangakbookstore.am/media/products/300x0/9c523e0eec87a603e91285d680a248d9.jpg,https://zangakbookstore.am/mayraqakhaq,"Ավստրիացի գրող Ռոբերտ Մենասեի «Մայրաքաղաք» վեպում ծավալվող իրադաձությունների կենտրոնում Եվրամիության վեց պաշտոնատար անձինքն են, որոնք պատասխանատու են Եվրամիության տարեդարձը նշելու նախապատրաստական աշխատանքների համար: Տոնակատարությունները նախատեսված են Օսվենցիմում, որտեղ շատերն առաջարկում են տեղափոխել Եվրոպայի քաղաքական մայրաքաղաքը: Բացի բարձր հասարակության ներկայացուցիչներից՝ վեպում կա նաև մարդասպան, որը սպանել է ինչ-որ կարևոր մեկին…",16.0,"Կենսագրություն, Դետեկտիվ"
621,Որոգայթ,Ալեքսանդր Թոփչյան,https://zangakbookstore.am/media/products/300x0/8becda409cab103af85f98796868e015.jpg,https://zangakbookstore.am/orogayt,"Նախկին խորհրդային հանրապետության նախագահը բուժվելու պատրվակով խուճապահար փախչում է Եվրոպա։ Իր ապիկար և հանցագործ կառավարման հետևանքով երկրում ստեղծվել է պայթյունավտանգ իրավիճակ։ Նա այլևս չի կարող վերադառնալ և պատասխանատվությունից խուսափելու միակ հնարավորությունը դեմքի պլաստիկ գործողությունն է, օտար անունի տակ թաքնվելը և ուրիշ երկրի անձնագիր ձեռք բերելը։ Այսպիսով, նա փրկում է իր մարմինը անխուսափելի երկրային դատաստանից։ Սակայն ոչ հոգին։ Ուրի՛ի անվան տակ պատսպարված նա կարծես հնարավորություն է ստանում անկողմնակալ հայացքով գնահատելու իր ոչ հեռավոր անցյալըև իր ոճիրները՝ գործված սեփական երկրի և ժողովրդի հանդեպ։ Եվ փաստորեն իր ողջության օրոք կանգնում է Աստծո ատյանի առջև։ Արթնացող խիղճը նրան զրկում է քնից ու հանգստից։ Փոխված դեմքով և օտար անունով նա վերադառնում է հայրենիք, որպեսզի այնտե ղբարի գործեր անելով քավի իր անհամար մեղքերը։ Սակայն պարզվում է, որ դա ոչ միայն դյուրին չէ, այլև ծայր աստիճան վտանգավոր։",16.0,"Թրիլլեր, Դրամա"
622,Թեհրանի տանիքներ,Մահբոդ Սերաջի,https://zangakbookstore.am/media/products/300x0/a11848fab4fec00ebbc71ad40f5f5226.jpg,https://zangakbookstore.am/tehrani-taniqner,"Թեհրանի տանիքներ գիրքը պատմում է շահական վերջին տարիներին իրենց կյանքը գտնել փորձող չորս ընկերների մասին, որոնք անցնում են անասելի փորձությունների միջով, սիրում, հուսալքվում, բայց երբեք չեն կորցնում հավատն իրենց ընկերության նկատմամբ։ Քաղաքական թեթև նրբերանգով, յուրօրինակ երգիծանքով համեմված այս վեպը շատ տարիներ եղել է բեսթսելլեր արտասահմանյան մի շարք երկրներում։",16.0,"Կատակերգություն, Դրամա"
623,Վիկինգների արշավանքը,Ժան Օլիվյե,https://zangakbookstore.am/media/products/300x0/8fb8b71061826e3214483ff60bf1c9cf.jpg,https://zangakbookstore.am/vikingneri-arshavanqy,,16.0,Unknown
624,Մշո աղջիկ․ հայ դարավոր հիշողությունը,ժաննա Դավթյան,https://zangakbookstore.am/media/products/300x0/a06c6b7702af5b0b7603a36badad5dfd.jpg,https://zangakbookstore.am/msho-akhjik-hay-daravor-hishokhutyuny,,16.0,Unknown
625,Սեր լուսնեզրին,Մարգարիտ Դերանց,https://zangakbookstore.am/media/products/300x0/f38ff577b856ede0e288b1ccd31d5639.jpg,https://zangakbookstore.am/ser-lusnezrin,"Մարգարիտ Դերանցի «Սեր լուսնեզրին» վեպը քառասնամյա գրող կնոջ կյանքն է՝ Խորհրդային Միության քայքայման և դրա հետևանքով աշխարհում տեղի ունեցած շրջադարձային կտրուկ փոփոխությունների համապատկերում։ Այն բազմաշերտ հոգեբանական վեպ է՝ կնոջ և տղամարդու սիրային հարաբերությունների,
գրականության, լքվածության, ժամանակակից մարդու անհուսության, օտարացման մասին։",16.0,"Ռոմանս, Դրամա"
626,Պարոն Նախագահ,Միգել Անխել Աստուրիաս,https://zangakbookstore.am/media/products/300x0/09287ae2efe6df289031361766fe31ad.jpg,https://zangakbookstore.am/paron-nakhagah,"Գվատեմալացի հռչակավոր գրող Նոբելյան մրցանակի դափնեկիր, «մոգական ռեալիզմի» ռահվիրա Միգել Անխել Աստուրիասի (1899-1974) այս գլուխգործոցը, որ լույս է տեսել 1946-ին, ոչ միայն բռնապետների թեմայով գրված լատինամերիկյան կարևորագույն վեպերից է, այլև ամբողջ համաշխարհային գրականության ամենաառանցքային գործերից մեկը:
Հեղինակը պատկերում է անհայտ երկրի անանուն, սակայն իրական նախատիպ ունեցող մի բռնապետի և իր պատմությունը հյուսում՝ ներկայացնելով նրա տմարդի ու դաժան գործողություններից մի քանիսը միայն և ցույց տալով, թե ինչպես կարող են դրանք կործանել անհատների կյանքն ու ազդել ամբողջ հասարակության վրա: Վեպն իրական հիմքեր ունի. հեղինակը վկա է եղել, թե ինչպես է տանջամահ արվել իր երկրի բռնապետ նախագահի քաղաքական հակառակորդներից մեկը՝ վստահ, թե կինն անհավատարիմ է եղել իրեն:",16.0,"Կենսագրություն, Դրամա"
627,Դաշնամուր,Աղավնի Գրիգորյան,https://zangakbookstore.am/media/products/300x0/8eadcd278e85e7329e2b8db3acee513b.jpg,https://zangakbookstore.am/dashnamur,"Աղավնի Գրիգորյանի «Դաշնամուր» պատմվածքների ժողովածուի մեղեդին սահում է կյանքի տարբեր՝ շոշափելի կամ երևակայական ստեղների վրայով, ընթերցողին լսելի է դարձնում մանկության քաղցրությամբ և արտագաղթի ցավով, երբեմն էլ՝ զուգահեռ աշխարհների հմայանքով թրթռացող ելևէջները:",16.0,"Պոեզիա, Կատակերգություն"
628,Պատվի համար,Ալեքսանդր Շիրվանզադե,https://zangakbookstore.am/media/products/300x0/c18ce7553b55497f92403a9118ae3cfd.jpg,https://zangakbookstore.am/patvi-hamar,"Շիրվանզադեի «Պատվի համար» դրաման հայ գրականության անմահ արժեքներից է։ Գրված լինելով 1905 թվականին՝ այն առ այսօր շարունակում է բեմադրվել ու ընթերցվել, որովհետև դրամայում բարձրացված խնդիրները, պատկերված հարաբերություններն ու կերպարը, որոշակի փոփոխությունների ենթարկվելով, այնուամենայնիվ, դեռևս իշխող են ժամանակակից հասարակությունների մեջ։",12.0,"Դրամա, Ռոմանս"
629,Հոգատարության կապանքներում,Հայնրիխ Բյոլ,https://zangakbookstore.am/media/products/300x0/f2b7a1801ce38809f27cf2e4a8c29b0c.jpg,https://zangakbookstore.am/hogatarutyan-kapanqnerum,"Գերմանացի գրող, Նոբելյան մրցանակի դափնեկիր Հայնրիխ Բյոլի (1917-1985) «Հոգատարության կապանքներում» վեպը առանձին,
բայց փոխկապակցված դրվագներով պատմություն է: Վեպի յուրաքանչյուր հերոս իր տեսանկյունից է նայում իրադարձություններին, բայց այդ բոլոր տեսանկյունների համախումբը վերհանում է հուզիչ ու
ինչ֊որ տեղ նաև ողբերգական մի պատմություն, որտեղ երևակվում է քաղաքական, հասարակական, սոցիալական հարցադրումների մի մեծ համապատկեր:",16.0,"Դրամա, Կատակերգություն"
630,locus morbi,Լիլիթ Բաղդասարյան,https://zangakbookstore.am/media/products/300x0/1a6b7cccc427e97c0d79314e3dbd5e10.png,https://zangakbookstore.am/locus-morbi,"Սա գիրք է, որտեղ խոսվում է գրականության և սիրո մասին, կամ Սիրո` որտեղից սկսվում է գրականությունը: locus morbi թարգմանաբար նշանակում է ախտահարման օջախ, որը հեղինակի կյանքի ճեղքն է՝ խոռոչը, որտեղից զգացողություններն ու գիտակցումը, ճանաչողությունն ու վերլուծությունները և այն ամենն, ինչ ստեղծում է մարդուն, շարունակաբար լցվում է իր մեջ: Գիրքը հեղինակի ապրելու և ավելին զգալու միջտարածությունն է, միակ փաստը և իրեղեն ապացույցը։",16.0,"Դրամա, Առեղծված"
631,Զարեհ՝ թագաժառանգ հայոց,Արմեն Մալխասյան,https://zangakbookstore.am/media/products/300x0/826a9ecb0f1c0c44ea2e4b4587b53afd.jpg,https://zangakbookstore.am/zareh-tagazharang-hayots,"Վեպում նկարագրված իրադարձությունները տեղի են ունենում մ․թ․ա․ 72-69 թթ․ Ասորիքի թագավորությունում, որն այդ ժամանակ մտնում էր արքայից արքա Տիգրան Մեծի կայսրության կազմի մեջ։",16.0,"Պատմական գեղարվեստական գրականություն, Թրիլլեր"
632,Շուշաններ,Արմինե Գաբրիելյան,https://zangakbookstore.am/media/products/300x0/817b3c00a413e9aec611ef94450cfc70.jpg,https://zangakbookstore.am/shushanner,"«Արդի» մատենաշարի սույն հատորով լույս է տեսնում Արմինե Գաբրիելյանի «Շուշաններ» ժողովածուն։ Այն հեղինակի անդրանիկ գիրքն է։ Ժողովածուն ընդգրկում է մի շարք պատմվածքներ, որոնցից որոշները հրապարակվել են գրական մամուլում։
Արմինե Գաբրիելյանի գրական կենսատարածքը Արարատյան դաշտն է, հերոսները՝ այնտեղ ապրող պարզ ու հասարակ մարդիկ, առավելաբար կանայք՝ իրենց առօրյա հոգսերով, մաքառումներով ու սիրով։
«Բնաշխարհը, ուր ապրում, մեռնում կամ շարունակում են ապրել, թախծել, երազել, երբեմն ակամա փիլիսոփայել Արմինե Գաբրիելյանի անդրանիկ այս ժողովածուի հերոսները, հարազատ է։ Այն ո՛չ Մթնաձորն է, ո՛չ Ծմակուտը, ո՛չ էլ առավել ևս Յոքնափաթոֆան։ Բայց առանձնացած է, փակ, թեև Չարենցի բնորոշմամբ «անդուռ ու խորշակյալ» Արարատյան դաշտն է։ Գրքի ընդհանրական կերպարն էլ Կոստան Զարյանի «Արարատյան գերմարդը» չէ։ Նա ամենասովորական մարդն է՝ Երկիր մոլորակի վրա ինչ-որ տեղում իրեն տրված ժամանակում երջանիկ լինելու հասարակ ձգտումով, որին հասնելը, սակայն, դժվար կամ անհնար է թվում»։",16.0,"Կենսագրություն, Դրամա"
633,Վազող ամպերի հետքերով,Մանե Մարտիրոսյան,https://zangakbookstore.am/media/products/300x0/62ea77be4b25a9ed948c6a390b867145.jpg,https://zangakbookstore.am/vazokh-amperi-hetqerov,"Պատմությունը պուտավոր զգեստով աղջկա կյանքի մի նոր փուլի, վազող ամպերի հետքերով դեռ չիրականացված և նոր երազանքների ետևից սլանալու մասին է։
Հերոսուհին ներկայացնում է ֆրանսիական և հայկական միջավայրերի տարբերությունները, կիսվում է ավանդապաշտ ծնողներին հաղթելու, կին և տղամարդ առողջ փոխհարաբերությունների իր գաղտնիքներով, անձնական դժվարություններով, ձեռքբերումներով, հույզերով ու ապրումներով։
Պատմությունը մեկ անգամ ևս ստիպում է հասկանալ, որ հոգեկան հանգստությունը, ներդաշնակությունն ու սերը վեր են բոլոր հրաշքներից։",16.0,"Ռոմանս, Դրամա"
634,Նանա իշխանուհու կամուրջը,Հրանտ Մաթևոսյան,https://zangakbookstore.am/media/products/300x0/6408ba6c59e5f72610cbbbf40958223f.jpg,https://zangakbookstore.am/nana-ishkhanuhu-kamurjy,"<<Նանա իշխանուհու կամուրջը>> ժողովածուն ընդգրկում է երեք պատմված և համանուն վիպակը, որ տարբեր պատճառներով դուրս են մնացել հեղինակի կենդանության օրոք հրատարակված գրքերից և գեղարվեստական ինքնին արժեք ներկայացնելուց բացի, ամբողջացնում են մեծ գրողի ստեղծագործական մեկնարկի վերաբերյալ ընթերցողի պատկերացումը։",16.0,"Պոեզիա, Կենսագրություն"
635,Մեն ու միակ մոլորակ,Մհեր Իսրայելյան,https://zangakbookstore.am/media/products/300x0/05fa1b864abfb0d2f6ee171e80b1a4e1.jpg,https://zangakbookstore.am/men-u-miak-molorak,"Մհեր Իսրայելյանի <<Մեն ու միակ մոլորակ>> ժողովածուի պատմվածքները մարդու մասին են։ Պարզապե սմարդու, որ ծնվում է ու մեռնում, որ ծիծաղում է և լաց լինում, որ ճաշակում է պատերազմի դառնահամն ու ըմբոշխնում խաղաղության բերկրանքը։ Հայաստանը սիրո կարոտ մեր փոքր հայրենիքն է, Երկիր մոլորակը՝ մեծ հայրենիքը։ Մարդկությանը միավորում է խաղաղ ու իմաստալից ապրելու երազանքը՝ այ մեն ու միակի վրա, որ պտտվում և դեռ երկար շարունակելու է պտտվել։",16.0,"Ռոմանս, Կենսագրություն"
636,Ճակատագրական դժբախտություն,Պետեր Հանդքե,https://zangakbookstore.am/media/products/300x0/7dba738335641603e38b4fa264a6aaed.jpg,https://zangakbookstore.am/chakatagrakan-dzhbakhtutyun,Նոբելյան մրցանակի դափնեկիր Պետեր Հանդքեի «Ճակատագրական դժբախտություն» վիպակը նրա լավագույն ստեղծագործությունն է: Մոր ինքնասպանությունը գրողին մղում է փաստագրելու նրա կյանքը՝ երբեմն գրելով նույնիսկ անգրելին:,16.0,"Կենսագրություն, Պոեզիա"
637,Քրիստոսը կրկին է խաչվում,Նիկոս Կազանձակիս,https://zangakbookstore.am/media/products/300x0/89c51f17443e54365c6694ee78f6fd55.jpg,https://zangakbookstore.am/qristosy-khachvum-e-krkin,"«Քրիստոսը կրկին է խաչվում» վեպը հիմնված է սոցիալական սուր բախումների վրա, որը հանգեցնում է Կազանձակիսի հերոսների կողմից Քրիստոսի անհատականության տարբեր մեկնաբանությունների: Իրադարձությունների առեղծվածային ճակատագրականությունը վեպին հաղորդում է խորհրդավոր երանգներ:",16.0,"Առեղծված, Դրամա"
638,Անանկենդան,Ջեսահ,https://zangakbookstore.am/media/products/300x0/cfabd36543efaf094540c0fad8160bb6.jpg,https://zangakbookstore.am/anankendan,"Մեծ քաղաք, նոր բարքեր, նոր ու այդպես էլ չհարազատացող մարդիկ: Մեծ քաղաքն ուրիշ ռիթմ ունի, մեծ քաղաքն իր տեմպն է թելադրում, և ինչքան դժվար է փոքր քաղաքում աննկատ մնալ, նույնքան դժվար է մեծ քաղաքում հայտնի լինել: Գլխավոր կերպարը անցնում է օտար քաղաքի պատրաստած փորձության միջով. մի վայրկյանում արձակած դատավճիռը խաչ է քաշում բոլոր երազանքների վրա: Պայքար, որ դառնում է գերագույն նպատակ, պայքար, որ փոխում է կերպարի էությունը, և պայքար, որ բացահայտված ստի արդյունքում վերածվում է դեպրեսիայի, ապագան դիմավորելու արդարացման փնտրտուքի: Կերպարն անցնում է այս ամենի միջով ու դառնում, ըստ էության, նոր մարդ`անանկենդան:",16.0,"Դրամա, Դետեկտիվ"
639,Քամին,Լիգիա Ղազարյան,https://zangakbookstore.am/media/products/300x0/de787f0ea69338624ce6cb7cd624aabb.jpeg,https://zangakbookstore.am/qamin,,16.0,Unknown
640,Կույսերը,Ալեքս Մայքլիդիս,https://zangakbookstore.am/media/products/300x0/a6ed622ac3fd2542c71ac7e8a14425b0.jpg,https://zangakbookstore.am/kuysery,"Էդվարդ Ֆոսկան մարդասպան է. Մարիանան կասկած անգամ չունի: Բայց Ֆոսկան անհասանելի է, անշոշափելի: Քեմբրիջի համալսարանի հունական ողբերգության բարետես ու խարիզմատիկ պրոֆեսոր Ֆոսկային պաշտում են եւ՛ դասախոսները, եւ՛ ուսանողները, հատկապես «Կույսեր» գաղտնի խմբի անդամները:
Մարիանա Անդրոսը փայլուն, բայց բարդ ու հակասական խմբային թերապեւտ է։ Նրա ուշադրությունը սեւեռվում է «Կույսերի» վրա, երբ Քեմբրիջում գտնում են նրանցից մեկի՝ Մարիանայի զարմուհի Զոուիի ընկերուհու մարմինը:
Մի ժամանակ Մարիանան նույն համալսարանում էր սովորում։ Նա անմիջապես գլխի է ընկնում, որ սրածայր աշտարակների հովվերգական գեղեցկությունն ու հինավուրց ավանդույթները չարագուշակ մի բան են թաքցնում: Նա համոզված է, որ մարդասպանն Էդվարդ Ֆոսկան է, թեեւ վերջինս հիմնավոր ալիբի ունի։ Բայց պրոֆեսորն ինչո՞ւ պիտի թիրախավորեր ուսանողուհու: Եվ ինչո՞ւ է շարունակ վերադառնում կույս Պերսեփոնեի ծեսերին ու Անդրաշխարհի ուղեւորությունների թեմային:
Հերթական դին հայտնաբերելուց հետո Ֆոսկայի մեղքն ապացուցելու գործում Մարիանայի սեւեռուն գաղափարն ուղղակի անկառավարելի է դառնում՝ սպառնալով հողին հավասարեցնել նրա հեղինակությունն էլ, մտերմագույն հարաբերություններն էլ: Մարիանան վճռում է մարդասպանին խանգարել ամեն կերպ, նույնիսկ սեփական կյանքի գնով:",16.0,"Ռոմանս, Դրամա"
641,Վայրի կարապը,Մայքլ Քանինգհեմ,https://zangakbookstore.am/media/products/300x0/a0fbc6ccabc105d0d7313ab05caa0a05.jpg,https://zangakbookstore.am/vayri-karapy,"Քանինգհեմի «Վայրի կարապը և այլ պատումներ» ժողովածուն ընդգրկում է տասը գործ՝ նրբագեղ ու բազմաշերտ պոստմոդեռնիստական տեքստեր, որոնք առավելապես հանրահայտ հեքիաթների արքետիպային սյուժեների վերաշարադրանքն են միանգամայն նորովի և անսպասելի մոտեցմամբ:",16.0,"Պոեզիա, Կատակերգություն"
642,Հայելապատում,Դավիթ Սամվելյան,https://zangakbookstore.am/media/products/300x0/3b09a676c72cab2e54c58c9c8b862810.jpg,https://zangakbookstore.am/hayelapatum,"Լավագույն հարցերը կարող ես միայն ինքդ քեզ տալ,
որովհետև քեզ պատճառած ցավերից ու անհարմարություններից
ամենաազնիվը միայն ինքդ քեզ հասցրածն է։

Դավիթ Սամվելյանի «Հայելապատում» վիպակը, ինչպես անունն է հուշում, մարդու ինքնահայեցման մասին է։ Ստեղծագործության հերոսը, սակայն, ոչ թե հենց սկզբից խոհականորեն իր ներսն է նայում, հանդարտաբար ճանաչում ինքն իրեն, այլ ասես պեղում է սեփական հոգին, մարտնչում ինքն իր և աշխարհի դեմ։ Ի վերջո, փախչելով շրջապատից, ընտանիքից, երկրից՝ նա շտապում է դեպի բաղձալի ազատությունը։ Շուտով, սակայն, ամեն բան գլխիվայր շրջվում է․ հայելին աղավաղում էր պատկերը։",16.0,"Դրամա, Ֆանտաստիկա"
643,Անգլիական և ամերիկյան բանաստեղծություններ,,https://zangakbookstore.am/media/products/300x0/ec07b0ea020210345c91cdd3b19752cd.jpg,https://zangakbookstore.am/angliakan-ev-amerikyan-banastekhtsutyunner,,16.0,Unknown
644,Ֆրանսիական պոեզիա,,https://zangakbookstore.am/media/products/300x0/b353561bace7c6c95462ae611cda2474.jpeg,https://zangakbookstore.am/fransiakan-poezia-1,,14.0,Unknown
645,Գրողի տարածը,Վահե Ղուկասյան,https://zangakbookstore.am/media/products/300x0/f1ecfe62be2b093cd85074ac164a688c.jpg,https://zangakbookstore.am/grokhi-taratsy,,,Unknown
646,Թանգարանի հետնաբեմում,Քեյթ Աթկինսոն,https://zangakbookstore.am/media/products/300x0/9cab33f8c28ea0cec344181b8165216f.jpeg,https://zangakbookstore.am/tangarani-hetnabemum,"Բրիտանացի ժամանակակից գրող, դրամատուրգ Քեյթ Աթքինսընի Թանգարանի հետնաբեմում վեպը մի ընտանեկան տոհմի չորս սերնդի՝ մոտ հարյուր տարի ձգվող պատմություն է՝  լեցուն բազմաթիվ ասռեղծվածներով, անհայտացումներով ու մահերով։ Ինչպե՞ս ապրել այդ բոլոր հիշողությունների բեռով․ սա վեպի հերոսուհու՝ Ռուբի Լենոքսի կյանքի մարտահրավերն է։",14.0,"Դրամա, Կենսագրություն"
647,Զգուշավոր բաս,Արամ Ալավերդյան,https://zangakbookstore.am/media/products/300x0/3c0b8bbbd04133ed5e33c43f4c8ab9db.jpg,https://zangakbookstore.am/zgushavor-bas,"Արդի մատենաշարի սույն հատորով լույս է տեսնում Արամ Ալավերդյանի «Զգուշավոր բաս» ժողովածուն։ Արամ Ալավերդյանի անունը անծանոթ չէ ժամանակակից հայ գրականությամբ հետաքրքրվող ընթերցողին։ Նրա ստեղծագործությունները հրապարակվել են «Գրանիշ», «Անդին», «Արդի», «Կայարան» կայքերում։ Սակայն առանձին գրքով՝ ընթերցող լայն հանրությանը հեղինակը ներկայանում է առաջին անգամ։

Այս ժողովածուում ընդգրկված պատմվածքներն ու ակնարկները գերազանցապես նվիրված են Արցախյան առաջին պատերազմին։ Դրանք վկայագիր-վավերագրեր են՝ ստեղծված գեղարվեստի լեզվով։ Դա գրվածքների ինքնօրինակության հիմնական գրավականներից է։
Պատերազմը մենք սովոր ենք «ճանաչել» ընդհանրացված հայրենասիրական գնահատականներով կամ ռազմի դաշտում տեղի ունեցած հերոսական դրվագների նկարագրությամբ։ Այստեղ, սակայն, ընթերցողը կկարդա անձնական ողբերգությունների պատմություններ, արհավիրքը կտեսնի սովորական արցախցու՝ ընտանիքի հոր, մոր, եղբոր կամ քրոջ աչքերով։

Հեղինակն իր ոճում փորձել է հավատարիմ մնալ հարազատ վայրերում բնակվող մարդկանց լեզվամտածողությանը՝ նպատակադրված պահպանելով շարադրանքի որոշակի ժողովրդական, «անմշակ» երանգներ։ Միաժամանակ նա նյութ է թողել նաև բարբառներով հետաքրքրվող անձանց համար՝ պատմվածքներում ու ակնարկներում օգտագործելով հարյուրավոր խոսվածքային բառեր, դարձվածքներ ու դիմելաձևեր։",16.0,"Կենսագրություն, Պոեզիա"
648,Ադամամութ,Հայկ Սիրունյան,https://zangakbookstore.am/media/products/300x0/f41d5deae020a3b6134a7f205da3a4b5.jpg,https://zangakbookstore.am/adamamut,"«Արդի» մատենաշարի այս հատորով լույս է տեսնում երիտասարդ հեղինակ Հայկ Սիրունյանի «Ադամամութ» ժողովածուն, որ ներառում է նրա բանաստեղծություններն ու էսսեները։

Չնայած երիտասարդ տարիքին՝ ժողովածուն ընդգծում է Սիրունյանի ասելիքը, իսկ նրա ուրույն ձեռագիրը կանխորոշում է, որ իր արժանի տեղն է զբաղեցնելու հայ ժամանակակից գրականության մեջ։ Գրքում հեղինակը հմտորեն կարողացել է կամուրջ ստեղծել հայ գրականության դասական ավանդների և արդի բանաստեղծական մոտեցումների միջև։",16.0,"Պոեզիա, Ժամանակակից"
649,Տիպանգո,Վահան Տեր-Ղազարյան,https://zangakbookstore.am/media/products/300x0/3f1992f41ff402549c26cb92722fd7ba.jpg,https://zangakbookstore.am/tipango,"«Արդի» մատենաշարի սույն հատորում ներառված են Վահան Տեր-Ղազարյանի տարբեր տարիների գրված պատմվածքները և վիպակները։ Գիրքը հանդիսանում է հեղինակի մինչ այժմ հրատարակված ստեղծագործությունների ամենից ամփոփ ժողովածուն: «Տիպանգոյի» էջերում ընթերցողը կբացահայտի հեղինակի ինչպես ստեղծագործական, այնպես էլ մասնագիտական առանձնահատկություններն ու արժանիքները։",16.0,"Պոեզիա, Կենսագրություն"
650,Քառյակներ։ Օմար Խայամ,Օմար Խայամ,https://zangakbookstore.am/media/products/300x0/0fd52f8da93a77b1b1ab1c807e3df772.jpg,https://zangakbookstore.am/qaryakner-babelonyan-gradaran,"Օմար Խայամը (1048-1131) իրանական պոեզիայի փառքը հանդիսացող չորս նշանավոր բանաստեղծներից մեկն է (Ֆիրդուսի, Սաադի, Հաֆեզ, Խայամ): Լինելով իր ժամանակի անվանի գիտնականներից մեկը՝ նա այսօր աշխարհով մեկ հայտնի է ամենից առաջ որպես արևելյան մեծանուն իմաստուն, ում հատուկ է լայն մտահորիզոնը, խորն ու պրպտուն միտքը, ընդամենը մի քանի տողի մեջ ասելիքը սեղմ ու դիպուկ, գեղեցիկ ու տպավորիչ ձևակերպելու զարմանալի կարողությունը: Ահա ինչու արդեն քանի՜ հարյուրամյակ ամբողջ աշխարհում հետաքրքրությունը չի մարում նրա անձի ու ստեղծագործության հանդեպ:

Օմար Խայամը գրել է նաև երկեր մեխանիկայի, աշխարհագրության և երաժշտության վերաբերյալ։ Խայամը լայն հանրությանը հայտնի է առաջին հերթին իր «Քառյակներ»-ով՝ «ռուբաիներով»։ Խայամը, որ միայն այդ ժանրում է ստեղծագործել, հասցրել է այն իր զարգացման գագաթնակետին և մտել համաշխարհային գրականության մեջ որպես քառյակի անգերազանցելի վարպետ։ Հայտնի չէ, թե նրան վերագրվող 400 «քառյակներ»-ից որոնք են ստուգապես իրենը։ Խայամը նաև նախորդների համեմատ նոր և ճշգրիտ տոմարի հեղինակ է, որն Իրանում օգտագործվում է առ այսօր։ Խայամի «Քառյակներ»-ը հայերեն են թարգմանել Արամ Չարըգը, Հովհաննես Մասեհյանը, Արշակ Չոպանյանը, Հովսեփ Միրզայանը, Արշակ Աթայանը, Սերգեյ Ումառյանը, Վարուժան Խաստուրը։ Խայամագիտության մեջ մեծ վաստակ ունի նաև Էդուարդ Աղայանը։",16.0,"Կենսագրություն, Ժամանակակից"
651,Իմ հայ երեխաները,,https://zangakbookstore.am/media/products/300x0/f8e1be29cde22a9e618995358ed55401.jpg,https://zangakbookstore.am/im-hay-erekhanery,,16.0,Unknown
652,Դիմագիծ,Գարեգին Միսկարյան,https://zangakbookstore.am/media/products/300x0/7c0c7a9fffa80db13a47203aaf29951d.jpg,https://zangakbookstore.am/dimagits,"Գրքում զետեղված են հեղինակի բանաստեղծությունները, որոնց մեծ մասը ունի երգիծական բնույթ և ի հայտ են բերում հասարակական-քաղաքական դիպուկ շեշտադրումներ։",16.0,"Պոեզիա, Կենսագրություն"
653,Դզոն,Կարեն Անտաշյան,https://zangakbookstore.am/media/products/300x0/a4d44b13d2927d4c0ed689dd579f1d82.jpg,https://zangakbookstore.am/dzon,"«Դզոնը» էքզիստենցիալ ճգնաժամի և ինքնության տարբեր ասպեկտների փլուզումի միջով իր պարտությունների վերջնագծին մոտեցած ժամանակակից մարդու պատում է, որն այնուամենայնիվ գտնում է ճանապարհ դեպի ապրելու բերկրանքը և նրա ուղեցույցը բնավ հույսի փողփողուն դրոշակը չէ։ Ինչպիսի՞ն է իրականության հետ առերեսումը վերապրող մարդը և ինչպիսի՞ն է այդ փոխակերպությունների փորձառությունը բանաստեղծելու լեզուն։",16.0,"Դրամա, Թրիլլեր"
654,Դրակուլա,Բրամ Սթոքեր,https://zangakbookstore.am/media/products/300x0/91a5ab3f3cb75fb0353661c54dd361fc.jpg,https://zangakbookstore.am/drakula-10,"Բրեմ Սթոքերը բազմաթիվ գրքեր է գրել, որոնք իր ժամանակում մեծ համբավ են բերել գրողին: Բայց անմահության է արժանացել միայն մեկ վեպի շնորհիվ՝ «Դրակուլա»: Մինչ այդ էլ բազմաթիվ գրքեր են գրվել վանպիրների մասին, բայց այս մեկը դարձավ դասական, ժանրի էտալոն: Այն սկիզբ դրեց վամպիրների մասին գրականության մեծ ալիքի, որը շարունակվում է մինչ օրս: Գրքի ամենահայտնի էկրանավորումը կինոռեժիսոր Ֆ.Ֆ. Կոպպոլայի համանուն ֆիլմն է: Սթոքերը կարողացել է համադրել տարբեր ժամանակներ՝ միջնադարից մինչ իր օրերը, և տարբեր աշխարհներ՝ գաղտնիքներով ու սարսափներով լի Տրանսիլվանիայից մինչև հարմարավետ Լոնդոն: Իսկ ամենակարևորը՝ նա ստեղծել է նոր միֆական հերոս բոլոր ժամանակների համար:",14.0,"Կենսագրություն, Դրամա"
655,Երկար,Եր Կար,https://zangakbookstore.am/media/products/300x0/a1358f1db6a34ddb4e4299a05aa9423d.jpg,https://zangakbookstore.am/erkar,,16.0,Unknown
656,Հատընտիր․ Հրանտ Մաթևոսյան (երկհատոր),Հրանտ Մաթևոսյան,https://zangakbookstore.am/media/products/300x0/6cd602f79da9f7f46deda1cdc9c11af8.jpeg,https://zangakbookstore.am/hatyntir-hrant-matevosyan,"Հատոր 1. Պատմվածքներ՝ Նժույգս, նժույգս; Նարինջ զամբիկը, Պատիժը, Օգոստոս, Ալխո, Կայարան, Գոմեշը, Սկիզբը, Ծառերը, Կանաչ դաշտը
Էսսեներ՝ Թափանցիկ օր, Մեծամոր
Վիպակներ՝ Մենք ենք, մեր սարերը, Աշնան արև, Խումհար

Հատոր 2. Կինոպատումներ՝ Այս կանաչ կարմիր աշխարհը, Չեզոք գոտի
Վիպակներ՝ Տաշքենդ, Տերը
Հոդվածներ, Հարցազրույցներ",13.0,"Գիտական ​​ֆանտաստիկա, Արկածային"
657,Կարճ բարդիների հարցը,Գևորգ Տեր-Գաբրիելյան,https://zangakbookstore.am/media/products/300x0/dc64c2b76e78e0ee3b9e5fa52527a11c.jpeg,https://zangakbookstore.am/karch-bardineri-hartsy,Ժողովածուն պարունակում է 2014-2018 թթ․ գրված ստեղծագործություններ։,16.0,"Պոեզիա, Պատմական գեղարվեստական գրականություն"
658,Նույնիսկ երբ ծիծաղում ենք,Ֆարիբա Վաֆի,https://zangakbookstore.am/media/products/300x0/75df580ede4e2a415cdb37b37c13edef.jpg,https://zangakbookstore.am/nuynisk-erb-tsitsakhum-enq,"«Նույնիսկ երբ ծիծաղում ենք» պատմվածքների ժողովածուն, որ անուն ու մեծ ճանաչում է բերել հեղինակին, տպագրվել է 1999 թվականին և մինչ օրս չորս տասնյակից ավելի վերահրատարակություններ է ունեցել։ Թարգմանվել է մի շարք լեզուներով։ Հերոսները սովորույթների և ժամանակակից կյանքի բավիղներում հայտնված և ինքնաճանաչման ձգտող կանայք են։",16.0,"Պոեզիա, Կենսագրություն"
659,Իմ թռչունը,Ֆարիբա Վաֆի,https://zangakbookstore.am/media/products/300x0/7f52d8a4cfa7107ffd98caa74638c710.jpg,https://zangakbookstore.am/im-trchuny,"«Իմ թռչունը», որ հեղինակի առաջին վեպն է, տպագրվել է 2002 թվականին և միանգամից արժանացել իրանական ու միջազգային մի շարք մրցանակների։ Այն 2009 թվականին թարգմանվել է անգլերեն, 2010-ին՝ իտալերեն, 2012-ին՝ գերմաներեն և 2016-ին՝ թուրքերեն։
Վերնագրում հիշատակվող թռչունը հերոսուհու ուղեցույց աստղն է․ նա պետք է պայքարի ու հաղթահարի իր վախերն ու տագնապները, ազատվի իր շրջապատի «ստվերներից ու ոգիներից», որպեսզի աշխարհը դարձնի այնպիսին, ինչպիսին ինքն է ցանկանում։
Հայերեն հրատարակվում է առաջին անգամ։",16.0,"Կենսագրություն, Դրամա"
660,Ինֆեռնո,Դեն Բրաուն,https://zangakbookstore.am/media/products/300x0/6ef322e5c9cdb01ec136a49eb56a64f8.jpg,https://zangakbookstore.am/inferno-6,"Երկրի և մարդկության փրկության սևեռուն գաղափարով տարված տաղանդավոր գիտնականի ահասարսուռ ուղերձի հետքով են ընթանում գրքի հերոսները: Ամերիկացի պրոֆեսորը և նրա հնարամիտ ուղեկցորդուհին խելահեղ որոնումների մեջ են հիասքանչ Ֆլորենցիայում, Վենետիկում և Ստամբուլում: Արդյո՞ք զուր են ջանքերը... Վեպում անդադար փախուստ է և փնտրում. ընթերցողի առջև մերթ ընդ մերթ հառնում է Դանտե Ալիգիերիի դժոխքը՝ Ինֆեռնոն, և ոչ միայն «Աստվածային կատակերգության»՝ գաղտնաբառեր ծառայող տողերում, այլև Վերածննդի մեծագույն վարպետների կտավներում:",16.0,"Կատակերգություն, Դրամա"
661,Երբ խաղաղ կլինի,,https://zangakbookstore.am/media/products/300x0/9d969218eedd395c7ce7554608cd27ae.jpg,https://zangakbookstore.am/erb-khakhakh-klini,"Երբ խաղաղ կլինի.... մի լուսաշող այգաբաց կբացենք մեր աչքերը և կհասկանանք, որ մինչև խաղաղություն երևի պետք է անցնել ճանապարհ, որը սկիզբ է առնում խաղաղությունից։ Պետք է հիշել ու մոռանալ, անցնել ցավի և ուրախության միջով, տառապել ու փրկվել, մերվել աշխարհին ու մեզ շարժող հզոր ուժերին… պետք է մանուկ դառնալ և ծերունու իմաստության պես խոնարհվել սովորել...",16.0,"Դրամա, Թրիլլեր"
662,Բաքու,Վահան Թոթովենց,https://zangakbookstore.am/media/products/300x0/0ccc46ca635b13837e80687c90466526.jpg,https://zangakbookstore.am/baqu,"Վեպ սիրո, նավթի, սև փողերի, կարգերի բախման և մութ անցքերի մասին․
հայաշատ Բաքու, որտեղ նույնիսկ չկար «ադրբեջանցի» հասկացությունը։

Վահան Թոթովենցի եռահատոր «Բաքու» վեպը այժմ լույս է տեսնում մեկ ամբողջական գրքով։ Վեպում չքավորության մաքառումներով գոյամարտող ամուսիններ Մարթայի և Վիրաբի միակ որդին՝ Լևոնը, որ Թոթովենցի որդու գրականացված տիպն է (Լևոն-Լևիկ), կապիտալիստական աշխարհի անմեղ թիրախն է, որ զրահավորվում է մեծ-մեծ գաղափարներով ու դառնում հաղթանակի ավանդ, գրավական ու մի ողջ եռահատորի սիմվոլ․․․

Դեպքերը ծավալվում են Անդրկովկասի խոշոր քաղաքներից մեկում, որտեղ, անզեն աչքով էլ պարզ է, դեռևս իշխող էին կամ գոնե սոցիալական ազեցություն ունեին հայերը։ Կարգերի բախում, սեր, նավթից գորշացած, սևացած փողեր, չքավորություն և դարի բկին հասած անդիմադրելի կեցության փոփոխություն։ Ընթերցողի ուշադիր աչքից չեն վրիպի գեղարվեստական շերտերում թաքնված ինչ-ինչ ճշգրիտ իրողություններ՝ կապված հայ-թուրքական հետագա սրումների ակունքի, կայսերական հին, բայց մինչ օրս ձգվող նույնատիպ վարմունքի, սոցիալիզմի՝ կարմիր ոռոգումով գալուստի և շատ ու շատ այլ հարցերի վերաբերյալ։ Կան շշուկներ, որ վեպն ունեցել է «մեկենաս», և Թոթովենցն էլ 1930-34 թթ․ երկը գրել է ինչ-որ «պատվերով», բայց դրանք փսփսուքի բարձրության տեղեկություններ են",12.0,"Պատմական գեղարվեստական գրականություն, Դրամա"
663,Անվերջանալի գիշեր,Ագաթա Քրիստի,https://zangakbookstore.am/media/products/300x0/ba1c5123c5061632c1d4e41d6962e451.jpg,https://zangakbookstore.am/anverjanali-gisher,"Ագաթա Քրիստիի «Անվերջանալի գիշեր» վեպն առաջին անգամ լույս է տեսել 1967 թվականին։ Վերնագրի ընտրության հարցում հեղինակին ոգեշնչել են անգլիացի բանաստեղծ Ուիլյամ Բլեյքի «Անմեղության երգեր» բանաստեղծության տողերը։ Քրիստին մի առիթով խոստովանել է, որ «Անվերջանալի գիշերն» իր ամենասիրելի ստեղծագործությունն է, և թեպետ իր վեպերը սովորաբար գրում է երեք-չորս ամսում, այս մեկն ավարտին է հասցրել վեց շաբաթվա ընթացքում։

«Դետեկտիվի թագուհի» Ագաթա Քրիստիի պատկերավոր սպանությունների առեղծվածները տասնամյակներ շարունակ հետապնդել են ընթերցողներին: Նրա գրքերը հրատարակվել են ավելի քան 2 միլիարդ տպաքանակով և թարգմանվել են աշխարհի շուրջ 100 լեզուներով: Ագաթա Քրիստին գրանցված է Գինեսի համաշխարհային ռեկորդների գրքում՝ որպես բոլոր ժամանակների ամենավաճառված վիպագիրը: Նա նաև աշխարհի ամենաշատ թարգմանված հեղինակն է՝ առաջ անցնելով Ժյուլ Վեռնից և Ուիլյամ Շեքսպիրից: Բոլոր ժամանակների ամենախորհրդավոր պատմություններն ու կերպարները կերտած այս բրիտանացի վիպասանը աշխարհին նմանը չունեցող ժառանգություն է թողել:",12.0,"Առեղծված, Կենսագրություն"
664,Ականջդ բեր ասեմ,Պարույր Սևակ,https://zangakbookstore.am/media/products/300x0/7d0a719ab054f1af87d8a08b3d3c3c3f.jpeg,https://zangakbookstore.am/akanjd-ber-asem-2,"Գրքի ինը բաժիններում տեղ են գտել Պարույր Սևակի խոհափիլիսոփայական, հայրենիքին ու հայրենասիրությանը, լեզվին, արվեստին, մշակույթին, գրողին և գրականությանը, սիրուն, բնությանն ու հողին նվիրված, հայ և համաշխարհային գրականության, արվեստի, գիտության ու հասարակական-քաղաքական նշանավոր գործիչներին և իր ժամանակակիցներին, ինչպես նաև իրեն բնորոշող արձակ և չափածո ավելի քան 1100 իմաստախոսություն:",1.0,"Կենսագրություն, Պոեզիա"
665,Ավազ և փրփուր,Խալիլ Ջիբրան,https://zangakbookstore.am/media/products/300x0/cbb504082327551b3891f7eae200d899.jpg,https://zangakbookstore.am/avaz-ev-prpur,"«Ավազը և փրփուրը» առակների ու ասույթների փունջ, յուրօրինակ և գողտրիկ շքեղությամբ օժտված զրույց է մարդու և աշխարհի հետ։ Ջիբրանն իր ուրույն գրչով վեր է հանում մարդկային սրտի ու հոգու վեհության ու ունայնության գեղեցկությունը։
Կյանքն ինքնին կատարյալ է, և մարդու գոյությունը հավերժական կռիվ է կյանքի հետ, սակայն կատարյալն է հավերժ։ Մարդուն մնում է ներդաշնակել կյանքի փիլիսոփայությանը և մնալ կատարելության մեջ։",16.0,"Դրամա, Կատակերգություն"
666,Արցունք և ժպիտ,Խալիլ Ջիբրան,https://zangakbookstore.am/media/products/300x0/1e1d4f4f28e1b7ac2625a5ed6ed0d330.jpg,https://zangakbookstore.am/artsunq-ev-zhpit,"Արցունք և ժպիտ կամ բանաստեղծի հոգու բյուրեղների արտացոլումըբանաստեղծությունների և առակների տեսքով։
Թովիչ և գունեղ լեզվով հեղինակը ի ցույց է դնում մարդկային հոգու ոակներն ու վերլուծելով կյանքը ապավեն է գտնում Վերևում։ Լինելով արվեստագետ՝ իր ստեղծագործության մեջ նա նրբագեղորեն վրձնում է բնության ու հոգու ներդաշնակությունը։",16.0,"Պոեզիա, Դրամա"
667,Խաղասրահ Պաչինկո,Էլիզա Շուա Դյուսապեն,https://zangakbookstore.am/media/products/300x0/6df5f45a792d11c2d7af6a2f6fe80e97.jpg,https://zangakbookstore.am/khakhasrah-pachinko,,16.0,Unknown
668,Հոկտեմբերյան գիշերներ: Զբոսանքներ և հիշողություններ,Ժերար Դը Ներվալ,https://zangakbookstore.am/media/products/300x0/69033407c9c2791eac66fe87c95ca908(1).jpg,https://zangakbookstore.am/hoktemberyan-gisherner-zbosanqner-ev-hishokhutyunner,"Գրքում զետեղված են ֆրանսիացի մեծ բանաստեղծ Ժերար դը Ներվալի «Հոկտեմբերյան
գիշերներ» և «Զբոսանքներ և հիշողություններ» երկերը: «Հոկտեմբերյան գիշերներ» արձակ պատումների
շարքը, որ առաջին անգամ լույս է տեսել 1852 թվականին, յուրօրինակ մի խորհրդածություն է ներքին եզերքի որոնման, բանաստեղծական սխրանքիև հասարակականպահանջարկի բազմաբարդ փոխհարաբերությունների մասին: Իրեն հատուկ նուրբ հեգնանքով փորձելով հետևել ռեալիզմի՝ «ճշմարտության դպրոցի» ջատագովներին՝ Ժերարդը Ներվալն ամեն անգամ ստիպված է արձանագրել իր պարտությունը՝ պարբերաբար հայտնվելով ներաշխարհի կախարդված պարտեզներում: Մինչ ընթերցողի առջև էջ առ էջ ամբողջանում է քաղաքային բարքերի ու զվարճալիքների նկարագրությունը՝ իրական, գունեղ մանրամասնություններով, ժամանակ առ ժամանակ հայտնվում է «Աստվածային կատակերգության» հետագիծը՝ հիշեցնելու, որ բանաստեղծի իրապատում դեգերումները
նաև ներքին ուղևորություն են իրական և մտացածին քաղաքի խառնարաններով: «Զբոսանքներ և հիշողություններում», որ Ներվալի վերջին երկերից է, շարունակվում է ներքին եզերքի համառող որոնումը:",16.0,"Դրամա, Պոեզիա"
669,Դոմինո,Սարգիս Հովսեփյան,https://zangakbookstore.am/media/products/300x0/132d5178247bf253d3f7da477fa56606.jpg,https://zangakbookstore.am/domino,"Ժողովածուն հեղինակի առաջին գիրքն է, որում ընդգրկված պատմվածքներն ու «Համբարձման գիշեր» պիեսը հատկանշվում են պատումի ինքնատիպությամբ, թեմատիկ բազմազանությամբ, բայց և կայուն գրողական աշխարհայացքով, որի հենքը քննադատական վերաբերմունքն է հասարակական անառողջ երևույթներին և սերն ու կարեկցանքը հայրենիքի ու մարդու հանդեպ։",16.0,"Պոեզիա, Կենսագրություն"
670,Սոսկալի ժամանակներ,Մարիո Վարգաս Լյոսա,https://zangakbookstore.am/media/products/300x0/04e7439ca0455cc64fe9e30662840d09.jpg,https://zangakbookstore.am/soskali-zhamanakner,"Լյոսայի «Սոսկալի ժամանակներ» վեպը քաղաքական խարդավանքների և դավադրությունների, լատինամերիկյան երկրներին հատուկ բռնապետությունների և անառողջ մթնոլորտում զարգացող իրադարձությունների մասին պատմող պատմաքաղաքական վեպ է, որի հիմքում կոռուպցիային, իշխանության զավթմանը, բարքերի ապականմանն ու մարդկային թուլություններին անդրադարձող թեմաներն են: 2019 թվականին լույս տեսած և աշխարհում առաջինը հայերեն թարգմանված այս վեպը Սառը պատերազմի տարիներին ընթացող միջազգային դավադրությունների և իրարամերժ շահերի խառնակ պատմություն է, որում նկարագրված են գերտերությունների և լատինամերիկյան երկրների միջև փոխհարաբերությունները պատկերող դրվագներ:",16.0,"Կենսագրություն, Պատմական գեղարվեստական գրականություն"
671,Երկերի լիակատար ժողովածու Մահարի 14,Գուրգեն Մահարի,https://zangakbookstore.am/media/products/300x0/5146f98b61fd16b73f39177abb1d760e.jpg,https://zangakbookstore.am/erkeri-liakatar-zhokhovatsu-mahari-14-2,,16.0,Unknown
672,Կրկին ծնվածները,Զարա Բաբայան,https://zangakbookstore.am/media/products/300x0/2dc0e0dcd69f94984ca13f4407746b92.jpg,https://zangakbookstore.am/krkin-tsnvatsnery,"Զարա Բաբայանի «Կրկին ծնվածները» վիպակը Ցեղասպանության խորքը մինչև վերջ բացելու հնարավորություն ընձեռող պատմություն է՝ որքան անհավատալի, նույնքան հավատարժան, որքան իրական, նույնքան հրաշալի։ Թարգմանիչ՝ Ներսես Աթաբեկյան: Գիրքը լույս է ընծայել «Անտարես»-ը:",16.0,"Դրամա, Պոեզիա"
673,Իբր պոեզիա,Էդիկ Պողոսյան,https://zangakbookstore.am/media/products/300x0/0f0ac2642df1303eea6285b1d7bd3919.jpg,https://zangakbookstore.am/ibr-poezia,,16.0,Unknown
674,Պետրիկոր,Նշան Աբասյան,https://zangakbookstore.am/media/products/300x0/94511d8f19771698d6cea50deda6a76a.jpg,https://zangakbookstore.am/petrikor,"«Արդի» մատենաշարի սույն հատորով լույս է տեսնում Նշան Աբասյանի «Պետրիկոր» ժողովածուն, որ ներառում է հեղինակի՝ ինչպես ընթերցողին արդեն ծանոթ բանաստեղծություններ՝ մի փոքր խմբագրված կամ ոչ, այնպես էլ որոշ նոր կամ անտիպ գործեր։",16.0,"Պոեզիա, Կենսագրություն"
675,Առաջնորդը,Դավիթ Մկր. Սարգսյան,https://zangakbookstore.am/media/products/300x0/6480815fb6d58b86ef8162aae365909c.jpeg,https://zangakbookstore.am/arajnordy,,16.0,Unknown
676,Սայաթ Նովա. Հայերեն խաղեր 2,,https://zangakbookstore.am/media/products/300x0/e9227e4b6cbf83e890f8734936ba5206.jpg,https://zangakbookstore.am/sayat-nova-hayeren-khakher-2,,16.0,Unknown
677,Իմ հանճարեղ ընկերուհին,Էլենա Ֆերանտե,https://zangakbookstore.am/media/products/300x0/e8fbae4d2f658bb3bf89de5ab8d8b0e6.jpg,https://zangakbookstore.am/im-hancharekh-ynkeruhin,"Էլենա Ֆերանտեն ժամանակակից իտալացի գրող է: Նրա ինքնությունը մինչև այժմ անհայտ է, թեև նա բավականաչափ հայտնի հեղինակ է։ Համաշխարհային ճանաչում ստացելէ «Նեապոլիտանական քառյակի» շնորհիվ։ Այդ 4 վեպերի մեջ առաջինը հենց այս գիրքն է։

Նեապոլի արվարձանային աղքատ, բայց աշխույժ թաղամասում 1950-ականներին սկսված պատմությունը շարունակվում է գրեթե 60տարի: Գլխավոր հերոսներն են տաքարյուն Լիլան և գրքի հեղինակ Էլենան։ Նրանք դառնում են կին, մայր, առաջնորդ և այդ ամբողջ ընթացքում պահպանում են իրենց բարդ, երբեմն նաև հակասական ընկերությունը:

Առաջին վեպը հյուսում է Լիլայի և Էլենայի պատմությունը՝ սկսած 10 տարեկանում նրանց բախտորոշ հանդիպումից մինչև դպրոց և պատանեկություն: «Իմ հանճարեղ ընկերուհին» վեպն ընկերության էությունը քննող հուզիչ խորհրդածում է, նաև պատմություն մի ամբողջ ազգի մասին: Այս երկու կանանց կյանքի պատմության միջոցով Ֆերանտեն պատմում է թաղամասի, քաղաքի և երկրի մասին, որոնք, ժամանակի ընթացքում վերափոխվելով, փոխում են նաև երկու գլխավոր հերոսուհիների փոխհարաբերությունները:",16.0,"Կենսագրություն, Երիտասարդական"
678,Միսիս Դելոուեյ,Վըրջինիա Վուլֆ,https://zangakbookstore.am/media/products/300x0/a2a5d2071f6b814e848d61efb1dec1cb(1).jpg,https://zangakbookstore.am/misis-delouey,"«Միսիս Դելոուեյ»–ը Վըրջինիա Վուլֆի՝ գեղագիտական առումով առաջին ամբողջական նորարարական վեպն է, որն ընդգրկում է ընդամենը մեկ օրվա իրադարձություններ, և որտեղ յուրահատուկ` վուլֆյան «գիտակցության հոսքի» միջոցով հետպատերազմյան Անգլիան և առհասարակ ժամանակի ամեն ակնթարթը ներկայացվում են հերոսների սուբյեկտիվ ընկալումների միջոցով: Հատկապես էական են երկու հերոսների գոյաբանական մտորումները. պառլամենտականի ազնվական կինը նախապատրաստում և ավարտին է հասցնում իր ամենամյա երեկույթը, իսկ զորացրված հոգեկան հիվանդը ինքնասպան է լինում: Սակայն երկու հերոսները, որոնք երբևէ չեն հանդիպել ժամանակի և տարածության անտեսանելի խաչմերուկում, ձուլվում են իրար, նույնանում, և հերոսուհին իր մաշկի վրա զգում ու ապրում է կյանքի նոր չափումը:",16.0,"Դրամա, Թրիլլեր"
679,Տակնուվրա․ Մի օր բոլորը վերադառնում են,Անի Մաղաքյան,https://zangakbookstore.am/media/products/300x0/a87e7e4af5fc6175fd6b9ddb41c1ae8b.jpg,https://zangakbookstore.am/taknuvra-mi-or-bolory-veradarnum-en,,16.0,Unknown
680,Յարութ Կոստանդեան․ Երկեր,Յարութ Կոստանդեան,https://zangakbookstore.am/media/products/300x0/6ece53c43e6b38fe20bfb6379063b376.jpg,https://zangakbookstore.am/yarut-kostandean-erker,"«Սփյուռք» մատենաշարի սույն հատորով լույս է տեսնում Հարութ Կոստանդյանի երկերի ժողովածուն։ Այն ներառում է ֆրանսահայ հեղինակի բանաստեղծությունները, արձակ գործերն ու նամակներ։ Ժողովածուում ամփոփված է անօրինակ կյանքով, «բնազդական յոյզերով, ընդոստ մտածումներով» ապրած բանաստեղծի գրական ողջ ժառանգությունը։",16.0,"Պոեզիա, Կենսագրություն"
681,Նազար,Յակոբ Մնձուրի,https://zangakbookstore.am/media/products/300x0/70b2d730b2baf16b5b951084aead0d75.jpg,https://zangakbookstore.am/nazar,"«Սփյուռք» մատենաշարի սույն հատորով լույս է տեսնում Յակոբ Մնձուրու «Նազար» դրաման, որ առաջին անգամ է տպագրվում առանձին գրքի տեսքով։ Նախկինում հրատարակվել է միայն մեկ անգամ՝ 1929 թ․, Բոստոնի «Հայրենիք» ամսագրում։ Մնձուրու գրականության նյութը հայրենի գյուղն է՝ իր բնությամբ, հարազատ ու պարզ, իրենց ավանդույթներին, հող ու ջրին կապված մարդկանցով։ «Նազար» դրաման մեծանուն գրողի միակ դրամատիկական երկն է, որտեղ նույնպես իր իսկ բնորոշմամբ «գիւղը կ’ապրի իմ մէջս»՝ մնձուրիական գյուղաշխարհի գեղահրաշ նրբերանգներով, բայց ողբերգական ավարտով։

«Գրեց բարոյականության հետ հարաբերվելու իր հնարավորությունը կորցրած թշնամու դեռ տաք ատելության ու քամահրանքի պայմաններում։ Այլ կերպ անհնար է հասկանալ Յակոբ Մնձուրիի անվան շուրջը երկար լռությունը․․․
Ազգապահպանության և ազգահորինման այս գեհենը չկա Մնձուրու ստեղծագործության մեջ՝ ստեղծագործության մեջ նրա, ով ամենաստույգ գոնե վկան էր լինելու։ Սա ի՞նչ է, զոհի հետ նաև ճիչի խժռում։ Այս ամենի ձեր չիմացությամբ՝ հայ մեծ մշակույթի խաղաղ անդաստանների այս խոնարհ մշակի գործը ձոն է մարդու գոյության խորհրդի բարությանը։
Այս ամենի ձեր գիտությամբ՝ Յակոբ Մնձուրու ստվար ժառանգությունը ձեր ձեռքին մեղադրանք է ընդդեմ տիրակալական նկրտումների, որ ժողովուրդներ է հակադրում, ժողովուրդներ է ոչնչացնում և ազգայնամոլության ախտով ժողովուրդներ է թունավորում»։
Հրանտ Մաթևոսյան",16.0,"Դրամա, Կենսագրություն"
682,Անմոռուկի փակուղի,Լուսինե Խառատյան,https://zangakbookstore.am/media/products/300x0/580c65b7ebb8480ea3a47dda07dad158.png,https://zangakbookstore.am/anmoruki-pakukhi-kosht-kazm,"Լուսինե Խառատյանի «Անմոռուկի փակուղի» ժողովածուում ընդգրկված պատմվածքները մեկ թեմատիկ ամբողջություն են և միմյանց լրացնելով՝ վեր են հանում ազգային ինքնության, բարդույթների, ազատությունների սահմանափակման բարդ և հակասական բազմաթիվ հարցեր, որոնք ներփակ տարածականության մեջ խտանալով՝ վերածվել են ազգային հոգեվիճակի: Խոսելով ու պատմելով «անմոռուկի բարդույթի» և «երևանյան հիվանդության» տիպիկ համախտանիշների մասին՝ հեղինակը հնարավորություն է տալիս բացել սահմանները, դուրս գալ փակուղուց և տեսնել «սարի հակառակ կողմի» արտապատկերը:",16.0,"Դրամա, Գիտական ​​ֆանտաստիկա"
683,Ինքնահոսի,Լուսինե Եղյան,https://zangakbookstore.am/media/products/300x0/061140126e5a4765ac444c7136910fbf.jpg,https://zangakbookstore.am/inqnahosi,,16.0,Unknown
684,Էնդհաուզի առեղծվածը,Ագաթա Քրիստի,https://zangakbookstore.am/media/products/300x0/2d65943ff78456b6cb290978e475d706.jpeg,https://zangakbookstore.am/endhauzi-arekhtsvatsy,"1932 թվականին լույս տեսած «Էնդհաուզի առեղծվածը» վեպը Ագաթա Քրիստիի ամենահայտնի ստեղծագործություններից է։ Սա հեղինակի՝ թվով յոթերորդ գործն է, որի գլխավոր հերոսը Էրքյուլ Պուարոն է։ Սյուժետային զարգացումներն ընթանում են կտրուկ և անսպասելի, ինչը հատուկ է դետեկտիվի թագուհու բոլոր վեպերին։ Եվ միայն խորագետ ու փորձառու խուզարկուին է հաջողվում աստիճանաբար առանձնացնել անհավատալի թնջուկի բոլոր թելերը։

«Դետեկտիվի թագուհի» Ագաթա Քրիստիի պատկերավոր սպանությունների առեղծվածները տասնամյակներ շարունակ հետապնդել են ընթերցողներին: Նրա գրքերը հրատարակվել են ավելի քան 2 միլիարդ տպաքանակով և թարգմանվել են աշխարհի շուրջ 100 լեզուներով: Ագաթա Քրիստին գրանցված է Գինեսի համաշխարհային ռեկորդների գրքում՝ որպես բոլոր ժամանակների ամենավաճառված վիպագիրը: Նա նաև աշխարհի ամենաշատ թարգմանված հեղինակն է՝ առաջ անցնելով Ժյուլ Վեռնից և Ուիլյամ Շեքսպիրից: Բոլոր ժամանակների ամենախորհրդավոր պատմություններն ու կերպարները կերտած այս բրիտանացի վիպասանը աշխարհին նմանը չունեցող ժառանգություն է թողել:",14.0,"Առեղծված, Կենսագրություն"
685,Զուլեյխան բացում է աչքերը,Գուզել Յախինա,https://zangakbookstore.am/media/products/300x0/e72419d9ac568ddc94263a1679f19899.jpg,https://zangakbookstore.am/zuleykhan-batsum-e-achqery,"1930 թվական. Իոսիֆ Ստալինի կուլակաթափման ծրագիրը մեծ թափ է հավաքում Խորհրդային Միությունում: Զոհերի մեջ է թաթարների երիտասարդ մի ընտանիք: Ամուսինը սպանվում է, կինն աքսորվում է Սիբիր: Գյուղաբնակ Զուլեյխային հարյուրավոր աքսորյալների հետ բեռնավագոնով քշում են Սիբիր:

Անուս գյուղացիները, մտավորականներն ու հանցագործները, մուսուլմաններն ու քրիստոնյաները, հեթանոսներն ու աթեիստները, ռուսները, թաթարները, գերմանացիները, չուվաշները՝ բոլորը հանդիպում են Անգար գետի ափին։ Նրանք անծայրածիր տայգայում ամեն օր պայքարում են խստաշունչ բնության ու անողոք պետության դեմ՝ պաշտպանելով ապրելու իրենց իրավունքը:",16.0,"Երիտասարդական, Թրիլլեր"
686,Սերը խոլերայի ժամանակ,Գաբրիել Գարսիա Մարկես,https://zangakbookstore.am/media/products/300x0/4c7fb6be63270cda2bb7c15656f24a7b.jpg,https://zangakbookstore.am/sery-kholerayi-zhamanak,"Նոբելյան մրցանակակիր Գաբրիել Գարսիա Մարկեսի վեպը անվերապահ և անմնացորդ սիրո մասին պատմող ցնցող պատմություն է՝ սեր, որն ունակ է հաղթահարելու ամեն ինչ՝ ժամանակ ու տարածություն, կյանքի դժվարություններ ու նյութապաշտություն, մարդկային հոգու անկատարություն ու հուսահատություն։ Ֆերմինա Դասան մերժում է Ֆլորենտինո Արսայի պատանեկան սերն ու երազանքները և ամուսնանում խոլերայի դեմ ակտիվ պայքարող հռչակավոր բժիշկ Խուվենալ Ուրբինոյի հետ, որը, ի տարբերություն զգայական և զգացմունքային Ֆլորենտինո Արիսայի, չափազանց զուսպ է և հավասարակշռված։ Մելամաղձոտ և անչափ հուզիչ այս պատմությունը համեմված է Մարկեսի ֆանտաստիկ սարկազմով, ծիծաղաշարժ դրվագներով, հին ժամանակների ոգով, սիրային զեղումներով և մեծ քնարականությամբ։ Ամուսնու մահից, անցած երջանկության վերհուշից և մենության ցավոտ ապրումներից հետո Ֆերմինային բախտ է վիճակվում ճաշակել հասուն սերը, և երկու զառամյալ սիրահարները տրվում են սիրո ու ճամփորդության  վայելքին՝ հավատացնելով, որ սերը ժամ ու ժամանակ չունի։",16.0,"Ռոմանս, Դրամա"
687,Ֆլորիան Զելլեր․ Պիեսներ,Ֆլորիան Զելլեր,https://zangakbookstore.am/media/products/300x0/b3b53699ce81d95938f865bb40675bac.jpg,https://zangakbookstore.am/piesner-3,"Ֆլորիան Զելլերի թատրոնը ժամանակակից եվրոպական կենցաղի ու նրա անժխտելի պարադոքսի միասնության թատրոնն է: Գրեթե բոլոր պիեսներում ամուսնական զույգի գոյությունն անհնարին է, բայց պարտադիր, իսկ մենակությունը հավասարազոր է գոյություն չունենալուն: Ամուսնական զույգը ոչ թե իր երջանկության մեջ է ներկայացվում, այլ ճգնաժամի, ընտանեկան հարաբերությունները հյուսված են սարդոստայնի և լաբիրինթոսի տեսքով: Ֆ. Զելլերի պիեսների հայերեն ժողովածուում տեղ են գտել «Հայրը», «Մայրը», «Որդին», «Ճշմարտությունը», «Սուտը» և «Ուրիշը» ստեղծագործությունները: Իրարից թեմատիկ և երբեմն նաև ոճային առումներով այնքան տարբեր այս վեց պիեսներում կարմիր թելի պես անցնում է պատրանքի կառուցման և ապակառուցման դրաման՝ ներկայանալով իբրև մարդ–անհատի գոյության հիմք ու գրավական:",16.0,"Դրամա, Ռոմանս"
688,Բանաստեղծություններ․ Վերաբերություններ,Մարիամ Կարապետյան,https://zangakbookstore.am/media/products/300x0/302d3ff29dbd711ee84e33ed16a74364.jpg,https://zangakbookstore.am/banastekhtsutyunner-veraberutyunner,,16.0,Unknown
689,Երեքշաբթի օրվա սիեստան,Գաբրիել Գարսիա Մարկես,https://zangakbookstore.am/media/products/300x0/cb92586ee38f0b0122131ea4dfdff7a1.jpg,https://zangakbookstore.am/ereqshabti-orva-siestan,,16.0,Unknown
690,Ծուղակ,,https://zangakbookstore.am/media/products/300x0/870e01fe63590c195d692700f9033324.jpg,https://zangakbookstore.am/tsukhak,,,Unknown
691,Սահմանագոտու առեղծվածը,Անդրե Միշո,https://zangakbookstore.am/media/products/300x0/f3f253376dddbdf5b53bbaca52440b4c.jpg,https://zangakbookstore.am/sahmanagotu-arekhtsvatsy,,,Unknown
692,Չթողնես ինձ երբեք,Կազուո Իշիգուրո,https://zangakbookstore.am/media/products/300x0/7a6c0f646dc0805931f4be467d541112.jpg,https://zangakbookstore.am/chtokhnes-indz-erbeq,"Քեթիի, Թոմիի և Ռութի աշխարհի սահմանները փխրուն են ու անորոշ: Դպրոցը, որտեղ նրանք ապրում են, կտրված է արտաքին աշխարհից, և մյուս ուսանողների հետ նրանք ստեղծում են իրենց պատկերացումների աշխարհն ու փորձում գտնել այդ աշխարհում իրենց ապագա դերը, ինչը իրականում վաղուց նախասահմանված է եղել, անգամ մինչև իրենց ծնունդը: Ճակատագիրը գոնե փոքր–ինչ փոխելու, անխուսափելին մի փոքր էլ հետաձգելու համար նրանք մի ամբողջ տեսություն են մտածում և փորձում դա կյանքի կոչել՝ միմյանցից կառչելով, մեկը մյուսին երբեք բաց չթողնելով:",16.0,"Դրամա, Գիտական ​​ֆանտաստիկա"
693,Միզերի,Սթիվեն Քինգ,https://zangakbookstore.am/media/products/300x0/41c6ecb9eade6d808973788540eb8e7d.jpg,https://zangakbookstore.am/mizeri-1,"Վեպի հերոսը՝ Փոլ Շելդոնը, ճանաչում վայելող վիպասան է: Փոլի խանդավառ երկրպագու Էննի Ուիլքսը ավտովթարից հետո նրան դուրս է բերում ջախջախված մեքենայից և տանում մեկուսի վայրում գտնվող իր առանձնատուն: Այնտեղ հավատարիմ ընթերցողը դառնում է ոչ միայն Փոլի փրկիչը, այլև բանտապահն ու խոշտանգողը:",16.0,"Դրամա, Թրիլլեր"
694,"Դղյակ, Դատավարություն",Ֆրանց Կաֆկա,https://zangakbookstore.am/media/products/300x0/a78901343fbd9de8abcf0b697109c008.jpg,https://zangakbookstore.am/dkhyak-datavarutyun,,16.0,Unknown
695,Անոն,Անուշ Սարգսյան,https://zangakbookstore.am/media/products/300x0/b0624442803cf25be9c52b4d0dbd9802.jpg,https://zangakbookstore.am/anon,,16.0,Unknown
696,Ավետարան ըստ Հիսուսի,Ժոզե Սարամագու,https://zangakbookstore.am/media/products/300x0/50608041591c9821f05d96f89fc0f17a.jpg,https://zangakbookstore.am/avetaran-yst-hisusi,,16.0,Unknown
697,Սպանված գարնանամուտ,Անահիտ Քնարյան,https://zangakbookstore.am/media/products/300x0/30a01b18d48c8b0110bf448693108001.jfif,https://zangakbookstore.am/spanvats-garnanamut,,16.0,Unknown
698,Մոսկվա - Պետուշկի,Վենեդիկտ Երոֆեեվ,https://zangakbookstore.am/media/products/300x0/3f59d6a6b2eacbce27a4476352d0c53f.jpg,https://zangakbookstore.am/moskva-petushki-4,"Ժողովածուն ներառում է 20-րդ դարի ռուս գրականության ամենաինքնատիպ ներկայացուցիչներից մեկի Վենեդիկտ Երոֆեևի ամենահայտնի ստեղծագործությունները՝ 'Մոսկվա - Պետուշկի' վիպակը և 'Վասիլի Ռոզանովը էքսցենտրիկի աչքերով' էսսեն, ինչպես նաև երկու հարցազրույց մեծ գրողի հետ:",16.0,"Պոեզիա, Կենսագրություն"
699,Կերպարանափոխություններ,Պուբլիուս Օվիդիուս Նասո,https://zangakbookstore.am/media/products/300x0/2f47fd222e8c3eb81a04386ad97cfeb5.jpg,https://zangakbookstore.am/kerparanapokhutyunner,"Գիրքն ընդգրկում է հռոմեացի մեծ բանաստեղծ Պուբլիուս Օվիդիուս Նասոյի (մ.թ.ա. 43 – մ.թ. 17/18)՝ Հին Հռոմի երեք «կանոնական» պոետներից (նաև՝ Վերգիլիուս ու Հորացիուս) մեկի ամենահայտնի երկը՝ «Կերպարանափոխություններ» էպիկական պոեմը, լատիներեն բնագրից հայերեն առաջին ամբողջական թարգմանությամբ, ընդարձակ առաջաբանով ու մանրակրկիտ ծանոթագրություններով։ Գրական այս կոթողը, որն իր նշանակությամբ ու եվրոպական մշակույթի վրա հսկայական ազդեցությամբ համեմատելի է Հոմերոսի «Իլիական»–ի ու «Ոդիսական»–ի և Վերգիլիուսի «Էնեական»–ի հետ, հունահռոմեական առասպելների մի անսպառ շտեմարան է՝ մեծ մասամբ այնպիսի պատմությունների, որոնք ավարտվում են գործող անձի (կամ անձերի) կերպարանափոխությամբ։ Բազմաթիվ առասպելներ մեզ են հասել այս երկի շնորհիվ, իսկ շատ ուրիշները, որ կան նաև այլ աղբյուրներում, «Կերպարանափոխություններ»–ում ներկայացված են առավել հարուստ, բովանդակալից ու ամբողջական տեսքով և նոր մանրամասներով։ Օվիդիուսի պոեմը՝ բանաստեղծական իր անզուգական գեղեցկությամբ ու գեղարվեստական բարձր արժանիքներով, համարվում է էպիկական պոեզիայի գլուխգործոցներից մեկը։",16.0,"Պոեզիա, Պատմական գեղարվեստական գրականություն"
700,Café ձանձրույթ,Կարմիր Ռուբենիկ,https://zangakbookstore.am/media/products/300x0/743852ae78137e651c67d088466c0be1.jpeg,https://zangakbookstore.am/cafe-dzandzruyt,,16.0,Unknown
701,Նոր տողից,Հովհաննես Գրիգորյան,https://zangakbookstore.am/media/products/300x0/d886b79f17a645a5e3e9809420982816.jpg,https://zangakbookstore.am/nor-tokhits,Ժողովածուն ներառում է Հովհաննես Գրիգորյանի լավագույն բանաստեղծությունները: Գրքի կառուցվածքը հնարավորություն է տալիս լիարժեք պատկերացում կազմել տաղանդավոր բանաստեղծի ստեղծագործական բոլոր շրջափուլերի մասին՝ սկսած նրա անունը հանրահայտ դարձրած «Աշուն» բանաստեղծությունից մինչև «Երուսաղեմ»՝ վերջին բանաստեղծությունը:,16.0,"Պոեզիա, Ժամանակակից"
702,Բորիս Պաստեռնակ Բանաստեղծություններ,Բորիս Պաստեռնակ,https://zangakbookstore.am/media/products/300x0/28c4c45aec419e9ba6b406e941eb9ef9.jpg,https://zangakbookstore.am/boris-pasternak-banastekhtsutyunner,Այս գրքում ներկայացված են Բորիս Պաստեռնակի բանաստեղծությունները:,12.0,"Պոեզիա, Դետեկտիվ"
703,Մաքս և Մորից,Վիլհելմ Բուշ,https://zangakbookstore.am/media/products/300x0/ea58a37c456d5872d5542806e34f78a1.jpeg,https://zangakbookstore.am/maqs-ev-morits,,12.0,Unknown
704,Իրական պատմություն կտորից և թեփից տիկնիկ Մայրանուշի մասին,Ժան Վիլմեն,https://zangakbookstore.am/media/products/300x0/f64778ac88637469fdaf782167f91a3b.jpeg,https://zangakbookstore.am/irakan-patmutyun-ktorits-ev-tepits-tiknik-mayranushi-masin,,12.0,Unknown
705,Լույսի ու ստվերի միջև,Ֆիլիպ Ժակոտե,https://zangakbookstore.am/media/products/300x0/170208e7240554cb6f0c986488631cab.jpeg,https://zangakbookstore.am/luysi-u-stveri-mijev,,16.0,Unknown
706,Ժառանգություն կենդանության օրոք,Ռոբերտ Մուզիլ,https://zangakbookstore.am/media/products/300x0/67f9d107592d6d5d1ffc8949ca4a270b.jpeg,https://zangakbookstore.am/zharangutyun-kendanutyan-oroq,,16.0,Unknown
707,Գնդապետ Շաբեր,Օնորե դը Բալզակ,https://zangakbookstore.am/media/products/300x0/c20f8d0df541748e8d0e3854265cfe4c.jpg,https://zangakbookstore.am/gndapet-shaber,,16.0,Unknown
708,Հինգ կին,Ռոբերտ Մուզիլ,https://zangakbookstore.am/media/products/300x0/499f41f59cb2ab24dc560551240ff752(1).jpg,https://zangakbookstore.am/hing-kin,,16.0,Unknown
709,Ընտրանի։ Աստղ ու ցորեն,Վահագն Դավթյան,https://zangakbookstore.am/media/products/300x0/0c3d939c10187a0aa3b81d7beb84ed97(1).jpg,https://zangakbookstore.am/yntrani-astkh-u-tsoren,"Գրքում ամփոփված է Վահագն Դավթյանի գրական ժառանգության զգալի մասը՝ նպատակ ունենալով ընդգրկել ցայտուն նմուշներ նրա տարբեր տարիների ստեղծագործություններից՝ «Ամառային ամպրոպ», «Անկեզ մորենի», «Ասք սիրո», «Գինու երգը», «Անքնություն», «Գովքեր և ողբեր», «Հողմաշունչ գիշերներ», «Լույս առավոտի», «Լույսն իբրև հաց» բանաստեղծական ժողովածուներից: Գրքում տեղ են գտել նաև անտիպ բանաստեղծություններ:",16.0,"Պոեզիա, Ժամանակակից"
710,Անվերջ կրիաներ,Ջոն Գրին,https://zangakbookstore.am/media/products/300x0/5e9c0d4736126182672ca55349e9e915.jpg,https://zangakbookstore.am/anverj-krianer-1,"16-ամյա Ազան երբևէ չէր հետամտել քննելու անհայտ կորած միլիարդատեր Ռասել Փիքեթի առեղծվածը, սակայն հարյուր հազար դոլարը գայթակղիչ է, իսկ նրա լավագույն և ամենաանվախ ընկերուհին՝ Դեյզին, ցանկանում է անպայման այդ հետաքննությունն անել: Այսպիսով, երկուսով դուրս են գալիս Ռասել Փիքեթի որդու՝ Դեյվիսի հետքի վրա: Ազան փորձում է լինել լավ դուստր, լավ ընկեր, լավ ուսանող և գուցե անգամ լավ դետեկտիվ՝ այդ ընթացքում պարփակված լինելով իր սեփական մտքերի, հոգեբանական խնդիրների սեղմող հորձանուտում:",16.0,"Առեղծված, Դրամա"
711,Կեսգիշերի զավակները,Սալման Ռուշդի,https://zangakbookstore.am/media/products/300x0/1ce09bb9cbd2d06d82555601a652c06c.png,https://zangakbookstore.am/kesgisheri-zavaknery,"Բրիտանացիները թողնում են Հնդկաստանը: Նոր առասպել է շողշողում Հնդկաստանի բյուր մշակույթների ու մոգական ծեսերի սրտում: Բենգալացիների ու փենջաբցիների, մադրասցիների ու ջաթերի համընդhանուր երեւակայության մեջ դա անկախության առասպելն է: Գերբնական կեսգիշերի զավակները նույնպես ծնունդ են առնում այս առասպելից, որպեսզի գտնեն իրենց ինքնությունը եւ ի կատար ածեն իրենց առաքելությունը: Սալիմ Սինայը կեսգիշերի զավակներից միակն է, որը որոշում է ապավինել իր գերբնական հատկություններին, որպեսզի իմաստավորի իր կյանքի ժամանակը:",16.0,"Ռոմանս, Ֆանտաստիկա"
712,Ինչ անել,Պաբլո Քաչաջյան,https://zangakbookstore.am/media/products/300x0/8ffb619977612964ef8db56d1b84a727.jpg,https://zangakbookstore.am/inch-anel,,16.0,Unknown
713,Չինական պատ,Նորայր Սարգսյան,https://zangakbookstore.am/media/products/300x0/5bd7c96ea2c8c19cb2a950eda3d12a8f.jpg,https://zangakbookstore.am/chinakan-pat,"«Չինական պատ» պատմվածքների ժողովածուն արձակագիր Նորայր Սարգսյանի առաջին գիրքն է։ Գրքում ընդգրկված են հեղինակի 14 պատմվածքները, որոնք բացահայտում են հերոսին և նրան շրջապատող աշխարհը։ 2018 թվականին գիրքը արժանացել է ՀՀ Նախագահի մրցանակի։",16.0,"Պոեզիա, Կենսագրություն"
714,Լիճը և ուրիշ պատմվածքներ,Ռեյ Բրեդբըրի,https://zangakbookstore.am/media/products/300x0/addba48ef595092141600cd4ec1d6d3d.jpg,https://zangakbookstore.am/lichy-ev-urish-patmvatsqner,"Ռեյ Բրեդբըրիի պատմվածքների այս փոքրիկ ժողովածուն ձեզ կտանի հեղինակի զարմանալի տաղանդով, աղբյուրի պես պարզ լեզվով ու աներեւակայելի երեւակայությամբ ստեղծված յուրօրինակ աշխարհներ... ուր ասես՝ Մարսի անկենդան ավազներում ծվարած` շփոթված, անհանգիստ կայաններից մինչեւ մանկական չիրականացած երազների խորհրդավոր մեկնություններ։",16.0,"Պոեզիա, Կատակերգություն"
715,Անսովոր ուժեր,Լեոպոլդո Լուգոնես,https://zangakbookstore.am/media/products/300x0/6223c09bc4bb3668f336397fc1096ca2.jpg,https://zangakbookstore.am/ansovor-uzher,Գիրքը հրատարակվել է Արգենտինայի հանրապետության Արտաքին հարաբերությունների և պաշտամունքի նախարարության թարգմանությունների աջակցության «Սուր» ծրագրի շրջանակներում։,16.0,"Դրամա, Դետեկտիվ"
716,Հեքիաթ հավերժի,Սաշ,https://zangakbookstore.am/media/products/300x0/4edc8c2a6ce357f845a68ab1e00bd5b8.jpg,https://zangakbookstore.am/heqiat-haverzhi,"Սաշի ստեղծագործությունները մինիատյուրներ են նուրբ ճաշակի համար. <<Հեքիաթ հավերժի>> գրքի բանաստեղծությունները վարակում են իրենց անմիջականությամբ, բանաստեղծական ապրումը շիկացած է և տարերային։ Բնություն, սեր, հայրենի եզերք, հարազատների դիմանկարներ... Սաշը նոր որակ է ստեղծում. դիմադրություն, մարտնչում, խոնարհության մեջ՝ անհնազանդություն, անզսպության մեջ՝ սեր ու նվիրում...",0.0,"Պոեզիա, Ռոմանս"
717,Իմ գրադարանը. Ֆրիկ,Ֆրիկ,https://zangakbookstore.am/media/products/300x0/afddbb8112767170a2ce45beb3a559a9.jpg,https://zangakbookstore.am/im-gradarany-frik,"Միջնադարյան մեծատաղանդ հայ բանաստեղծ Ֆրիկի «Տաղերը» լույս են տեսել «Իմ գրադարանը» մատենաշարով: Ֆրիկից պահպանվել են մոտ 5 տասնյակ բանաստեղծություններ, որոնցից լավագույններն ընդգրկված են համաշխարհային պոեզիայի գանձարանում: Ֆրիկը գրել է ժողովրդին հասկանալի պարզ ու հստակ լեզվով։ Ահա թե ինչպես է հենց ինքը Ֆրիկը գրում իր մասին. «Ֆրիկը հանցեղ պարզ է խօսել, որ ամենայն մարդ իմանայ»:",12.0,"Պոեզիա, Ժամանակակից"
718,Իմ գրադարանը. Վահան Տերյան,Վահան Տերյան,https://zangakbookstore.am/media/products/300x0/80d54cf4dba51946075839968800c4f4.jpg,https://zangakbookstore.am/im-gradarany-vahan-teryan,"Վահան Տերյանը հայ քնարերգության մեջ սկզբնավորել է մի նոր շրջան, որը նպաստել է մեր բանաստեղծական արվեստի հետագա զարգացմանը: Գրել է ավելի քան 400 բանաստեղծություն, շուրջ երեք տասնյակ գրական-քննադատական և հրապարակախոսական հոդված, մի քանի հարյուր նամակ:",12.0,"Պոեզիա, Պատմական գեղարվեստական գրականություն"
719,Իմ գրադարանը. Վախթանգ Անանյան,Վախթանգ Անանյան,https://zangakbookstore.am/media/products/300x0/ac6845e276287da8e07a114d10da29ca.jpeg,https://zangakbookstore.am/im-gradarany-vakhtang-ananyan,«Իմ գրադարանը» մատենաշարը ներկայացնում է Վախթանգ Անանյանի պատմվածքները։ Հեղինակն անմնացորդ սիրով պատկերում է հայրենի բնաշխարհը: Նա խոր պատկերացում է տալիս Հայաստանում երբևէ ապրած և ապրող կենդանիների մասին։,12.0,"Դրամա, Ֆանտաստիկա"
720,Իմ գրադարանը. Վահան Թոթովենց,Վահան Թոթովենց,https://zangakbookstore.am/media/products/300x0/51cc0298fc2fedc9023730efc55092d0.jpg,https://zangakbookstore.am/im-gradarany-vahan-totovents,"«Իմ գրադարանը» մատենաշարով հրատարակվել է Վահան Թոթովենցի ստեղծագործությունների ժողովածուն: Այն ներառում է հեղինակի պատմվածքներն ու վիպակները, ինչպես նաև դիմանկարներ շարքը: Թոթովենցի գրական հարուստ ու բազմաժանր ժառանգությունն իր թեմատիկ ատաղձով և լեզվաոճական մակարդակով մի ուրույն գեղավեստական համակարգ է, որ ձևավորվել է արևմտյան, սփյուռքահայ, խորհրդահայ պայմաններում:",12.0,"Պոեզիա, Կենսագրություն"
721,Իմ գրադարանը. Սիամանթո,Սիամանթո,https://zangakbookstore.am/media/products/300x0/2ae049cec812bee865326e413385ec80.jfif,https://zangakbookstore.am/im-gradarany-siamanto,"Սիամանթոն արևմտահայ քնարերգության անկրկնելի դեմքերից է:
​Սիամանթոյի այս ժողովածուն լույս է տեսել «Իմ գրադարանը» մատենաշարով: «Իմ գրադարանը» մատենաշարի յուրաքանչյուր գրքում ներկայացված են հայ դասական գրողների լավագույն գործերը: Մատենաշարը հասցեագրված է դպրոցականներին, ուսանողներին, մեծահասակ ընթերցողներին և առհասարակ բոլոր նրանց, ովքեր սիրում են հայ գրականությունը:",12.0,"Պոեզիա, Կենսագրություն"
722,Իմ գրադարանը. Ռուբեն Սևակ,Ռուբեն Սևակ,https://zangakbookstore.am/media/products/300x0/87519fac08816b70d62122513d1db4d8.jpg,https://zangakbookstore.am/im-gradarany-ruben-sevak,"Սևակի ստեղծագործությունը վերաբերում է հայկական նեոռոմանտիզմ անվանվող գրական ուղղությանը, սակայն աշխարհայացքով, գեղարվեստական մտածողությամբ ու ոճով ինքնուրույն տեղ է գրավում XXդարի սկզբի արևմտահայ գրական շարժման մեջ։ Սևակը գրել է սիրո, բնության, սոցիալական, ազգային-հայրենասիրական թեմաներով:",12.0,"Պատմական գեղարվեստական գրականություն, Պոեզիա"
723,Իմ գրադարանը. Ռափայել Պատկանյան,Ռափայել Պատկանյան,https://zangakbookstore.am/media/products/300x0/2d8e761a8331ad82e7b76c1f96235b5d.jpg,https://zangakbookstore.am/im-gradarany-rapayel-patkanyan,Ռափայել Պատկանյանը հայ ազգային-հայրենասիրական պոեզիայի հիմնադիրներից է: Ռափայել Պատկանյանի «Արաքսի արտասուքը» բանաստեղծությունը հայ ազգային-ազատագրական քնարերգության գլուխգործոցներից է:,12.0,"Պոեզիա, Պատմական գեղարվեստական գրականություն"
724,Իմ գրադարանը. Պետրոս Դուրյան,Պետրոս Դուրյան,https://zangakbookstore.am/media/products/300x0/c40bffd1635813255fa03d72e9560a10.jpg,https://zangakbookstore.am/im-gradarany-petros-duryan,"Պետրոս Դուրյանը հայ նոր քնարերգության առաջին նշանավոր սիրերգակն է: Նա վերականգնել է միջնադարյան քնարերգության հետ պատմականորեն խզված կապը, հրաժարվել է կլասիցիզմից, բանաստեղծությանը հաղորդել զգացմունքային խորություն, հոգեբանություն:",12.0,"Պատմական գեղարվեստական գրականություն, Պոեզիա"
725,Իմ գրադարանը. Նար-Դոս,Նար-Դոս,https://zangakbookstore.am/media/products/300x0/2e307766522f763cf589acca7e24bf1d.jpg,https://zangakbookstore.am/im-gradarany-nar-dos,"Նար-Դոսն իր գրական գործունեությունն սկսել է XIX դարի 80-ական թվականներին: Սկզբում գրել է բանաստեղծություններ, ապա՝ պատմվածքներ: 1886 թվականից գրել է վեպեր և վիպակներ: Նար-Դոսի լեզուն ժամանակակից հայերենի մի նոր բարձրակետն է, իսկ ստեղծագործությունը՝ հայ արձակի մի նոր աստիճան:",12.0,"Պոեզիա, Ժամանակակից"
726,Իմ գրադարանը. Մուրացան հատոր 2,Մուրացան,https://zangakbookstore.am/media/products/300x0/9acff882fd464ae628f152c47b3688f2.jpg,https://zangakbookstore.am/im-gradarany-muratsan-hator-2,"«Իմ գրադարանը» մատենաշարի սույն հատորով լույս են տեսնում Մուրացանի «Հասարակաց որդեգիրը», «Անդրեաս երեց» և «Խորհրդավոր միանձնուհի» վեպերը: «Անդրեաս երեց» վեպում ներկայացվում է 17-րդ դարի Հայաստանը՝ պարսկական տիրապետության ժամանակաշրջանում: Գլխավոր հերոսը՝ Անդրեաս երեցը նահատակվում է հանուն հայրենիքի և հայադավան եկեղեցու: «Խորհրդավոր միանձնուհի» վեպը ռոմանտիկական իդեալներով տարված միանձնուհու պատմությունն է, ով ձգտում է սոցիալական բարեփոխման ու տոպիստական իր գաղափարներով փոխել ու զարգացնել իր ազգը:",12.0,"Պատմական գեղարվեստական գրականություն, Պոեզիա"
727,Իմ գրադարանը. Միքայել Նալբանդյան,Միքայել Նալբանդյան,https://zangakbookstore.am/media/products/300x0/1fa96b29a3a18cc953c5637301fcd569.jpg,https://zangakbookstore.am/im-gradarany-miqayel-nalbandyan,"Գրող, հրապարակախոս, գրաքննադատ, լուսավորիչ Միքայել Նալբանդյանը հայ իրապաշտական արձակի հիմնադիրներից է: Նրա ստեղծագործությունները մեծապես ազդել են հասարակական մտքի և ազգային գաղափարախոսության ձևավորման վրա:",12.0,"Պատմական գեղարվեստական գրականություն, Պոեզիա"
728,Իմ գրադարանը. Միսաք Մեծարենց,Միսաք Մեծարենց,https://zangakbookstore.am/media/products/300x0/f40d814b14dccb961a6c9587732fc9e0.jpg,https://zangakbookstore.am/im-gradarany-misaq-metsarents,"«Իմ գրադարանը» մատենաշարով լույս է տեսնում Միսաք Մեծարենցի բանաստեղծությունների ժողովածուն: Դրանում տեղ են գտել բանաստեղծի «Բաբախումներ», «Ծիածան», «Նոր տաղեր» շարքի և այլ քնարական բանաստեղծություններ, ինչպես նաև «Ինքնադատության փորձ մը «Ծիածան»-ին առիթով» գրական-քննադատական հոդվածը: Մեծարենցի հերոսը մեծ մարդասեր է, լի է բնության ու կյանքի կարոտով, նա երազում է արդարության ու ներդաշնակ աշխարհի մասին: Մեծարենցը գովերգում և աստվածացնում է բնությունը: Նա բնության պատկերների խորունկ յուրացման միջոցով հիանալիորեն մեկնաբանում է մարդու և բնության փոխհարաբերությունը:",12.0,"Պոեզիա, Ռոմանս"
729,Իմ գրադարանը. Խաչատուր Աբովյան,Խաչատուր Աբովյան,https://zangakbookstore.am/media/products/300x0/b23eb54043b1c6fb11d21e9342b7b2c1.jpg,https://zangakbookstore.am/im-gradarany-khachatur-abovyan,"«Իմ գրադարանը» մատենաշարով լույս են տեսնում Խաչատուր Աբովյանի ստեղծագործությունները, այդ թվում` «Վերք Հայաստանի» վեպը և «Պարապ վախտի խաղալիք» առականին: Աբովյանին միշտ մտատանջել են անհատի և հայրենիքի ճակատագրերը, իր ստեղծագործություններում նա վեր է հանել իրականության գորշ հակադրությունները: «Պարապ վախտի խաղալիք» գրքում տեղ գտած նրա առակները մարդկանց բարոյապես ազնվացնելու փորձեր են: Աբովյանն իր առակներով ծաղրում է հիմար ու անազնիվ մարդկանց: «Վերք Հայաստանի» վեպը հայ նոր գրականության պատմության շրջադարձային կետը դարձավ: Այն արժեքավոր ներդրում է հայ նոր պատմագրության մեջ: «Վերք Հայաստանի» վեպը աշխարհաբար լեզվով առաջին ստեղծագործությունն է: Գրված է 19-րդ դարի հասարակության բոլոր խավերի համար հասկանալի ու մատչելի լեզվով, որն էլ ավելի է բարձրացնում վեպի արժեքն ու գնահատանքը:",12.0,"Պատմական գեղարվեստական գրականություն, Պոեզիա"
730,Իմ գրադարանը. Լևոն Շանթ,Լևոն Շանթ,https://zangakbookstore.am/media/products/300x0/e8184fac9753bcc9353417272ca0d108.jpg,https://zangakbookstore.am/im-gradarany-levon-shant,"Գրող, մանկավարժ և հասարակական գործիչ Լևոն Շանթի ստեղծագործության նշանակությունը հայ գրականության և մշակույթի պատմության մեջ հիմնականում պայմանավորված է նրա դրամատուրգիայով: Նրա գործերում արծարծված են անհատի ու հասարակության փոխհարաբերության, եսի ու անձնազոհության, զգացմունքների ու ազատության տենչանքի, հարափոփոխ ապրումների ու տրամադրությունների խնդիրներ:",12.0,"Դրամա, Պատմական գեղարվեստական գրականություն"
731,Իմ գրադարանը. Հակոբ Պարոնյան,Հակոբ Պարոնյան,https://zangakbookstore.am/media/products/300x0/13c143cd0504fce4783d009fb4ef6678.jpg,https://zangakbookstore.am/im-gradarany-hakob-paronyan,Հակոբ Պարոնյանը հայ երգիծական գրականության ականավոր ներկայացուցիչներից է և համարվում է երգիծաբանության ազգային դպրոցի հիմնադիրը:,12.0,"Երիտասարդական, Պատմական գեղարվեստական գրականություն"
732,Իմ գրադարանը. Դերենիկ Դեմիրճյան,Դերենիկ Դեմիրճյան,https://zangakbookstore.am/media/products/300x0/b522e185717f203113e2994eadb53b7b.jpg,https://zangakbookstore.am/im-gradarany-derenik-demirchyan,"«Իմ գրադարանը» մատենաշարով Էդիթ Պրինտը հրատարակում է Դերենիկ Դեմիրճյանի ստեղծագործությունների ժողովածուն: Նրա բոլոր ստեղծագործություններում նկատելի է մարդկային կյանքի անարդարությունների պատճառը վերհանելու, պարզաբանելու գրողի ձգտումը: Դեմիրճյանի բոլոր հերոսները հոգեբանական կերպարներ են, որոնց միջոցով նա կարողանում է ներկայացնել մարդկային փոխհարաբերությունները` լավ ու վատ դրսևորումներով, ինչպես նաև արտահայտում է իր հումանիստական սկզբունքները: Դեմիրճյանը ստեղծագործել է գրական բոլոր ժանրերով, սակայն ավելի ճանաչված է արձակ գործերով և դրամատուրգիայով:",12.0,"Դրամա, Պոեզիա"
733,Իմ գրադարանը. Դանիել Վարուժան,Դանիել Վարուժան,https://zangakbookstore.am/media/products/300x0/a9ba5cb8a23ec346d2729938951f739a.jpg,https://zangakbookstore.am/im-gradarany-daniel-varuzhan,Դանիել Վարուժանն արևմտահայ քնարերգության ամենաինքնատիպ դեմքերից է: Դ. Վարուժանի ստեղծագործությունը հայ դասական քնարերգության բարձրագույն արժեքներից է և ունի համամարդկային նշանակություն:,12.0,"Պոեզիա, Պատմական գեղարվեստական գրականություն"
734,Իմ գրադարանը. Եղիշե Չարենց,Եղիշե Չարենց,https://zangakbookstore.am/media/products/300x0/9a2f5c334dedd72b8de90ff390461160.jpg,https://zangakbookstore.am/im-gradarany-ekhishe-charents,"Եղիշե Չարենցը հայ բազմադարան գրականության մեծագույն գագաթներից է: Երգել է Հայաստանի ու հայ ժողովրդի ստեղծագործ ուժը, փառապանծ անցյալը, պատմության ողբերգական դրվագները, պայծառ ապագան:",12.0,"Պատմական գեղարվեստական գրականություն, Պոեզիա"
735,Իմ գրադարանը. Գրիգոր Զոհրապ,Գիրգոր Զոհրապ,https://zangakbookstore.am/media/products/300x0/58893dd382679a10c8d3859c83820813.jpg,https://zangakbookstore.am/im-gradarany-grigor-zohrap,"Գրիգոր Զոհրապը բազմաժանր գրող է: Գրել է վեպեր, նորավեպեր, արձակ և չափածո բանաստեղծություններ: Ստեղծագործության մեջ հատկապես առանձնանում է նորավեպը: Նրա երկերը թարգմանվել են 26 լեզվով: Զոհրապը նաև փաստաբան էր, իրավագետ, հասարակական-քաղաքական գործիչ, հրապարակախոս:",12.0,"Պոեզիա, Կենսագրություն"
736,Իմ գրադարանը. Գաբրիել Սունդուկյան,Գաբրիել Սունդուկյան,https://zangakbookstore.am/media/products/300x0/9ca5e5203f2ee0bb131607c64256c18a.jpg,https://zangakbookstore.am/im-gradarany-gabriel-sundukyan,"Գաբրիել Սունդուկյանը հայ թատերագրության ռեալիստական ուղղության սկզբնավորողներից է: Գաբրիել Սունդուկյանի «Պեպոն» հայ ռեալիստական դրամատուրգիայի մնայուն էջերից է, հայկական թատրոնում ամենաշատ բեմադրվող գործերից: Թարգմանվել և բեմադրվել է ռուսերեն, վրացերեն, ադրբեջաներեն, ֆրանսերեն, փոխադրվել է արևմտահայերենի: «Խաթաբալա» կատակերգության մեջ ճշմարտացիորեն պատկերել է բուրժուական հասարակարգը, որտեղ ամեն ինչ ապրանք է, այդ թվում` մարդը, ցույց է տվել փողի թագավորությունը, համատարած կեղծիքն ու խաբեությունը: Գրել է թիֆլիսահայ բարբառով:",12.0,"Պատմական գեղարվեստական գրականություն, Դրամա"
737,Յասմինա Ռեզա․ Պիեսներ,Յասմինա Ռեզա,https://zangakbookstore.am/media/products/300x0/745d966c20c359c95c97d606c1aa3395.jpg,https://zangakbookstore.am/piesner-2,"Առաջին անգամ Հայաստանում և հայերեն լույս են ընծայվում ֆրանսիացի անվանի դրամատուրգ Յասմինա Ռեզայի ամենահայտնի պիեսներից՝ «Սպանդի Աստվածը», «Զրույցներ հուղարկավորությունից հետո», «Ձմեռնամուտ», «Պատահականության մարդը», «Արվեստ», «Կյանքի երեք տարբերակ»: Նրա պիեսների հերոսները հաճախ ներկայանում են այնպիսի իրավիճակներում, որտեղ անհեթեթն ու ծիծաղելին միախառնված են իրար՝ հանդես գալով իբրև բնավորության գիծ կամ իրավիճակներին տրվող արձագանք: Նրա ստեղծագործական շրջանակները բավականին լայն են. այնտեղ ընդգրկվում են տարբեր գրական ժանրերի գործեր՝ թատերգություններ և վեպեր:",16.0,"Կատակերգություն, Պոեզիա"
738,Կամուրջ դեպի Տանյան,Վիոլետ Գրիգորյան,https://zangakbookstore.am/media/products/300x0/70866be2873654ea6c6f107b23bf7a6f.jpg,https://zangakbookstore.am/kamurj-depi-tanyan,Գիրքը Վիոլետ Գրիգորյանի ինտերնետում հրապարակված էսսեների ժողովածուն է:,16.0,"Պոեզիա, Արկածային"
739,Անգլիացի պացիենտը,Մայքլ Օնդաշի,https://zangakbookstore.am/media/products/300x0/3e5dfb4ce4f72714180b2ec4356bc20e.jpeg,https://zangakbookstore.am/angliatsi-patsienty,,16.0,Unknown
740,Ոչ մի շաբաթ առանց սիրո բանաստեղծության,Հայկ Համբարձումյան,https://zangakbookstore.am/media/products/300x0/31905108a3d2042fd31c32f7bee4588f.jpg,https://zangakbookstore.am/och-mi-shabat-arants-siro-banastekhtsutyan,"Սերը բոլոր ժամանակներում արվեստի նախընտրելի թեման է, գրականության հավերժական թեմաներից, որն ամենաբազմազան ձեւերով ու մոտիվներով իրացվում է համաշխարհային պոեզիայում։ Չկա մի հեղինակ, որ սիրո մասին գրած չլինի, եւ թերեւս չկա մի ընթերցող, որ գոնե մի քանի տող չհիշի սիրային որեւէ բանաստեղծությունից։ Սերը կ յանքի շարժիչ ուժն է, եւ սիրո պակասն ու սիրո վայելքը, նաեւ սիրված լինելու երջանկությունն ու սիրելիին բանաստեղծական լեզվով ներկայացնելու, գովերգելու ձգտումը հնագույն ժամանակներից մինչ օրս ներշնչում է բանաստեղծներին։ Ժողովածուն կազմելիս չենք պահպանել նյութերի դասավորության ժամանակագրական սկզբունքը, քանի որ ցանկանում էինք ցույց տալ հայ պոեզիայում սիրո թեմայի տարբեր իրացումները կողք կողքի, ընդգծել դրանց ներքին կապն ու ժառանգորդությունը։Վստահ ենք, որ ընտրանի–նոթատետրի ընթերցանությունը ոչ միայն գեղագիտական մեծ հաճույք կպատճառի, այլեւ կլցնի մեր օրը, շաբաթն ու տարին սիրո գեղեցիկ ապրումներով, սիրո զորության գիտակցությամբ ու նրա ամենակարողության հավատով։",15.0,"Ռոմանս, Կենսագրություն"
741,Ձյան բեռը,Կրիստիան Գե-Պոլիկեն,https://zangakbookstore.am/media/products/300x0/7981f9650b6364c03b73e6df52047e83.jpg,https://zangakbookstore.am/dzyan-bery,"Աշխարհից կտրված գյուղում վթարից տուժած մի երիտասարդ և նրան խնամող ծերունին ցրտաշունչ ձմռանը մաքառում են իրենց գոյությունը պահպանելու համար։ Ձյունաշատ ձմեռվա վառ, խնարական նկարագրություններով հագեցած այս վեպը ասես պատկերում է 90-ականների ցուրտ ու մութ Հայաստանը։",16.0,"Արկածային, Դրամա"
742,Կգան բազում արշալույսներ,Կարինե Աղաբեկյան,https://zangakbookstore.am/media/products/300x0/d9e7951e6635fb80c0711c3a291bd2a1.jpg,https://zangakbookstore.am/kgan-bazum-arshaluysner,Մի շարք դժբախտություններից հետո հերոսուհին որոշում է նոր կյանք սկսել։,18.0,"Երիտասարդական, Դրամա"
743,Ձեռնաշղթաներ մոխրոտի համար,Կարինե Աղաբեկյան,https://zangakbookstore.am/media/products/300x0/a431b9b9ec019a5d3f039422726163b7.jpg,https://zangakbookstore.am/dzernashkhtaner-mokhroti-hamar,"Սա պատմություն է կնոջ և տղամարդու մասին, որոնց հարաբերությունները զարգանում են անկանխատեսելի։",16.0,"Դրամա, Ռոմանս"
744,Անպարտելիները,Ուիլյամ Ֆոլքներ,https://zangakbookstore.am/media/products/300x0/04d10ac96d58cfd6f12deb0a56a48d0b.jpg,https://zangakbookstore.am/anpartelinery,"ԳՐԱԿԱՆ ԿՈԹՈՂՆԵՐ մատենաշարի հերթական հատորը բովանդակում է ամերիկյան արձակի խոշորագույն ներկայացուցիչ Ուիլյամ Ֆոլքների (1867-1962) «Անպարտելիները» վեպը (1937): Երկը մաս է կազմում հեղինակի յոքնապաթոֆյան ասքապատումի, ուր գրողի յուրահատուկ լեզվով ու ոճով արտահայտված են հարավի պատմությունն ու բարքերը: Վեպի առաջին հայերեն հրատարակությունն է՝ թարգմանչի առաջաբանով ու ծանոթագրություններով:",16.0,"Պոեզիա, Կենսագրություն"
745,Խաղաղ աﬔրիկացին,Գրեհեմ Գրին,https://zangakbookstore.am/media/products/300x0/35fb8ad69557f38411f0b05df1a5b6f7.jpg,https://zangakbookstore.am/khakhakh-aﬔrikatsin,"Գրեհեմ Գրինի «Խաղաղ ամերիկացին» վեպը (1955) մի նոր շրջանի սկիզբ է հեղինակի ստեղծագործության մեջ։ Այն գրված է հեղինակի անձնական տպավորությունների հիման վրա։ Նա մի քանի տարի ապրել է Վիետնամում, երբ այդ երկրի ժողովուրդը ազգային-ազատագրական պատերազմ էր մղում ֆրանսիացի գաղութարարների դեմ։ «Խաղաղ ամերիկացին» բազմակողմանի ստեղծագործություն է։ Այստեղ կան արկածային վեպի տարրեր, հոգեբանական դրամա, ռազմական ռեպորտաժ, էրոտիկ էջեր և քաղաքական սուր պամֆլետ։ Սակայն այդ բոլորը մեծ վարպետությամբ օրգանապես միաձուլված են իրար:",16.0,"Կենսագրություն, Դրամա"
746,"Ավագ Էդդա, գերմանասկանդինավյան էպոս",,https://zangakbookstore.am/media/products/300x0/00a1b00bba2ee28685f4e7cfe60ef7e2.jpg,https://zangakbookstore.am/avag-edda-germanaskandinavyan-epos,"Գիրքը գերմանա-սկանդինավյան դիցաբանության հիմքը հանդիսացող գրական հուշակոթողներից կարևորագույնն է և նախատեսված է լայն շրջանի ընթերցողների համար: «Ավագ Էդդա» էպոսի «Երգեր աստվածների մասին» գիրքը կարող է այսուհետ լայնածավալ հետազոտությունների համար պահանջված ձեռնարկ հանդիսանալ: Իսլանդական գրական հուշակոթողները՝ հանձինս էդդաների և սագաների, որոնք իրենց արժանի դիրքերն են ամրագրել համաշխարհային մշակույթի պատմության փառավոր էջերում, անվերապահորեն պետք է իրենց ուրույն տեղը գրավեն և լայն կիրառություն ունենան հայ գրականագիտության ամենաբազմազան ոլորտներում:",16.0,"Պոեզիա, Դրամա"
747,Մոնթոկ Կապտամորուսը,Մաքս Ֆրիշ,https://zangakbookstore.am/media/products/300x0/e8bc047369a3a939ff847f127427bdea.jpg,https://zangakbookstore.am/montok-kaptamorusy,"Մաքս Ֆրիշի «Մոնթոկ» (1975) և «Կապտամորուսը» (1982) վեպերը նրա լավագույն ստեղծագործություններից են: Դրանցից առաջինն ունի ինքնակենսագրական, օրագրային բնույթ, սակայն հեղինակը վարպետորեն վերածում է այն գրական նյութի: Վեպի հերոսը եվրոպացի ինտելեկտուալ է, ով փորձում է հասկանալ սեփական տեղն աշխարհում: Երկրորդ վեպի հիմքում ոչ երիտասարդ տղամարդու՝ բժիշկ Շաադի պատմությունն է, որը հայտնվել է մեղադրյալի աթոռին նախկին կանանցից մեկի սպանության մեղադրանքով: Գործը բարդացնում է այն հանգամանքը, որ ամուսնալուծությունից հետո այդ ինտելեկտուալ կինը իր հյուրերին նաև ինտիմ ծառայություններ էր մատուցում: Դատավարությունը ձեռք է բերում կաֆկայական գծեր:",16.0,"Կենսագրություն, Դրամա"
748,Երկերի լիակատար ժողովածու։ Մովսէս Պչաքճեան,Մովսէս Պչաքճեան,https://zangakbookstore.am/media/products/300x0/c378eb7fee461aad47b12cf71ef84664.jpeg,https://zangakbookstore.am/erkeri-liakatar-zhokhovatsu-14,"«Երկերի Լիակատար Ժողովածու»-ամփոփուած են սփիւռքահայ անուանի գրողի «Կոյս Աւազներ» վէպը (1972), «Առօրեաէն»(1994), «Ստեղնաշար. Չնչին Բաներ, Մեծ Բաներ» (1998-1999) գեղարուեստական օրագրութիւնները:",12.0,"Պոեզիա, Կենսագրություն"
749,Պարսկական նամակներ,Շառլ Լուի Մոնտեսքյո,https://zangakbookstore.am/media/products/300x0/cd4b0e7aa048963bba74584b897585f9.jpg,https://zangakbookstore.am/parskakan-namakner,"Ֆրանսիացի անվանի գրող Շառլ Լուի դը Մոնտեսքյոն՝ 18 –րդ դարի ֆրանսիացի լուսավորիչների ավագ սերնդի ներկայացուցիչը, որն իր այս վեպով դարձավ փիլիսոփայական վեպի ժանրի հիմնադիր, սուր երգիծանքով ու սրամտությամբ շարադրում է իր փիլիսոփայական ու քաղաքական հայացքները՝ արտացոլելով 18-րդ դարի եվրոպական ու արևելյան բարքերի նկարագիրը։",12.0,"Կենսագրություն, Պատմական գեղարվեստական գրականություն"
750,Ֆրանսիական պոեզիա,Թերեզա Ստեփանյան,https://zangakbookstore.am/media/products/300x0/57300b6e3f4d563978e04cf06b3877a1.jpg,https://zangakbookstore.am/fransiakan-poezia,"ժողովածուն ներկայացնում է ֆրանսիական դասական և ժամանակակից պոետների ստեղծագործություններ, ինչպես և ֆրանկաֆոն պոետների (Ալբեր Լոզո, էրվե Մասա և այլք), որոնց գործերին հաճախ է անդրադառնում ֆրանսիական գրական մամուլը։ Գրքում ամփոփված են նաև 19-րդ դարի մեծանուն պոետ Ալֆրեդ Դը Սյուսեի վաղ շրջանի ստեղծագործություններից և «Ինչի մասին են երազում աղջիկները» չափածո կատակերգությունը։",12.0,"Պոեզիա, Ժամանակակից"
751,Դպրոցահասակ Թյորլեսի հոգեխռովքը,Ռոբերտ Մուզիլ,https://zangakbookstore.am/media/products/300x0/a9414c11c0faf6617f7f00115ce78e1b.jpg,https://zangakbookstore.am/dprotsahasak-tyorlesi-hogekhrovqy,Վեպի գլխավոր փիլիսոփայական խնդրադրությունը վիպական հերոսի՝ դպրոցահասակ Թյոռլեսի բախումն է անսահմանության գաղափարի հետ:,16.0,"Դրամա, Պոեզիա"
752,Սիմվոլիզմ 1,Գևորգ Գիլանց,https://zangakbookstore.am/media/products/300x0/87c49eec0ff69ebdbc7ad7cd6c16ffe9.jpg,https://zangakbookstore.am/simvolizm-1,"«Ռուսական բանաստեղծական ժառանգություն 20-րդ դար» մատենաշարի առաջին հատորը ամփոփում է սիմվոլիզմի առավել հայտնի ներկայացուցիչների Կ. Բալմոնտի, Ա. Բլոկի և մյուսների ստեղծագործությունների թարգմանությունները",12.0,"Պոեզիա, Ժամանակակից"
753,Ընտրանի։ Ռազմիկ Դավոյան,Ռազմիկ Դավոյան,https://zangakbookstore.am/media/products/300x0/873d51efdcf6d819ee2fabdd4103cf55.jpg,https://zangakbookstore.am/yntrani-3,,16.0,Unknown
754,Երջանկության աղբանոցը,Մելո,https://zangakbookstore.am/media/products/300x0/129ba280cc3d8ce66ee32ab6ead4be64.jpg,https://zangakbookstore.am/erjankutyan-akhbanotsy,"Վարդագույն քաղաքի ավանդապահ համայնքից վտարված եւ ինքնավտարված «կարգազանց» հերոսները փորձում են նոր կյանք կառուցել քաղաքային գարշահոտ աղբանոցում՝ անվանելով այն «Երջանկության աղբանոց»: Այնտեղ նրանք մի գիշերում ապրում են սիրով եւ ատելությամբ, հուսալքությամբ ու երազանքներով լեցուն մի ամբողջ կյանք, որն ավարտվում է աքլորի ազդարարած լուսաբացով:",16.0,"Ռոմանս, Երիտասարդական"
755,Մարդկայինն ու աստվածայինը,Նվեր Ռոմիա,https://zangakbookstore.am/media/products/300x0/4e465932a93afec06134d1dabce90c42.jpeg,https://zangakbookstore.am/mardkayinn-u-astvatsayiny,,16.0,Unknown
756,Փոփոխության քամի,Աբել Միքայելյան,https://zangakbookstore.am/media/products/300x0/c976be846745b88e7b421b8343c2d947.jpg,https://zangakbookstore.am/popokhutyan-qami,,16.0,Unknown
757,Արևմտյան ճակատում նորություն չկա,Էրիխ Մարիա Ռեմարկ,https://zangakbookstore.am/media/products/300x0/5901fbc3c1a7e293bca9b4026fdbec29.jpg,https://zangakbookstore.am/arevmtyan-chakatum-norutyun-chka,"Գերմանացի աշխարհահռչակ գրող Էրիխ Մարիա Ռեմարկի «Արևմտյան ճակատում նորություն չկա» գիրքը լույս է տեսել 1929 թվականին: Այն պատերազմի մասին պատմող երբևէ ստեղծված ամենավաճառված գրքերից է, որը, ի դեպ, նացիստական Գերմանիայում արգելված գրականության ցանկում է եղել: Ստեղծագործության հերոսները գերմանացի զինվորներն են, գործողությունները ծավալվում են Առաջին համաշխարհային պատերազմի տարիներին: Գրքում ականատեսի սուր աչքով ներկայացված են պատերազմող զինվորիների ապրումները, նրանց կյանքը, հոգեվիճակը, մտքերը:",16.0,"Կենսագրություն, Արկածային"
758,"Հայրիկ, դու խենթ ես",Ուիլյամ Սարոյան,https://zangakbookstore.am/media/products/300x0/71b729fa03acd30793885e1a2f48d9a4.jpg,https://zangakbookstore.am/hayrik-du-khent-es-1,"«Հայրիկ, դու խենթ ես» վիպակը (1957), որ ներկայացվում է վերանայված թարգմանությամբ, Ուիլյամ Սարոյանի գրական ժառանգության մարգարիտներից մեկն է: Տասնամյա տղայի պատումը, միահյուսվելով գրող հոր հետ ծավալվող խորունկ զրույցներին, այս լուսավոր ու իմաստուն գործը դարձնում է կյանքի և աշխարհի տիպիկ սարոյանական մանրակերտ, ըստ էության՝ սեղանի գիրք ամեն տարիքի ընթերցողի համար:",16.0,"Պոեզիա, Կենսագրություն"
759,Աշխարհի եզրը,Մարսելա Փոլեյն,https://zangakbookstore.am/media/products/300x0/bad36a5bd01d78c03b501fa47fda6481.jpg,https://zangakbookstore.am/ashkharhi-ezry,"«Աշխարհի երազը» վեպում ներկայացված է սեփական ընտանիքի պատմությունը՝ 1900-ականներից մինչև 2000-ականները, և հիմնված է հեղինակի դոկտորական թեզի վրա, հրատարակվել է Ավստրալիայում, 2007-ին:",16.0,"Կենսագրություն, Դրամա"
760,Return to Armenia. Վերադարձ դեպի Հայաստան,Ալան Ուայթհորն,https://zangakbookstore.am/media/products/300x0/5ee0fb5debad7c55fbe79cdb02db7959.jpg,https://zangakbookstore.am/return-to-armenia-veradardz-depi-hayastan,"This bilingual collection of personal and political poems expresses the enduring, painful legacy of the Armenian Genocide. It reveals the survivors' trauma and the separation and fragmentation of life in the Diaspora. The book also takes the reader on an intellectual odyssey to the four points of the compass of the author's ancestral homeland. In the later sections, some of the challenges facing contemporary Armenian society are explored and the quest for identity in a complex and cosmopolitan world posed.",16.0,"Պատմական գեղարվեստական գրականություն, Արկածային"
761,Երեք քաղաք,Ծովինար Բանուչյան,https://zangakbookstore.am/media/products/300x0/64212affc5df9f86a1b880d0bf07e06b.jpg,https://zangakbookstore.am/ereq-qakhaq,,16.0,Unknown
762,Շունչ արտաշունչ,,https://zangakbookstore.am/media/products/300x0/dd1b553479706236999fd02cccdbdae4.jpg,https://zangakbookstore.am/shunch-artashunch,,16.0,Unknown
763,Զուլալի,Նարինե Աբգարյան,https://zangakbookstore.am/media/products/300x0/db0493607143da3a75b8ff08e69195db.jpg,https://zangakbookstore.am/zulali-1,"Այս գիրքը ժամանակի ընթացքը չնկատող, ճախրելուց չվախեցող եւ անգամ ողբերգականի մեջ զվարճալին գտնող մարդկանց դառն ու ուրախ աշխարհի մասին է: Տարեցների ու երեխաների, չափահասների ու հավատը կորցրած, բայց չհուսահատված մարդկանց աշխարհի՝ մեկընդմիշտ մխրճված այն չափման մեջ, որտեղ երա զանքները երբեւէ անպայման իրականություն են դառ նում...",16.0,"Կատակերգություն, Դրամա"
764,Կապույտ հայացք,Հայկ Հարությունյան,https://zangakbookstore.am/media/products/300x0/4cde7827a4bba69a13d384a31f401de8.jpg,https://zangakbookstore.am/kapuyt-hayatsq,"Վեպը Ռոք անունով մի կնոջ մասին է, ով ապրում է հոգեբուժարանում և իր անցյալի ու ապագայի մասին մտորումներում փորձում է գտմել իր ներկան, բացահայտել իր իրական եսը։",16.0,"Դրամա, Կենսագրություն"
765,Ալմա,Բենիտո Պերես Գալդոս,https://zangakbookstore.am/media/products/300x0/37ee349831ebf8e25b0fe36e684d6933.jpg,https://zangakbookstore.am/alma,"""XIX դարի իսպանացի մեծագույն գրող Բենիտո Պերես Գալդոսի այս վեպը (1895) «հոգևոր վեպեր» կոչվող շարքից է: Բարեպաշտության, գթասրտության, առաքինության և հնազանդության տիպար Ալմա-Լոտեմբերգի կոմսուհի Կատալինա դե Արտալը, կորցնելով սիրելի ամուսնուն, որոշում
է բարեգործությանը նվիրվել: Դժգոհ լինելով ժամանակի    հասարակական կարգից և ազնվական դասից, որին պատկանում է և ինքը, նա միտք է հղանում յուրահատուկ կրոնական-գյուղատնտեսական համայնք ստեղծել և իր նպատակին հասնելու համար համառ պայքարի
մեջ է մտնում ազնվական դասի դեմ:""",16.0,"Կենսագրություն, Դրամա"
766,Դեղին ծաղիկ,Խուլիո Կորտասար,https://zangakbookstore.am/media/products/300x0/cfd238d5fe16f0b394fb802d123ee1f8.jpg,https://zangakbookstore.am/dekhin-tsakhik,"""Արգենտինացի գրող Խուլիո Կորտասարը մոգական
ռեալիզմի ամենահայտնի ներկայացուցիչներից
է, որի արձակի կարևոր տարրերից են իրականության և ֆանտաստիկայի
փոխներթափանցումը, մարդու և տիեզերքի
ներդաշնակության ձգտումը:
Նա միշտ անսպասելի է և արտասովոր
։""",16.0,"Գիտական ​​ֆանտաստիկա, Ֆանտաստիկա"
767,Աղախնի պատմությունը,Մարգրեթ Աթվուդ,https://zangakbookstore.am/media/products/300x0/3c307f343a71a35100ecdf4c9cee9f98.jpg,https://zangakbookstore.am/akhakhni-patmutyuny,"Ժամանակակից ամենահայտնի գրողներից մեկի՝ Մարգրեթ Աթվուդի «Աղախնի պատմությունը» վեպը ոչ միայն 20-րդ դարի ամենանշանավոր գրական ստեղծագործություններից է, այլև սարսափազդու, բայց և իրատեսական նախազգուշացում հավանական ապագայի մասին: Ի՞նչ տեղի կունենա, եթե իշխանության գան կրոնական ծայրահեղականները: Ինչպե՞ս կփոխվի աշխարհը, եթե կանայք սկսեն համարվել միայն ու միայն սերունդը շարունակելու միջոց՝ իշխող տղամարդկանց համար: Աթվուդը, մեծագույն վարպետությամբ միահյուսելով իրականությունն ու հորինվածքը, ստեղծում է դիստոպիկ ապագայի մի համոզիչ պատկեր, որն իրավամբ դասվում է մեր ժամանակի հզորագույն և ամենաընթերցվող վեպերի շարքում:",16.0,"Կենսագրություն, Պատմական գեղարվեստական գրականություն"
768,Ամոթ,Սալման Ռուշդի,https://zangakbookstore.am/media/products/300x0/c8233466adebeb5794a8cbc3ec158950.jpg,https://zangakbookstore.am/amot,"«Ամոթ» վեպի հիմքում Պակիստանի նորագույն պատմության իրական իրադարձություններն են, բայց հեղինակն ինքը այն անվանում է նոր տիպի հեքիաթի պես մի բան, որ ներկայացնում է իրականության դիցաբանական և պատմական ընկալումը։
Սա խոստովանանք չէ, մեղադրական պամֆլետ չէ, ընտրյալների համար ինտելեկտուալ կոկտեյլ չէ: Այստեղ կյանքն է, ինչպես որ կա՝ կատարվածի ամբողջ խելագարությամբ և անիրականությամբ.
անպիտան ծնողներ և «փոքր մարդիկ», մեծ հավակնություններ ու կոտրված սրտեր, կոռումպացված կամ գաղափարական քաղաքական գործիչներ, արյուն, պատերազմ, էժան զանգվածային մշակույթ և ամեն տիպի ու գունավորման պաշտամունքներ: Պատմությունը
երեք ընտանիքի մասին է՝ խենթ ու խիզախ գեներալի, բուռն անցյալ ապրած հավակնոտ քաղաքական գործչի և հիպնոսացնող
բժշկի: Այս երեքի ճակատագրերը սերտորեն միահյուսված են, և յուրաքանչյուրում
կա յուրահատուկ զրնգուն մի թել՝ նրանց կողքին
կանգնած կնոջ թելը:
Գրողի երևակայությունն աննկարագրելի և անկաշկանդ է, դրանում փոթորկվում են դարաշրջաններն ու իրադարձությունները, ճակատագրերը, մարդիկ, կենդանիները, աստվածներն ու հրեշները: Այս գիրքը էպիկական։",16.0,"Կենսագրություն, Թրիլլեր"
769,Վիճակախաղ,Խուլիո Կորտասար,https://zangakbookstore.am/media/products/300x0/9b04c3c05dfe10b8ffeb470ba8ba9ead.jpg,https://zangakbookstore.am/vichakakhakh,"Վեպի գործողությունները ծավալվում են նավի վրա, ուր հավաքված մարդիկ վիճակախաղով շահել են հեռավոր ճանապարհորդության իրավունք։
Ուղևորներին ինչ-ինչ պատճառներով չեն հայտնում, թե ուր են ուղևորվում, և յուրաքանչյուրի
առջև հարց է ծառանում՝ ենթարկվել նավի
հրամանատարությա՞նը, թե՞ պարզել խորհրդավոր
արգելքի պատճառները:",16.0,"Դետեկտիվ, Առեղծված"
770,Վերադարձ,Գոլի Թարաղի,https://zangakbookstore.am/media/products/300x0/f9b843f79d41b5ebb65ceb91126ecdf3.jpg,https://zangakbookstore.am/veradardz,"Անցյալի ու ներկայի ճիրաններում հայտնված հերոս, իրար շղթայված երկու աշխարհ՝ գեղեցիկ ու գրավիչ Փարիզ և հետհեղափոխական Թեհրան: Շարունակ իր գիրկը կանչող անհոգ մանկություն, հոգին ծվատող կարոտ, հայրենաբաղձություն ու ուծացում,  դավաճանություն ու մենություն: Կկարողանա՞ հերոսը դուրս գալ այդ կապանքներից, փախչել հոգեպես ու ֆիզիկապես, գտնել իր կորսված երջանկությունը: Ո՞րն է փախուստի և վերադարձի ոսկե սահմանը: Կկարողանա՞
հերոսն արդյոք գտնել այն: Գոլի Թարաղիի «Վերադարձ» վեպը տալիս է այս հարցերի պատասխանը: Այն գիրք է մեր օրերի մարդու ներաշխարհի ամենաթաքուն, ամենալուռ ու կողպված անկյունների մասին: Այն ոգու  ամենանուրբ լարերին դիպչող տեղծագործություն է:",16.0,"Ֆանտաստիկա, Կատակերգություն"
771,Ենթադրենք անունս Գանթենբայն է,Մաքս Ֆրիշ,https://zangakbookstore.am/media/products/300x0/e99bda64da6ff53e5095bbc6ddd630cd.jpg,https://zangakbookstore.am/entadrenq-anuns-gantenbayn-e,"Շվեյցարացի գրող Մաքս Ֆրիշի «Ենթադրենք անունս Գանթենբայն է» վեպը XX դարի մոդեռնիստական գրականության գլուխգործոցներից է: Այստեղ Ֆրիշը դիտարկում է մարդու կյանքի բազմատարբերակությունը: Ինչպես գրում է  հեղինակը՝ ամեն մարդ ուշ թե շուտ իր համար հնարում է պատմություն, որը համարում է իր կյանքը: Իսկ իրականում կարելի է ապրել միայն մեկ կյանք, իսկ մյուսը՝ զուտ երազանքներում: Իսկության և անիրականության, իրականի և հնարածինի հարաբերակցության խնդիրն է ներկայացված վեպում:",16.0,"Դրամա, Ժամանակակից"
772,Թրեյսիի վագրը,Ուիլյամ Սարոյան,https://zangakbookstore.am/media/products/300x0/2fd988a5057a6043d304b8927f571dc9.jpg,https://zangakbookstore.am/treysii-vagry,"«Թրեյսիի վագրը» հռչակավոր վիպակի (1951)՝ տիպիկ սարոյանական աշխարհազգացողությամբ
և փոխաբերական շնչով տոգորված մի մոգական սիրային ոդիսականի կողքին այս հատընտիրն ընդգրկում է 1930-ականներին գրված երեք տարաբնույթ, բայց հավասարապես հրաշալի պատմվածք: Բոլորը գործերը ներկայացվում են վերանայված թարգմանությամբ:",12.0,"Ռոմանս, Կատակերգություն"
773,Հազար չքնաղ արևներ,Խալեդ Հոսեյնի,https://zangakbookstore.am/media/products/300x0/fbe25a5b34eca31e584a4435ba085804.jpg,https://zangakbookstore.am/hazar-chqnakh-arevner,"2007 թվականին լույս տեսած այս վեպը անկեղծ ու հուզիչ գիրք է Աֆղանստանի ոչ վաղ անցյալի մասին` այս անգամ կանանց աչքերով: Վեպի հիմնական թեման Աֆղանստանում կանանց իրավունքների ոտնահարումն է, նրանց հանդեպ բռնությունն ու դաժանությունը: Զրուցելով Քաբուլի բազմաթիվ կանանց հետ և լսելով նրանց հոգեկեղեք պատմությունները՝ Հոսեյնին գրել է «Հազար չքնաղ արևները» և նվիրել այն Աֆղանստանի կանանց: Վեպը օգնում է ավելի լավ հասկանալու Աֆղանստանի դժնդակ պատմությունը, մշակույթն ու ժառանգությունը, իսկ անմարդկային պայմաններում ապրող ժողովրդի հերոսությունը կարող է միայն հիացմունք առաջացնել:",16.0,"Դրամա, Կատակերգություն"
774,Թուղթ ու գրի ոգիներ: Գրաշարի կնոջ օրագրից,Ալվարդ Ջիվանյան,https://zangakbookstore.am/media/products/300x0/5019975e0f300742c07151aa8a5a9965.jpg,https://zangakbookstore.am/tukht-u-gri-oginer-grashari-knoj-oragrits,"«Թուղթ ու գրի ոգիները» յուրահատուկ ամփոփ դիցաբանական բառարան է: Այն ներկայացնում է գրեղեն ոգիների մի ամբողջ անձնակազմ, որի ներկայացուցիչներից յուրաքանչյուրին հեղինակն օժտել է ուրույն դիմանկարով, հատկացրել որոշակի դեր և գործառույթ:",12.0,"Կենսագրություն, Ֆանտաստիկա"
775,Արձանագրությունը,Ժան-Մարի Գյուստավ Լը Կլեզիո,https://zangakbookstore.am/media/products/300x0/cf89f4960280ba68f96dae6187e7193d.jpg,https://zangakbookstore.am/ardzanagrutyuny,"Ադամ Պոլլոն ծովն է նետում իր մոտոցիկլետը և պատսպարվում բլրի գագաթին գտնվող լքված տանն ու միայնության մեջ փորձում է արձանագրել իր բոլոր մտորումները մարդ–աշխարհ, մարդ–հասարակություն, կին տղամարդ փոխհարաբերությունների վերաբերյալ։ Ադամն ընդվզում է հասարակության կողմից ստեղծված անհեթեթ, ձևապաշտական օրենքների դեմ ու փորձում հասկանալ, թե ինքն ով է՝ խե՞նթ, թե՞ դասալիք ։ Բլրի գագաթից դեպի մարդկանց հասարակություն իջնելու նրա փորձերը անսպասելի կամ, թերևս, սպասելի ավարտ են ունենում…",16.0,"Դրամա, Թրիլլեր"
776,Արևահարություն,Իվան Բունին,https://zangakbookstore.am/media/products/300x0/b0cc5cfc6395eb4a83ecabae83c60b40.jpg,https://zangakbookstore.am/arevaharutyun,,16.0,Unknown
777,Չաստվածաշունչ,Հովիկ Աֆյան,https://zangakbookstore.am/media/products/300x0/a0a9edd6af993ee8320163d55d6bd6a3.jpg,https://zangakbookstore.am/chastvatsashunch,,16.0,Unknown
778,Մետաքս,Ալեսսանդրո Բարիկկո,https://zangakbookstore.am/media/products/300x0/727e9933d6aa6e0f9e9d664f1e74c6a1.jpg,https://zangakbookstore.am/metaqs,,16.0,Unknown
779,Մայրենիք: Հիմն,Արմեն Օհանյան,https://zangakbookstore.am/media/products/300x0/c223fdac1a409d7f613e37db449ada52.jpg,https://zangakbookstore.am/mayreniq-himn,,16.0,Unknown
780,Կոնբինիի մարդը,Սայակա Մուրատա,https://zangakbookstore.am/media/products/300x0/357f8ce207665451a99352593bf1b017(1).jpg,https://zangakbookstore.am/konbinii-mardy,"Փոքրիկ, սակայն հրաշալի պատմություն այն մասին, թե ինչպես է մարդու ներքին ներդաշնակությունը կասկածի տակ դնում և ոչնչացնում ոչ թե նա ինքը, այլ միջավայրը, որն ապրում է կարծրատիպերով: Սայակա Մուրատան իր հերոսին ներկայացնելու շատ հետաքրքիր դիտանկյուն է ընտրել: Սովորաբար վեպերը կառուցվում են հենց այդ ներդաշնակության որոնումների և ի վերջո գտնելու սկզբունքով: Ճապոնացի հեղինակը, սակայն, պատմում է մի աղջկա մասին, որն իրեն լավ է զգում սեփական մաշկի մեջ, քանի դեռ չի բախվում հասարակության անըմբռնողությանը: Մարդիկ չեն կարող հասկանալ, թե ինչու է նա մենակ ապրում, ինչու չի գտնում մշտական աշխատանք, իսկ նա իր հերթին չի հասկանում՝ ինչպես իրեն պահի, որ արդարացնի ընտանիքի և ընկերների ակնկալիքները:",16.0,"Դրամա, Թրիլլեր"
781,Նեղ դուռը,Անդրե Ժիդ,https://zangakbookstore.am/media/products/300x0/f9d3f989e4858b30f16c43625d5cf050.jpg,https://zangakbookstore.am/nekh-dury,,16.0,Unknown
782,Այլ Ամստերդամ,Դաթո Տուրաշվիլի,https://zangakbookstore.am/media/products/300x0/d13445adb1655b94252ad599ce50c503.jpg,https://zangakbookstore.am/ayl-amsterdam,"Վրացի ժամանակակից արձակագիր Դաթո Տուրաշվիլիի «Այլ Ամստերդամ» վեպը յուրօրինակ հետաքննություն է: Գնալով պաշտոնական մակարդակով շրջանառվող Պատմության հետքերով՝ հեղինակը հայտնաբերում է շատ կարևոր փաստաթղթեր, որոնք օգնում են նորովի և բոլորովին այլ կողմերից ներկայացնել ոչ միայն իր պապի, այլև բազմաթիվ այլ վրացիների կյանքի պատմությունը:",16.0,"Կենսագրություն, Դրամա"
783,Մենակի ծնուշ,Էդուարդ Հարենց,https://zangakbookstore.am/media/products/300x0/90e3d18f3181445a502092256f488d37.jpg,https://zangakbookstore.am/menaki-tsnush,,16.0,Unknown
784,Ջհանդամում: Հեղեղ,Եվգենի Զամյատին,https://zangakbookstore.am/media/products/300x0/78d8a62b149d4dda5884d10728baa81e.jpg,https://zangakbookstore.am/jhandamum-hekhekh,"Գրքում ներկայացված է ռուս ինքնատիպ արձակագիր, դրամատուրգ, քննադատ և հրապարակախոս Եվգենի Զամյատինի (1884-1937) երկու ստեղծագործություն՝ «Ջհանդամում» վիպակը և «Հեղեղ» պատմվածքը: Եվգենի Զամյատինի ստեղծագործության հիմքում ռուս մարդու խառնվածքի գրական – գեղարվեստական իմաստավորման գաղափարն է: Նրա ստեղծագործություններում համադրվում են երևակայականն ու կենցաղայինը, սիմվոլիկայի սինթետիկ կերպավորումը, գեղարվեստական- փիլիսոփայական փորձը:",16.0,"Դրամա, Պոեզիա"
785,Կարճ նամակ երկար հրաժեշտից առաջ,Պետեր Հանդքե,https://zangakbookstore.am/media/products/300x0/c8090ad7652b729e16d468b3d76ee150.jpg,https://zangakbookstore.am/karch-namak-erkar-hrazheshtits-araj,,16.0,Unknown
786,Վերջին փորձությունը,Նիկոս Կազանձակիս,https://zangakbookstore.am/media/products/300x0/f2cf3d047c8de91bade7b15e649bdbf8.jpg,https://zangakbookstore.am/verjin-pordzutyun,"Առաջին բնագրային հրատարակությամբ 1955 –ին լույս տեսած «Վերջին փորձությունը», որ գլուխգործոցի համարում ունի, հույն խոշորագույն գրող Նիկոս Կազանձակիսի ամենաճանաչված վեպերից է: Հիսուս Քրիստոսի ավետարանական կյանքի այս վիճահարույց մեկնությունը ինչպես դրվատանքի, այնպես էլ դատապարտման առարկա է դարձել: Գրքի արգելումը Վատիկանի կողմից և Մարտին Սկորսեզեի նույնքան վիճահարույց կինոտարբերակը (1988) վեպին վերջնականապես համաշխարհային համբավ բերեցին:",18.0,"Պոեզիա, Կենսագրություն"
787,Սպանություն Արևելյան ճեպընթացում,Ագաթա Քրիստի,https://zangakbookstore.am/media/products/300x0/def0323157b86fa134955323cd2b6d8a.jpg,https://zangakbookstore.am/spanutyunner-arevelyan-chepyntatsum,"«Սպանություն Արևելյան ճեպընթացում» վիպակը համարվում է Ագաթա Քրիստիի լավագույն ստեղծագործություններից մեկը։ Գլխավոր հերոսը Էրքյուլ Պուարոն է, որն իր մասնագիտական հմտությունների և ճկուն տրամաբանության շնորհիվ բացահայտում է չափազանց հետաքրքրական մի հանցագործություն։ Վեպը առաջին անգամ հրատարակվել է 1934 թվականին Մեծ Բրիտանիայում։

«Դետեկտիվի թագուհի» Ագաթա Քրիստիի պատկերավոր սպանությունների առեղծվածները տասնամյակներ շարունակ հետապնդել են ընթերցողներին: Նրա գրքերը հրատարակվել են ավելի քան 2 միլիարդ տպաքանակով և թարգմանվել են աշխարհի շուրջ 100 լեզուներով: Ագաթա Քրիստին գրանցված է Գինեսի համաշխարհային ռեկորդների գրքում՝ որպես բոլոր ժամանակների ամենավաճառված վիպագիրը: Նա նաև աշխարհի ամենաշատ թարգմանված հեղինակն է՝ առաջ անցնելով Ժյուլ Վեռնից և Ուիլյամ Շեքսպիրից: Բոլոր ժամանակների ամենախորհրդավոր պատմություններն ու կերպարները կերտած այս բրիտանացի վիպասանը աշխարհին նմանը չունեցող ժառանգություն է թողել:",16.0,"Կենսագրություն, Գիտական ​​ֆանտաստիկա"
788,Ռոմեո և Ջուլիետ,Ուիլյամ Շեքսպիր,https://zangakbookstore.am/media/products/300x0/c311a8a854e4f7ca6b3186d612a5193f.jpg,https://zangakbookstore.am/romeo-ev-juliet-1,"Շեքսպիրի «Ռոմեո և Ջուլիետ»–ի այս պատկերազարդ հրատարակությունն ընդգրկում է ողբերգության նոր թարգմանություն անգլերեն բնագրից, գիտական մանրակրկիտ ծանոթագրություններ ու ընդարձակ առաջաբան, որտեղ քննարկվում են երկի աղբյուրներին, գրության ժամանակին, առաջին տպագիր օրինակներին, բովանդակությանն առնչվող և այլ խնդիրներ:",16.0,"Պոեզիա, Պատմական գեղարվեստական գրականություն"
789,P/F,Արամ Պաչյան,https://zangakbookstore.am/media/products/300x0/5acacf2cd0d364660f414cf9b1f88ae5.jpg,https://zangakbookstore.am/p-f,,16.0,Unknown
790,Անաստված Կինո Թատրոն,Գևորգ Տեր-Գաբրիելյան,https://zangakbookstore.am/media/products/300x0/197d82c81383a2d52a38e9abfe4aea04.jpg,https://zangakbookstore.am/anastvats-kino-tatron,Գիրքը պարունակում է Գևորգ Տեր-Գաբրիելյանի 2012-2017 թթ. գրված և մասամբ հրապարակված ստեղծագործությունները:,16.0,"Պոեզիա, Պատմական գեղարվեստական գրականություն"
791,Նստիր Ա գնացքը,Գուրգեն Խանջյան,https://zangakbookstore.am/media/products/300x0/be33ca874de555aa23b3256d19f9c190.crdownload,https://zangakbookstore.am/nstir-a-gnatsqy,Այս վեպը հոգեբանական փակ տարածություններ հաղթահարող անհատի հերթական փորձության վկայագրություն է:,16.0,"Դետեկտիվ, Դրամա"
792,Դմբո Ջոյսը,Անրի Գրիգորյան,https://zangakbookstore.am/media/products/300x0/c2856240da265f721ff5216a19c41d30.jpg,https://zangakbookstore.am/dmbo-joysy,"Անրի Գրիգորյանի պատմվածքներում անցյալից դեպի ներկա ընդհատումներով հոսող պատկերներն են, հիշողություններն ու ապրումները, որոնք ներխառնվելով ներկայի իրականությանը, դառնում են մի ներդաշնակ ամբողջություն, ինքնաճանաչողություն՝ ցույց տալով հերոսի ապրումների նյութական արմատներն ու ներկայի ճակատագիր դառնալը:",16.0,"Դրամա, Կատակերգություն"
793,Խենթը։ Խալիլ Ջիբրան,Խալիլ Ջիբրան,https://zangakbookstore.am/media/products/300x0/48f80696f933cfe1170048dd86a85710.jpg,https://zangakbookstore.am/khenty,"Գիրքը բաղկացած է կարճ էսսեներից և բանաստեղծություններից` մարդու հավատքի, ձգտումների և ունայնության մասին:",16.0,"Դրամա, Թրիլլեր"
794,Ժամադրություն. Պատմվածքների ժողովածու,Արտավազդ Եղիազարյան,https://zangakbookstore.am/media/products/300x0/b708b18a22312d2456eae98f7e1b6d19.jpg,https://zangakbookstore.am/zhamadrutyun-patmvatsqneri-zhokhovatsu,«Ժամադրություն»-ը Արտավազդ Եղիազարյանի պատմվածքների անդրանիկ ժողովածուն է։,16.0,"Պոեզիա, Կենսագրություն"
795,"Պիեսներ Ադաջիո, Հրեշուհին, Տրտում սերեր",Էմանուել Դելլե Պիանե,https://zangakbookstore.am/media/products/300x0/38cec7bfad526394a69213953329c4fa.jpg,https://zangakbookstore.am/piesner-adajio-hreshuhin-trtum-serer,"Էմանուել դելլե Պիանեն մի քանի տասնյակ թատերախաղերի հեղինակ է, որոնք բեմադրվում ու ներկայացվում են Ֆրանսիայում, Շվեյցարիայում, Բելգիայում, Իտալիայում, Հայաստանում, Լեհաստանում, Կանադայում և այլուր: «Պիեսներ» ժողովածուն ընդգրկում է դրամատուրգի երեք լավագույն գործերը՝ «Տրտում սերեր կամ Արագոտնության դպրոցը», «Հրեշուհին», «Ադաջիո», որոնք շնորհիվ իրենց դինամիզմի, մարդկայնության ու նաև հումորի, ընթերցվում են մեծ բավականությամբ։ Գիրքը հեղինակի գործերի հայերեն առաջին հրատարակությունն է։",18.0,"Պոեզիա, Կենսագրություն"
796,Սալաթ կրակոցներով կոմիքս,Մարինե Պետրոսյան,https://zangakbookstore.am/media/products/300x0/a3a0bf536e4059c04aa9da73e1f22a2d.jpg,https://zangakbookstore.am/salat-krakotsnerov-komiqs,,16.0,Unknown
797,Այծերգություն,Կոնստանտին Վագինով,https://zangakbookstore.am/media/products/300x0/6eedb4b356a4f270f9b2acb57e30a578.jpeg,https://zangakbookstore.am/aytsergutyun,"Վրանգլերը քշվեց, և հրահանգ ստացավ առ այն, որ համալսարանում տասից ոչ պակաս մարքսիստ լիներ: Այն ժամանակ մարքսիստներ չգտնվեցին, նրանք բոլորը զբաղված էին ճակատում: Եվ համալսարանը փակվեց: Փակվեցին պահեստախանութում տեղակայված լսարանները, ավարտվեցին հանդիսավոր նիստերն ու արտասովոր դասախոսությունները կանանց գիմնազիայի նիստեր դահլիճում:",16.0,"Երիտասարդական, Դրամա"
798,Դոն Կիխոտի օրագիրը,Տիգրան Պասկևիչյան,https://zangakbookstore.am/media/products/300x0/df7c4e310e0c69dc0e448f6eec1d9652.jpg,https://zangakbookstore.am/don-kikhoti-oragiry,"Մի հարցազրույցում սերբ գրող Միլորադ Պավիչը՝ խոսելով անցյալի մասին, ասում էր, թե այն պետք է բացահայտել ճիշտ Ժամանակին, քանի որ անցյալը նույնպես ունի պիտանելիության ժամկետ, որը կարող է սպառվել: Պիտանելիության այդ ժամկետը մեկը մեկին համընկնում է ստուգելիության հնարավորության հետ: Որքան ստուգելի է անցյալը, այնքան հավաստի է պատմությունը։ Որքան հավաստի է պատմությունն, այնքան անցյալն ավելի քիչ է ցավ պատճառում: Իսկ հորինվածքը թմրադեղի պես է` քիչն ընդարմացնում է, շատը` սպանում:",16.0,"Դրամա, Դետեկտիվ"
799,"Արև, արև",Փայլակ Միքայէլեան,https://zangakbookstore.am/media/products/300x0/58df9ee4bbd0db1abaa311a8497c54b6.jpeg,https://zangakbookstore.am/arev-arev,,16.0,Unknown
800,Վտանգավոր լռություն,Հարրի Կումրույան,https://zangakbookstore.am/media/products/300x0/db75d8c9c4952095e12b9f7cba39ed4d.jpg,https://zangakbookstore.am/vtangavor-lrutyun,"Այդ բարձրության վրա, այդ զուսպ ու խոժոռ բնապատկերում, իր մանկության Լեմանից այնքան տարբեր այս լճի հանդիման, հանդարտության մի զգացում պատեց Ժոզեֆին ու խաղաղությունը եկավ փոխարինելու նրա անհանգստությանը: Մինչ այժմ նա դժվարությամբ հավաքել էր իր նախնիների կտակած ցիրուցան բեկորները: Երբեմն ցածրաձայն ասում էր ինքն իրեն. «Այդ վառվոց ջահը չեմ ուզում վերցնել...» Սակայն այդ երեկո, Սևանա լճի ափին, նա գտել էր ներքին երկիրը, որ վաղուց էր փնտրում: Հայաստանը, իր Հայաստանը, տրոփում էր իր երակներում, ավելի ուժգին, քան իրականությունը, պակաս ծանր, քան անցյալը: Այսուհետ ողբերգությունը կարող էր նահանջել:",16.0,"Դրամա, Կատակերգություն"
801,Կենաց համբույր Չստացված նամակներ,Անահիտ Ավետիսյան,https://zangakbookstore.am/media/products/300x0/9716aeeb810e8d4403e677598c5be012.jpg,https://zangakbookstore.am/kenats-hambuyr-chstatsvats-namakner,,16.0,Unknown
802,Հոգու կղզին Երգիչ քահանայի գիշերը,Դեննի Դոնիկյան,https://zangakbookstore.am/media/products/300x0/d9955549cb004003fc8962518b25eb67.jpg,https://zangakbookstore.am/hogu-kkhzin-ergich-qahanayi-gishery,,16.0,Unknown
803,Աղբաստան Վեպ հարցականներով,Դեննի Դոնիկյան,https://zangakbookstore.am/media/products/300x0/3ae3cb48b1c79fc876c22c2d36370482.jpg,https://zangakbookstore.am/akhbastan-vep-hartsakannerov,,16.0,Unknown
804,Աղբաստան,Դեննի Դոնիկյան,https://zangakbookstore.am/media/products/300x0/96f2980c4cac666acf54574eb247fa6a.jpg,https://zangakbookstore.am/akhbastan,"Գերեզմանատան եւ քաղաքային աղբանոցի միջեւ, Մասիս սարի ստորոտին, պատմության անիծյալները կերտված` այսօրվա Հայաստանի, թե՞ մշտնջենական մարդկային ճակատագրի ցնցող մի այլաբանություն: Ինչ-որ տեղ Շեքսպիրի, Բեկետի եւ Հրաբալի արանքում հուժկու, քնարական, բեմական, սրբազանց մի ձայն, քաղաքական մի վեպ՝ Էքզիստենցիալ մռայլ զավեշտախաղի հովերով:",16.0,"Կենսագրություն, Պատմական գեղարվեստական գրականություն"
805,Մի ապրիլ ամիս Ադանայում,Դանիել Արսան,https://zangakbookstore.am/media/products/300x0/5620fc42e03e8ea2bdfe1ad9ffd08025.jpg,https://zangakbookstore.am/mi-april-amis-adanayum,,16.0,Unknown
806,Գիրք Դիոցազներգութեանց,Կոստան Զարյան,https://zangakbookstore.am/media/products/300x0/f9f2af3bf2400c41a89d9c59e20e758a.jpg,https://zangakbookstore.am/girq-diotsaznerguteants,Մատենաշարի հերթական հատորը Բովանդակում է Կոստան Զարեանի «Գիրք Դյուցազներգութեանց» չափածո նշանավոր երկը:,16.0,"Պոեզիա, Կենսագրություն"
807,Հանդիպակաց ափեր,Աբրահամ Ալիքյան,https://zangakbookstore.am/media/products/300x0/2a1359bd18235cb7d1a2b7e5b0e65795.jpg,https://zangakbookstore.am/handipakats-aper,"Բանաստեղծ եւ թարգմանիչ Աբրահամ Ալիքյանը 1960-ական թվականներից ի վեր տեւական ուշադրությամբ արձագանքել է հայ եւ համաշխարհային գրականության ու գրական մտքի երեւույթներին՝ հեղինակելով գրախոսություններ, հոդվածներ, գրական տեսություններ, կարդացել է հրապարակային դասախոսություններ: «Հանդիպակաց ափեր» խորագիրը կրող այս ժողովածույում որոշակի ընտրությամբ ամփոփված են բանաստեղծի հոդվածները, էսսեները, գրախոսությունները, հարցազրույցները, ինչպես նաեւ երկու դասախոսության բնագիր։",16.0,"Պոեզիա, Կենսագրություն"
808,Խախտել սահմանագիծը,Ռիկա Պուլկինեն,https://zangakbookstore.am/media/products/300x0/58e212edbdb62fcb39e7b89d28f271fa.jpg,https://zangakbookstore.am/khakhtel-sahmanagitsy,"Այս վեպը երկու սիրո պատմություն է, երկուսն էլ պահանջում են խախտել ընդունված կանոնները, անցնել դրանց սահմանագիծը: Պատմություն է 16 ամյան աղջկա և 53 տարեկան կնոջ տվայտանքների մասին: Այն մասին, թե ինչ կարող է անել սերը, որը մեկին ստիպում է սպանել սիրեցյալին, իսկ մյուսին դրդում է ինքնասպանության:",18.0,"Ռոմանս, Դրամա"
809,Կործանման եզրին,Ռասել Ջոնս,https://zangakbookstore.am/media/products/300x0/dcf951bafc18a884f28a2a8ddc7a9822.jpg,https://zangakbookstore.am/kortsanman-ezrin,"Ռեյ Գրինլանդը ունի գեղեցիկ կին, երկու հիասքանչ երեխա, լավ աշխատանք և սարսափելի գաղտնիք, որը վտանգում է ոչ միայն իրեն, այլ նաև իր ընտանիքին։ Վեպը պատմում է մանկական անմեղության խաթարման և տագնապ հարուցող այն փաստի մասին, որ մենք իրականում երբեք չենք ճանաչում նրանց, ում սիրում ենք։",18.0,"Թրիլլեր, Սարսափ"
810,Իսկական թե կեղծ,ժան-Ֆրանսուա Սոնե,https://zangakbookstore.am/media/products/300x0/1e6e4a1b6b6336b6aa810ab798b63d29.jpeg,https://zangakbookstore.am/iskakan-te-kekhts,Սոնեն ցայտուն կերպով պատկերել է յուրաքանչյուր հերոսի կերպարը՝ օգտվելով խոսքին տիրապետելու իր վարպետությունից։,16.0,"Դրամա, Կատակերգություն"
811,Ինձ ընդառաջ արի,Հանե Օրստավիկ,https://zangakbookstore.am/media/products/300x0/2f25b4b4827955f3e62882e1aaaad216.jpg,https://zangakbookstore.am/indz-yndaraj-ari,Վեպը իրենից ներկայացնում է Եվրոպացի տղամարդու և կնոջ հարաբերությունները բոլոր բացահայտ մանրամասներով։,16.0,"Ռոմանս, Դրամա"
812,Շնակապիկ,Նայա Մարի Աիդտ,https://zangakbookstore.am/media/products/300x0/ce47921f0609e43e9b855c4a097cc5b4(1).jpg,https://zangakbookstore.am/shnakapik,Հեղինակը շարադրում է արտառոց և հաճախ առեխծվածային պատմություններ զույգերի հարաբերությունների մասին։,16.0,"Ռոմանս, Դրամա"
813,Ծովից վտանգվածը,Դոմինիկ Ֆորտիե,https://zangakbookstore.am/media/products/300x0/4f276f66203cc3c98897be23f65a1108.jpg,https://zangakbookstore.am/tsovits-vtangvatsy,"Գործողությունը ծավալվում է Միջնադարում և մեր օրերին: Հեղինակը վարպետորեն միահյուսել է Սան Միշել վանքի, դրա գրադարանի և մի նկարչի սիրո պատմությունները: Իր գրադարանի լավ ժամանակներին Սան Միշել վանքը հայտնի էր որպես խոշոր Մատենադարան: XV դարում հենց այդտեղ` վանքի գորշ պատերի միջև, ապաստարան է գտնում մի նկարիչ, որին հետապնդում են հուշերը իր սիրած կնոջ մասին: Հինգ հարյուր տարի անց հենց այդտեղ` երկնքի և ծովի միջև, նրան գտնում է մի վիպասանուհի: Նրանք հանդիպում են անձրևի տակ մոռացված նոթատետրի էջերին: Այս վեպը ձոն է գրքին և նրանց, ովքեր այն ստեղծում են ու պահպանում:",16.0,"Ֆանտաստիկա, Դրամա"
814,Հաճախ ուրախ եմ. Նամակ ամուսնու սիրուհուն,Յենս Գրյոնդալ,https://zangakbookstore.am/media/products/300x0/3e14a1fcc5d12a0fef75633e61ec436f.jpg,https://zangakbookstore.am/hachakh-urakh-em-namak-amusnu-siruhun,"Երկրորդ ամուսնու հանկարծակի մահից հետո Էլինորը մտովի նամակ է գրում նրա մեռած առաջին կնոջը` իր մտերիմ ընկերուհի Աննային, որը նախկինում իր առաջին ամուսնու` Հենինգի սիրուհին էր: Երկու զույգի անցյալը և Էլինորի ու երկրորդ ամուսնու որդիների ներկան նկարագրող այս վիպակը վառ գույներով ներկայացնում է դանիական ընտանիքը XXI դարի սկզբին: 70-ամյա կնոջ անունից տղամարդ հեղինակի գրած այս պատմությունը լույս է տեսել 2016 թվին և արդեն հրատարակվում է 11 երկրում` ներառյալ ԱՄՆ-ը, Մեծ Բրիտանիան, Ֆրանսիան, Իտալիան, Իսպանիան, Չինաստանը:",18.0,"Ռոմանս, Կենսագրություն"
815,Ձյունակուրություն,Ռագնար Յոնասոն,https://zangakbookstore.am/media/products/300x0/74f7e984fb099727981c8b9144543a68(1).jpg,https://zangakbookstore.am/dzyunakurutyun,"Փոքրիկ քաղաք Իսլանդիայի հյուսիսում, որտեղ անընդհատ ձյուն է տեղում, և երբեք բան չի պատահում: Ռեյկյավիկից այդտեղ է տեղափոխվում ծառայելու Թոռը, որ նոր է ավարտել ոստիկանության դպրոցը: Եվ հենց այդ պահին քաղաքի թատրոնում սանդուղքից ընկնում է և մահանում պատվավոր քաղաքացիներից մեկը, իսկ մի տան բակում հայտնաբերում են ձյանը մեկնված կնոջ կիսամերկ մարմինը: Ցուրտ և մութ ձմռանը Թոռը հետաքննում է այդ փոքր համայնքում կատարված նոր և հին հանցագործությունները: Այս քրեավեպը դասական դետեկտիվ է` բառիս լավագույն իմաստով, պարզ լեզվով գրված և արագ կարդացվող:",16.0,"Դետեկտիվ, Առեղծված"
816,Գլխաորս,Յու Նեսբո,https://zangakbookstore.am/media/products/300x0/55da3413f3bf28091dd0e927d59406f5.jpg,https://zangakbookstore.am/glkhaors,"Սա պատմություն է երիտասարդ մասնագետի մասին, ում կյանքը լի է փորձություններով։",16.0,"Երիտասարդական, Առեղծված"
817,Չարի քահանա,Մատի Յոենսու,https://zangakbookstore.am/media/products/300x0/27430e997e9c6e9e6c674c4a2991eecc.jpg,https://zangakbookstore.am/chari-qahana,"Մետրոյի գնացքակառքերի միջև հայտնված տղամարդու դիակը մտածել էր տալիս ինքնասպանության մասին: Սակայն ավագ քննիչ Տիմո Հարյունպան դրան չի հավատում: Նրա կարծիքով դա կանխամտածված սպանություն է: Մարդ սպանելը դժվար չէր: Ոչ ավելի, քան աղավնի սպանելը: Բավական էր թեթևակի հրել, իհարկե հարմար պահին և հարմար տեղում: Ընդերքի ոգին բոլորից լավ գիտեր, թե երբ է եկել այդ պահը. ավելի շուտ պահը և տեղը ինչ-որ առեղծվածային կերպով հաղորդվում էին իրեն, և այդքանը բավական էր. միսը պոկվում էր ոսկորներից, աղիքները պայթում էին խճաքարին, ողերն ու մատնոսկրերը դուրս էին թռչում չոր լոբու պես, հոգին անջատվում էր այլասերված մարմնից, որը մարդ արարածին անկշտում դև էր դարձնում: Ոգին իհարկե դա լավ գիտեր: Արդեն տեսել էր այդ ներկայացումը, որի ժամանակ իր քթանցքները լեփ-լեցուն էին մարդու թարմ արյունոտ մսի սարսռալի սուր հոտով: Առանձնապես հրաշալի էր այն պահը, երբ մարդու հոգին լքում էր մարմինը և վեր խոյանում բյուրեղիկների չափ փոքրիկ աղի մասնիկներով, որոնք մի պահ թռչելուց հետո միանում էին` ստեղծելով հիասքանչ ալ կարմիր հորձանուտ, որը անմիջապես կլանում էր Դիվալեռը` դիցուհի Մամոյի սրբազան մարմինը: Դա ևս մի քայլ էր դեպի Ճշմարտության գալուստը:",16.0,"Դրամա, Թրիլլեր"
818,Մի հեռացիր,Քարին Ֆոսում,https://zangakbookstore.am/media/products/300x0/58886bc5804c6cbae9b1dbcc42311c72.jpg,https://zangakbookstore.am/mi-heratsir,Նորվեգացի Գունդերի և Հնդկաստանից բերած կնոջ` Պունայի սիրո պատմությունը երկար չտևեց դաժան սպանության պատճառով: Ո՞վ էր սպանել հնդկուհուն: Ավագ տեսուչ Սեյերը քայլ առ քայլ վերականգնում է սպանության խճճված պատկերը:,16.0,"Ռոմանս, Դետեկտիվ"
819,Կինը վանդակում,Յուսի Ադլեր-Օլսեն,https://zangakbookstore.am/media/products/300x0/b3e9cd897ed8ebd956933952ba214022.jpg,https://zangakbookstore.am/kiny-vandakum,Դանիացի Յուսի Ադլեր-Օլսենի այս քրեավեպը թարգմանվել է հայերեն 2012 թվին «Կինը վանդակում» անվամբ և բազում լեզուներով ու միլիոնավոր օրիանկներով վաճառվել է աշխարհում:,18.0,"Պոեզիա, Ժամանակակից"
820,Շան գլուխը,Մորտեն Ռամսլանդ,https://zangakbookstore.am/media/products/300x0/ec18f3d16448d4eabf0ff23e7ab7baaf.jpg,https://zangakbookstore.am/shan-glukhy,"Էրիքսոնների գերդաստանի երեք սերունդների կյանքի պատմությունն է, որը տևում է Երկրորդ աշխարհամարտի տարիներից մինչև մեր օրերը. մերթ զավեշտալի ու ցնցող, մերթ ողբերգական ու դաժան: Արգելքներն անտեսող և արտասովոր իրավիճակներ ստեղծող հեղինակի գործ է, որի բովանդակությունը հեշտությամբ կբավարարեր մի քանի վեպի համար:",16.0,"Կենսագրություն, Ռոմանս"
821,Կենդանավաճառ աղջիկները,Անյա Սնելման,https://zangakbookstore.am/media/products/300x0/542fa7a1f39aa707a1904f387044a969.jpg,https://zangakbookstore.am/kendanavachar-akhjiknery,Տասնչորս տարեկան հասակում Յասմինը անհետանում է: Երկուշաբթի առավոտյան նրա մայրը վերադառնում է համաժողովից տուն և տագնապալի հաղորդագրություն է ստանում. աղջկան ոչ ոք մեկ շաբաթ չի տեսել: Տասներկու տարի անց Յասմինը վերհիշում է իր պատմությունը: Հոգեբանական վեպ է մարմնավաճառության ճիրաններում հայտնված դեռահաս աղջկա մասին:,16.0,"Երիտասարդական, Ռոմանս"
822,Երբ քեզ հետ եմ,Լին Ուլման,https://zangakbookstore.am/media/products/300x0/af540d2a19b6b5c9cecb68e2dc2b1dc9.jpg,https://zangakbookstore.am/erb-qez-het-em,"Ամառվա մի երեկո Մարտինը ներքաշում է Ստելային վտանգավոր խաղի մեջ, որը նշանավորելու էր իրենց միության տասը տարին. նրանք պետք է միասին քայլեն իննհարկանի շենքի տանիքի եզրով: Սարսափահար ականատեսների ճիչերի ներքո Ստելան սայթակում է ու ցած ընկնում` մինչ այդ մի պահ հայտնվելով Մարտինի գրկում: Արդո՞ք նա փորձել է բռնել Ստելային, թե՞ հրել է նրան: Այսպես է սկսվում այս բարդ հոգեբանական վեպը, որը պատմում է քսանմեկերորդ դարում ապրող մի նորվեգուհու կյանքի մասին:",16.0,"Թրիլլեր, Դրամա"
823,Ինչպիսին որ կամ,Դեբորա Դեվիս,https://zangakbookstore.am/media/products/300x0/267ede5220be78410db01890a2df1d2b.jpg,https://zangakbookstore.am/inchpisin-or-kam,"Այս վեպի հեղինակը ուելսցի երիտասարդ գրող է: Ժամանակակից ոճով գրված հոգեբանական վեպ է մեր օրերում ապրող երիտասարդ կնոջ մոլի սեռազգայական կախվածության մասին. տարփանքի, համակվածության, բռնության և ձախողված կյանքի պատմություն է: Գրքի բովանդակությունը հիշեցնում է XX դարի 70-ական թթ. Բեռնարդո Բերտոլուչիի 'Վերջին տանգոն Փարիզում' աղմկահարույց շարժանկարը:",16.0,"Կենսագրություն, Պոեզիա"
824,Դիվիզադերո,Մայքլ Օնդաչի,https://zangakbookstore.am/media/products/300x0/25d63e4ee132cf5db4c5d0e77d061d3f.jpg,https://zangakbookstore.am/divizadero,"Նրանք գիրկ գրկի պառկած էին տախտակե հատակին, երբ ամպրոպը, ճայթելով, կարծես ձագարի միջով իջավ նրանց հոլանի մարմիններին: Նրանք չէին համարձակվում անջատվել իրարից: Աննային թվում էր, թե այն, ինչ կա իրենցից յուրաքանչյուրի ներսում, մտել է մյուսի մարմինը: Թե իր կրծքում Քուփի սիրտն է: Նա լրիվ խլացել էր, ամպրոպի դղրդյունը դեռևս ականջում էր: Նա դողում էր տղայի գրկում: Հետո տեսավ, թե ինչպես անհայտությունից մի ձեռք հայտնվեց, ճանկեց Քուփի մազերը, քաշեց ու նրան բարձրացրեց իր վրայից. մի պահ Աննան տեսավ երկինքը, ապա վերևից իրեն նայող հոր դեմքը…Ուսերը ճանկելով` հայրը վեր քաշեց մորեմերկ դստերը և տախտակամածից զառիվայր նետեց թաց գետնին: Քուփն անշարժացել էր: Եռաոտ աթոռը ձեռքին` հայրը մոտեցավ նրան և դրանով հարվածեց դեմքին…Հետո… չոքեց Քուփի կողքին, աթոռը կրկին վերցրեց ու շարունակեց հարվածել, մինչև որ տղայի մարմինը լրիվ անշարժացավ… Ցնցումից ուշքի գալով և հասկանալով, որ հայրը ոչ միայն մտադիր չէ կանգ առնել, այլև պատրաստվում է սպանել Քուփին, Աննան բարձրացավ տախտակամած և փորձեց նրան հետ քաշել: Բայց չկարողացավ բաժանել տղայից: Քուփը չէր շարժվում, ըստ երևույթին ուշագնաց էր: Աթոռը մեկ անգամ էլ իջավ տղայի կրծքին, և նրա բերանից արյուն եկավ: Աննան կրկին փորձեց հորը բռնել ու հետ քաշել, բայց ուժերն անհավասար էին: Նա շրջվեց, ապակու մի մեծ բեկոր վերցրեց ու խրեց հոր ուսը` ավելի ու ավելի խոր մխրճելով վանդակավոր վերնաշապկի միջով: Ցուլի բառաչի պես մի ձայն լսվեց. հայրը շրջվեց և կիսով չափ ուժասպառ ձեռքով զարկեց դստերը:",18.0,"Դրամա, Թրիլլեր"
825,Գրքի մարդկանց ուղևորությունը,Օլգա Տոկարչուկ,https://zangakbookstore.am/media/products/300x0/beea43859f8fa03829f8971b71d60192(1).jpg,https://zangakbookstore.am/grqi-mardkants-ukhevorutyuny,"Հանրահայտ լեհ գրող Օլգա Տոկարչուկի այս վեպը իր ոճով հարում է Սենտ Էկզուպերիի և Կոելյոյի երկերին: Հեղինակը առակաբանության ձևով պատմում է հետաքրքիր ու դժվարին ուղևորության մասին: Հերոսների եռյակը` դուքսը, կուրտիզանուհին և համր տղան մեկնում են որոնելու առեղծվածային Գիրք Գրքոցը` Ենովքի Գիրքը: Համամարդկային արժեքներին վերաբերող այս խորիմաստ գրքում ձեզ սպասում են հետաքրքիր մտքեր, սեր, արկածային, արտասովոր հանդիպումներ և այդ ամենը Գիրքը որոնելու ճանապարհին: Օլգա Տոկարչուկի վեպերի և պատմվածքների մեծ մասը` 'Պրավիեկը և այլ ժամանակները', 'Ցերեկային տուն, գիշերային տուն', 'Պահարանը' 'Զարկելով բազում թմբուկներ', թարգմանվել է բազմաթիվ լեզուներով: Սա հեղինակի հայերեն թարգմանված առաջին գործն է:",16.0,"Կենսագրություն, Առեղծված"
826,Բավիղ,Կլոդին Դյումոն,https://zangakbookstore.am/media/products/300x0/3537f22c4baac693cba6fdec195db7a7(1).jpg,https://zangakbookstore.am/bavikh,"Այս վեպը հոգեբանական թրիլեր է անսովոր պայմաններում հայտնված մարդկանց զգացումների ու վարքագծի մասին: Հերոսուհին ապրում է ինքնահոսի տրված կյանքով. ցերեկը` տհաճ աշխատանք, երեկոյան թեքիլա: Մի երեկո նրան առևանգում են, և նա ուշքի է գալիս փակված մի սենյակում, որտեղ չկա լուսամուտ և շուրջը լոկ գորշ բետոն է, ջրթող անցք, լույս տվող գունդ առաստաղին ու մի ներքնակ հատակին: Անցնում են ժամեր, օրեր... Հարցերը նրան դադար չեն տալիս. ինչո՞ւ, ինչի՞ համար, ինչո՞ւ իրեն: Մի օր էլ արթնանալով` հայտնաբերում է իր խցում քնած մի տղամարդու: Հերոսներին ենթարկելով անողոք փորձությունների` հեղինկաը նրանց ստիպում է անցնել հոգեբանական և իրական բավիղներով և բացահայտում է մարդու զգացողության աշխարհը` հույզերը, վախերը, զայրույթը, զգացմունքները: Արագ ընթերցվող և խորհելու առիթ տվող վեպ է:",16.0,"Դրամա, Կատակերգություն"
827,Հետողորմյա,Առաքել Սեմիրջյան,https://zangakbookstore.am/media/products/300x0/98c5462cefd5f222b1912baeb17104c8.jpg,https://zangakbookstore.am/hetokhormya,"Առաքել Սեմիրջյանի «Հետողորմյա» գիրքը հիշողությունների առերեսումն է շարունակություն չունեցող իրականության հետ: Հեղինակի լեզուն հրավիրում է մտերիմ միայնության։ Գրքի հերոսները՝ ապրող, թե՝ մեռած,– նրանք կյանքի երկու կողմում են,– պատմվածքից պատմվածք ծնվում են նորից: «Հետողորմյան» ուժեղ հումորով գրված գիրք է, որը պատմում է Հայաստանի մասին։ Անկախության երկու կողմի մասին։ Հերոսները ժամանակակից են։ Ողբերգական կերպարներ, որոնց հետ մեզ հարազատեցնում է գրքի լեզուն։ Այս գիրքը զգացողությունների հրավառություն է։ Ընթերցողն այդ հրավառության սպառողը չէ, այլ՝ շարունակողը։",16.0,"Կատակերգություն, Դրամա"
828,Եվ սերը ասաց,Հուսիկ Արա,https://zangakbookstore.am/media/products/300x0/99689f6df98ec5b0476b92f020cfc373.jpg,https://zangakbookstore.am/ev-sery-asats,"«Եվ սերը ասաց» ժողովածուն մեր օրերի լավագույն սիրերգակներից մեկի՝ Հուսիկ Արայի սիրային բանաստեղծությունների մեկտեղումն է: Պարզ ու անմիջական, սրտի ճանապարհն ուղիղ գտնող բանաստեղծական տողն ամբողջանում է ավերված աշխարհում դեռ անաղարտ լույս ու մաքրությամբ, որ ուղղակի անդրադարձն է սիրած էակի, որ երբեմն հնչում է աղոթքի լեզվով: Սիրո գեղեցկությունն է՝ քաղաքի բացօթյա տարածության մեջ, Սիրո ազատությունը՝ մաքուր ու վայրի բնության մեջ:",16.0,"Պոեզիա, Ռոմանս"
829,Այնտեղ աչքերդ երբ բացես,Հրաչյա Սարիբեկյան,https://zangakbookstore.am/media/products/300x0/46b84c879fa7405a4b33d5bb3d0bc055.jpg,https://zangakbookstore.am/ayntekh-achqerd-erb-batses,"«Այնտեղ աչքերդ երբ բացես» ժողովածուն առաջին անգամ մեկտեղում է Հրաչյա Սարիբեկյանի պատմվածքները, որոնք տպագրվել են Հայաստանի և արտասահմանյան գրական հանդեսներում ու թերթերում, արժանացել բազմաթիվ մրցանակների:",16.0,"Պոեզիա, Կենսագրություն"
830,Կոլիզեյ 21,Գուրգեն Խանջյան,https://zangakbookstore.am/media/products/300x0/e6b36fb6e8c2c258915b43d46f35aeb3.jpg,https://zangakbookstore.am/kolizey-21,Ժողովածուն ներառում է մեր ժամանակների լավագույն դրամատուրգներից մեկի` Գուրգեն Խանջյանի վերջին տարիների գրած պիեսները:,16.0,"Պոեզիա, Կենսագրություն"
831,Անձրև է գալիս,Գրիշ Դավթյան,https://zangakbookstore.am/media/products/300x0/78377124011a29f2480ee4c1bf018bdc.jpg,https://zangakbookstore.am/andzrev-e-galis,,16.0,Unknown
832,Սայլակներով պար,Արկադի Թովմասյան,https://zangakbookstore.am/media/products/300x0/34cb7fe4d13ca24d83c6a3fab925701e.jpg,https://zangakbookstore.am/saylaknerov-par,"Այս բանաստեղծությունների ժողովածուն հեղինակի հերթական գիրքն է, ուր պատկերված են հայրենի բնաշխարհը և մարդը` իր ապրումներով ու հույզերով:",16.0,"Պոեզիա, Կենսագրություն"
833,Երկերի լիակատար ժողովածու 13,Գուրգեն Մահարի,https://zangakbookstore.am/media/products/300x0/110aeb8d85f99231e5ffac37c05d328e.jpg,https://zangakbookstore.am/erkeri-liakatar-zhokhovatsu-13,"Այս հատորում ամփոփվում է հեղինակի գրական-հրապարակախոսական ժառանգությունը: Հատորում ընդգրկված ակնարկների, դիմանկարների, խոհագրության, մահախոսականների հարցազրույցների շարքերն ստացել են իրենց առաջին ամփոփումը և նորություն են ինչպես ընթերցողների, այնպես էլ գրականության մասնագետների համար:",16.0,"Պոեզիա, Կենսագրություն"
834,Մալվիններ,Մարիո Սամպաոլեսի,https://zangakbookstore.am/media/products/300x0/caa952c82bc10b0abc93f519a922bebe.jpg,https://zangakbookstore.am/malvinner,,16.0,Unknown
835,Արթուր Ադամով․ Պիեսներ,Արթուր Ադամով,https://zangakbookstore.am/media/products/300x0/05d2fccf9ef7f397006b38ea9f0e58a6.png,https://zangakbookstore.am/piesner,"Հայազգի Արթուր Ադամովը ժամանակակից եվրոպական աբսուրդի թատրոնի նշանավոր դեմքերից է. նա հայ ընթերցողին ներկայանում է պիեսների առաջին ծավալուն թարգմանությամբ։ Թարգմանված պիեսներն ընտրված են հեղինակի տարբեր ժողովածուներից, որ պայմանավորված է դրանց լեզվաոճական յուրահատկություններով։ Ադամովի պիեսներում խորագույնս արտացոլված են մարդ–անհատի հոգեկան աշխարհի երկատվածության, երազի և իրականության բախման, հասարակությունից անխուսափելի ինքնամեկուսացման և, ի վերջո, երկրային կյանքի ունայնության գաղափարները, որոնք կազմում են աբսուրդի թատրոնի գաղափարական առանցքը։",16.0,"Պոեզիա, Կենսագրություն"
836,Ցատկախաղ,Խուլիո Կորտասար,https://zangakbookstore.am/media/products/300x0/0c876ad7c28bb190796447097470f5b3.jpeg,https://zangakbookstore.am/tsatkakhakh,"«Ցատկախաղը» ձևով ու բովանդակությամբ հրապուրիչ, բազմաշերտ խաղ է, որի կանոններն ընտրում է ընթերցողը: Վեպի առանցքում մի «ուրիշ» բանի` կենտրոնի փնտրտուքն է, որը ծավալվում է Օլիվեյրայի և Մագայի սիրային հարաբերության, «Օձի ակումբի» ընթերցումների, քննարկումների ու վեճերի, գրող Մորելլիի գործերի վերծանման ու մեկնաբանման, ջազին նվիրված երեկոների, փարիզյան դեգերումների ու հայտնագործումների շուրջ՝ միահյուսվելով Օլիվեյրայի բուենոսայրեսյան կյանքին:",16.0,"Պոեզիա, Կենսագրություն"
837,Ընտիր երկեր 1964-2000,Դուգլաս Դուն,https://zangakbookstore.am/media/products/300x0/68e2fe91690936a12f8e57f13f395eb1.png,https://zangakbookstore.am/yntir-erker-1964-2000,"Այն առանցքային լեյտմոտիվը, որ հայտածվում է Դուգլաս Դունի ստեղծագործություններում, անհատի օտարումն է հասարակությունից, որպես կլիշե գործածվող մաշված ճշմարտություններից, այլ կերպ ասած աբսուրդի վիճակը, որը ներհայեցողության արդյունքում ի վերջո բերում է ինքնամաքրման, ինքնաճանաչման, ինքնասահմանումի: Պատմամշակութային զուգորդումների, նախասկզբնական պատկերների և սիմվոլների միտումնավոր գործածությունը, նուրբ արտահայտված ֆոլկլորիզմը բրիտանական չափածոյի համատեքստում Դունի պոեզիան դարձնում են բացառապես շոտլանդական:",16.0,"Ժամանակակից, Դրամա"
838,Միխայիլ Լերմոնտով,Միխայիլ Լերմոնտով,https://zangakbookstore.am/media/products/300x0/7b93c0e03f3c08d8e4855fad0142a869.jpg,https://zangakbookstore.am/mikhayil-lermontov,"«Համաշխարհային գրականություն» մատենաշարի շրջանակներում «Էդիթ Պրինտ» հրատարակչությունում լույս է տեսել ռուս հանճարեղ գրող Մ. Լերմոնտովի ստեղծագործությունները: Գրքում զետեղված են հեղինակի հեղափոխական ռոմանտիզմի փայլուն նմուշներ «Մծիրի» և «Դևը» պոեմները, «Դիմակահանդես» չափածո դրաման և «Մեր ժամանակի հերոսը» ռեալիստական վեպը: Լերմոնտովի հերոսները իրականության դեմ ընդվզող, ողբերգական, տառապող ու շրջապատին տառապանք պատճառող կերպարներ են: Գրքում տեղ գտած այս ստեղծագործությունները համաշխարհային գրականության նվաճումների շարքին են դասվում:",16.0,"Պոեզիա, Կենսագրություն"
839,Հայրեր և զավակներ,Իվան Տուրգենեվ,https://zangakbookstore.am/media/products/300x0/9d88023dbf305698f70cffd78323f855.jpg,https://zangakbookstore.am/hayrer-ev-zavakner,"«Համաշխարհային գրականություն» մատենաշարի հերթական գիրքն ընդգրկում է Իվան Տուրգենևի «Հայրեր և զավակներ» վեպը:
​Վեպում մարդկային սիրո տարբեր դրսևորումներն են արտահայտված` սերը դեպի ծնողը, սերը դեպի քույրը, ընկերը, շրջապատի մարդիկ։",16.0,"Ռոմանս, Պոեզիա"
840,Ալեքսանդր Պուշկին 2,Ալեքսանդր Պուշկին,https://zangakbookstore.am/media/products/300x0/28c03030a82018d90576211fbac0d6a0.jpg,https://zangakbookstore.am/aleqsandr-pushkin-2,"«Համաշխարհային գրականություն» մատենաշարի սույն հատորում կրկին անդրադարձել ենք ռուս մեծ գրող Ալեքսանդր Պուշկինի ստեղծագործություններին:
Պուշկինի ստեղծագործությունն ընդգրկում է ռուս ժողովրդի կյանքի, պատմության և հերոսական պայքարի կարևորագույն կողմերը: Նա շատ հանճարեղ գործեր է ստեղծել հայրենական պատմությունից վերցված թեմաների հիման վրա: Դրանցից են նաև այս գրքում զետեղված «Կովկասի գերին» պոեմը, «Կապիտանի աղջիկ» վեպը: Գրքում տեղ են գտել նաև Պուշկինի հեքիաթներից երկուսը՝ «Հեքիաթ ձկնորսի և ձկան մասին» և «Հեքիաթ Սալթան թագավորի մասին»: Պուշկինի ստեղծագործություններն իրենց համամարդկային նշանակությամբ դարեր ի վեր եղել և մնում են աճող սերնդին կրթող հիանալի երկեր:",12.0,"Պոեզիա, Պատմական գեղարվեստական գրականություն"
841,Ալեքսանդր Պուշկին 1,Ալեքսանդր Պուշկին,https://zangakbookstore.am/media/products/300x0/a9d55846643c32c7ab78a1ae8151d508.jpg,https://zangakbookstore.am/aleqsandr-pushkin-1,"«Համաշխարհային գրականություն» մատենաշարի սույն հատորում անդրադարձել ենք ռուս մեծ գրող Ալեքսանդր Պուշկինի ստեղծագործություններին: Գրքում ընդգրկված է «Եվգենի Օնեգին» վիպակը, նաև Պուշկինի բանաստեղծություններից ընտրովի նմուշներ: «Եվգենի Օնեգին» չափածո վեպը ռուս իրականության ու հասարակաության բնորոշ պատկերն է: Վեպում պատկերված է պատմական կոնկրետ ժամանակաշրջան՝ ռուսական կյանքի պատկերը XIX դարի 10-ական թվականներից մինչև 20-ականների առաջին կեսը: Իրական են ներկայացված գավառական ազնվականության կյանքն ու բարքերը:",12.0,"Պոեզիա, Պատմական գեղարվեստական գրականություն"
842,Փող սարքելը Making money,Ուիլյամ Սարոյան,https://zangakbookstore.am/media/products/300x0/d3890a449c1a8d700f5dc373c0d506ed.jfif,https://zangakbookstore.am/pokh-sarqely-making-money,"Ամերիկահայ մեծ գրող-մարդասեր Վիլյամ Սարոյանի «Փող սարքելը և տասնինը այլ շատ կարճ պիեսներ»-ն առաջին անգամ հրատարակվել է 1969թ.: Այն առանձնանում է մեծ գրողի կատարյալ ռեալիզմով, բազմահմուտ տաղանդով, անմնացորդ հումանիզմով և աննկուն լավատեսությամբ: Սրանք գողտրիկ ու հոյակերտ սկետչներ՝ զավեշտական փոքրիկ թատերգություններ են, որ նորովի են ներկայացնում ամերիկյան հին երազանքը: ​",12.0,"Կենսագրություն, Դրամա"
843,Զատկի նախօրեին,Զոյա Փիրզադ,https://zangakbookstore.am/media/products/300x0/387f9b135ac51326d2dc15281e0fc9a2.jpg,https://zangakbookstore.am/zatki-nakhorein,"Ինչպես հեղինակի մյուս գրքերում՝ «Լույսերը ես կհանգցնեմ», «Ընտելանում ենք», «Տտիպ խուրմա» և այլն, այստեղ էլ Իրանի կերպարը բառացիորեն բզկտվում է հնի՝ ավանդականի և նորի պայքարում: Անխուսափելի մի պայքար, որ չի շրջանցում նաև վաղուց անտի այստեղ հաստատված փոքրաթիվ հայ համայնքի կյանքը: Մեծ զգացմունքայնությամբ գրված այս գործում, որը հերոսի կյանքի երեք տարբեր փուլերն է ներկայացնում, հայ համայնքը պատկերված է ներսից: Հերոսներն ապրում են հնի ու նորի սահմանագծում և նրանց փոքրիկ ուրախություններն ու մեծ տխրությունները, մարդկային պարզ երջանկություններն ու խոր վերքերը հաճախ պայմանավորված են նաև համայնքային ներփակվածությամբ, ազգային քարացած սովորություններով, և, իհարկե նաև կրոնական տարբերություններով…",16.0,"Դրամա, Ֆանտաստիկա"
844,Թղթե քաղաքներ,Ջոն Գրին,https://zangakbookstore.am/media/products/300x0/c1e7579025ca6e1c510172c695739309.jpeg,https://zangakbookstore.am/tkhte-qakhaqner,"Քվենթին Ջեյքոբսենը ամբողջ կյանքում հեռվից սիրել է սքանչելի, արկածասեր Մարգո Ռոթ Սպիգլմենին: Ու երբ աղջիկը, նինջայի հագուստով, բացում է նրա պատուհանը ու հետո մագլցում նրա կյանք՝ հրավիրելով մի հետաքրքիր ու արտասովոր վրեժի արշավի, նա համաձայնում է: Արթուն գիշերվան հաջորդում է նոր օրը, և Քյուն գնում է դպրոց ու հայտնաբերում, որ մշտապես հանելուկ Մարգոն հիմա արդեն առեղծված է դարձել: Բայց Քյուն շուտով պարզում է, որ նա հուշումներ է թողել… հենց իր՝ Քյուի համար: Առաջնորդվելով կցկտուր ուղենիշներով՝ որքան մոտենում, այնքան ավելի է հեռանում աղջկանից, որին կարծում էր, թե ճանաչում է:",16.0,"Ռոմանս, Դրամա"
845,Երեք ընկեր,Էրիխ Մարիա Ռեմարկ,https://zangakbookstore.am/media/products/300x0/30adc55e8078c35f708a5e5880b1b359.jpg,https://zangakbookstore.am/ereq-ynker,"Էրիխ Մարիա Ռեմարկի «Երեք ընկեր» ստեղծագործությունը պատերազմի հետքերն իրենց վրա կրող երիտասարդների մասին պատմություն է: Ռոբերտ Լոհքամփի, Օտտո Քյոսթերի և Գոթ ֆրիդ Լենցի ընկերությունը կոփվել է պատերազմի դաշտում: Կորցնելով շատ հարազատ մարդկանց, տեսնելով մահը, կյանքի համար պայքարը, ցավը, զգալով վախն իր գերագույն արտահայտությամբ՝ այս ընկերները ամուր կառչած են իրարից, նրանց հիշողությունները, տառապանքները և ճակատագրերը շատ նման են իրար:",16.0,"Երիտասարդական, Դրամա"
846,Կարմիր կազմով գիրքը,Գրիգոր Գրիգորյան,https://zangakbookstore.am/media/products/300x0/5b78159cbc0e5abb0cb41f77f630f672.jpg,https://zangakbookstore.am/karmir-kazmov-girqy-kosht,,16.0,Unknown
847,Կարմիր կազմով գիրքը,Գրիգոր Գրիգորյան,https://zangakbookstore.am/media/products/300x0/a0a6005d66cb71101f41b1763fd7bca4.jpg,https://zangakbookstore.am/karmir-kazmov-girqy-papuk,,16.0,Unknown
848,Հեքիաթներ ծաղիկների մասին,Աննա Սաքսե,https://zangakbookstore.am/media/products/300x0/0ef90d49b99befa1f2393367e36d77a8.jpg,https://zangakbookstore.am/heqiatner-tsakhikneri-masin,,16.0,Unknown
849,Ժամերը,Մայքլ Քանինգհեմ,https://zangakbookstore.am/media/products/300x0/0976bba15ca35919e7e635a4385fca9a.jpg,https://zangakbookstore.am/zhamery,,16.0,Unknown
850,Գիրք Գլուխկոնծի Բզեզի մասին,Լայմըն Ֆրենկ Բաում,https://zangakbookstore.am/media/products/300x0/0bc991802277b0b169d0a24384dbe376(1).jpg,https://zangakbookstore.am/girq-glukhkontsi-bzezi-masin,,16.0,Unknown
851,Կինը խաչի վրա,Աննա Մառ,https://zangakbookstore.am/media/products/300x0/0e65d2c08affc71d653b5c3c225f3e52.jpg,https://zangakbookstore.am/kiny-khachi-vra,,16.0,Unknown
852,Օվկիանոս,Արամ Պաչյան,https://zangakbookstore.am/media/products/300x0/556ee2b70fa6de59ec08e3143c39d4d8.jpg,https://zangakbookstore.am/ovkianos-papuk-kazm,,16.0,Unknown
853,Օվկիանոս,Արամ Պաչյան,https://zangakbookstore.am/media/products/300x0/08960dc42c7660c18ccbf94dbf793ba0.jpg,https://zangakbookstore.am/ovkianos-kosht-kazm,,16.0,Unknown
854,Նամակներ պարետին: Պատմվածքների ժողովածու,Հեղինակային խումբ,https://zangakbookstore.am/media/products/300x0/6e28cd94b14be6d0a594612b6ab1d992.jpg,https://zangakbookstore.am/namakner-paretin-patmvatsqneri-zhokhovatsu,"«Նամակներ պարետին» ժողովածուն ընդգրկում է «Զանգակ» հրատարակչության՝ 2020 թվականի արտակարգ իրավիճակի շրջանում հայտարարված համանուն մրցույթի լավագույն քսան գործերը: Պատմվածքները համաճարակի օրերի յուրօրինակ գեղարվեստական վավերագրեր են՝ լցված անորոշ ապագայի նկատմամբ վախերով, աշխարհի վերջի հակաուտոպիական պատկերներով, մարդկային մեծ ողբերգություններով, ընտանիքներում առաջացած մտահոգիչ իրավիճակների նկարագրություններով, կենցաղային–երգիծական դրվագներով, շնորհակալությամբ՝ առ այդ օրերին պայքարի առաջնագծում գտնվող մարդիկ։",16.0,"Դրամա, Կենսագրություն"
855,Կյանքի նյարդը,Արման Սաղաթելյան,https://zangakbookstore.am/media/products/300x0/0669aa8c1a8cd0703b299ce3296d77f8.jpg,https://zangakbookstore.am/kyanqi-nyardy,"Ինչո՞վ էր զբաղված և ինչ էր մտածում հայ երիտասարդը 1990-ականներին, ԽՍՀՄ փլուզման, անկախացման, արցախյան գոյամարտի և էներգետիկ ճգնաժամի տարիներին: Զգու՞մ էր պատմական փոփոխությունների անդառնալիությունը, որի ականատեսն էր ավագ սերունդը: Եվ ի՞նչ էր նշանակում լինել 17-ամյա անհոգ պատանի երկրի համար ամենաբարդ ժամանակներում: Արման Սաղաթելյանի ինքնակենսագրական վեպը ներկայացնում է 1991-93 թվականների Հայաստանը: Այն սև ու սպիտակ չէ , ոչ միայն հաղթական գոյամարտի մասին է, այլև ցրտի և մթի: Ամեն ինչ ոչ շատ վատ էր, ոչ էլ լավ: Հեղինակի ձևակերպմամբ՝ տանելի էր:

Այս գիրքը ռազմաճակատում հայտնված երկու երիտասարդի մասին է: Նրանք ծնողներից թաքուն մեկնում են Արցախ և մասնակցում Չլդրանի համար մղվող մարտերին: Արցախյան պատերազմը նկարագրված է ականատեսի աչքերով. ոչինչ չափազանցված չէ՝ ո՛չ վախը, ո՛չ համարձակությունը, ո՛չ մահը, ո՛չ էլ պայքարը: Չլդրանի համար մղված մարտը բախտորոշ է եղել, քանի որ դարձել է պատերազմի ամբողջ ընթացքի բեկումնային պահերից մեկը: 1993-ի փետրվարի 5-ին Չլդրանի ազատագրմանը հաջորդել են հայկական ուժերի գարնանային լայնածավալ հակ",16.0,"Կենսագրություն, Դրամա"
856,Ճանապարհին (Բնագիր գլանափաթեթ),Ջեք Քերուեք,https://zangakbookstore.am/media/products/300x0/ab38a170feafe1cdbfe5aea7f63d7410.jpg,https://zangakbookstore.am/chanaparhin-bnagir-glanapatet,"Ամերիկայի «բիթ սերնդի» գրականության ամենակարկառուն հեղինակներից մեկը՝ Ջեք Քերուեքը, իր ամենահայտնի վեպում անկեղծորեն պատմում է իր և ընկերների ճամփորդական արկածների, ինքնության ու կյանքի էության որոնման մասին: Ինքնակենսագրական այս վեպը, որը գրվել է 20–րդ դարի կեսին, ցայսօր թվում է նորարական թե՛ ոճով, թե՛ բովանդակությամբ: Քերուեքը ոգեշնչվել է իր ընկեր և վեպի գլխավոր հերոս Նիլ Քեսիդիի նամակների «հապճեպ, գիժ, խոստովանական, մանրամասն» ոճից, որը Քերուեքն անվանեց «ինքնաբուխ արձակ»:",16.0,"Կենսագրություն, Առեղծված"
857,Արևելյան պատմություններ,Մարգարիտ Յուրսենար,https://zangakbookstore.am/media/products/300x0/7adf0a9a66539f69a31c6c987e3061c2.jpg,https://zangakbookstore.am/arevelyan-patmutyunner,"Յուրսընարի «Արևելյան պատմություններ» պատմվածքների ժողովածուն առաջին անգամ լույս է ընծայել ֆրանսիական հայտնի «Գալիմար» հրատարակչատունը 1938 թ.։ Ժողովածուն կազմված է տասը նովելներից։ Հեղինակը ներշնչվել է միջերկրածովյան և հեռավորարևելյան շրջանների հնագույն լեգենդներից։ Պատմվածքների հիմքում ընկած են համաշխարհային մշակույթը միավորող փիլիսոփայական ընդհանրույթ-թեմաները՝ սեր, հայրենասիրություն, դավաճանություն, բարոյականություն, խաղաղություն և այլն։ «Գալիմարը» վերահրատարակել է այն 1967 թ.՝ հեղինակի արած որոշ ուղղումներից հետո։ Սույն թարգմանությունը կատարված է այդ հրատարակությունից:",16.0,"Պոեզիա, Կենսագրություն"
858,Փախուստ սիրուց,Բերնհարդ Շլինկ,https://zangakbookstore.am/media/products/300x0/651f18f42795aa8f1f63e56e735fd027.jpg,https://zangakbookstore.am/pakhust-siruts,"Փախուստ սիրուց, ինքն իրենից, մարդկանցից, կյանքից: Սիրային, ողբերգական ու կատակերգական յոթ պատմություն մարդկային ցանկությունների ու ներքին հակասությունների, մտերմության ու միայնության, մեղքի ու անելանելի իրավիճակների, կյանքի մասին պատկերացումների ու պատասխանատվության մասին:",16.0,"Ռոմանս, Դրամա"
859,Դոկտոր Ժիվագո,Բորիս Պաստեռնակ,https://zangakbookstore.am/media/products/300x0/f0ff50c1b6b0711aac805287554f1561.jpg,https://zangakbookstore.am/doktor-zhivago-nobelyan,,16.0,Unknown
860,Ներսը և դուրսը (մաս 2),Հերման Հեսսե,https://zangakbookstore.am/media/products/300x0/47fec1f214e3709868563a843bfa1970.jpg,https://zangakbookstore.am/nersy-ev-dursy-mas-2,,16.0,Unknown
861,Տիկին Բովարի (Բաբելոնյան գրադարան),Գյուստավ Ֆլոբեր,https://zangakbookstore.am/media/products/300x0/a67e02a05a059b14cbc7e749274b7dbb.jpg,https://zangakbookstore.am/tikin-bovari-babelonyan-gradaran,,16.0,Unknown
862,Քաղաքներ և տարիներ (Բաբելոնյան),Կոնստանտին Ֆեդին,https://zangakbookstore.am/media/products/300x0/ff5850cd22bcdf07e4b1e1f1c81d47de.png,https://zangakbookstore.am/qakhaqner-ev-tariner-babelonyan,,16.0,Unknown
863,Եսավ,Գրիշ Սարդարյան,https://zangakbookstore.am/media/products/300x0/cadc3b4e93ddb28b0b9ac0240c1f052d.jpg,https://zangakbookstore.am/esav-xxi,,16.0,Unknown
864,Լուր չկա (Բաբելոն),Գուրգեն Խանջյան,https://zangakbookstore.am/media/products/300x0/33df96afd0d8f352576fe67e4e11242e.jpg,https://zangakbookstore.am/lur-chka-babelon,,16.0,Unknown
865,Չվեպ,Հովհաննես Հովակիմյան,https://zangakbookstore.am/media/products/300x0/9a2cf9100991a81925aae61634838924.jpg,https://zangakbookstore.am/chvep-1,"«(Չ)վեպը» արձակագիր Հովհաննես Հովակիմյանի առաջին գիրքն է։ Մերօրյա հերոսի հոգեկան վայրիվերումները, շուրջը կատարվող իրական/անիրական դեպքերի հաջորդականությունը նրան մղում են անվերջ փնտրտուքի, որը գրեթե միշտ ավարտվում է առանց հանգուցալուծման։ Հերոսը փորձում է հարցեր տալ և գտնել դրանց բացակա պատասխանները։ Վերհուշի վերածվող այս պատմությունները գրված են ոճական տարբեր հնարքներով և ռիթմի սուր զգացողությամբ։ Գրքի միջտեքստային կապերը հուշում են, որ «(Չ)վեպը» ինչ-որ առումով և՛ վեպ է, և՛ պատմվածաշար։",16.0,"Դրամա, Կատակերգություն"
866,Դուբլինցիներ,Ջեյմս Ջոյս,https://zangakbookstore.am/media/products/300x0/2121470b64ae3a4a54183cd74c00e60b.jpg,https://zangakbookstore.am/dublintsiner,"Ջեյմս Ջոյսը իր «Դուբլինցիները» (1914) պատմվածքների ժողովածուում միտում է ունեցել պատկերելու հայրենի Իռլանդիայի հոգեկան կյանքի պատմությունը՝ գործողությունների կենտրոն դարձնելով Դուբլինը՝ որպես «կաթվածի կենտրոն»: Հեղինակը ներկայացնում է քաղաքը, միջին խավի մարդ կանց, անտարբերության մթնոլորտը, եւ դա անում է չորս հայեցակետով՝ մանկություն, պատանեկություն, հասունություն եւ հասարակական կյանք: Չնայած ճիգերին՝ նրա հերոսները չեն կարողանում դուրս գալ փակուղուց, փոխել իրենց կյանքի միօրինակ գունապնակը, բայցեւ երազող են, երազ, որ փախուստի աշխարհն է: «Դուբլինցիներ» –ում առկա կարեւորագույն երեւույթը էպիֆանիան է՝ աստվածահայտնությունը: Հարկ է նշել, որ «Դուբլինցիները» հայերեն թարգմանությամբ առաջին անգամ է լույս տեսնում համալրված` ներառելով նախկինում չթարգմանված պատմվածքները:",16.0,"Կենսագրություն, Դրամա"
867,Հայը և աշխարհը,Արմինե Պետրոսյան,https://zangakbookstore.am/media/products/300x0/83c4b50dc0eacd75802b674c4d611d72.jpg,https://zangakbookstore.am/hayy-ev-ashkharhy,"Գիրքը էսսեների ժողովածու է, որտեղ երբեմն լուրջ, երբեմն հումորով քննարկվում է ժամանակակից հայաստանցի հայի կերպարը, նրա հարաբերություններն ազգակիցների, օտարների եւ ողջ տիեզերքի հետ, անցյալի ու ներկայի նկատմամբ ունեցած վերաբերմունքը եւ ապագայի իրատեսական կամ ֆանտաստիկ հնարավորությունները։ 
Նախատեսվում է ընթերցող լայն շրջանների համար։",16.0,"Դրամա, Կատակերգություն"
868,Այն նույն Մյունխհաուզենը,Գրիգորի Գորին,https://zangakbookstore.am/media/products/300x0/94bda80841eafb49de254f78c0f8faa2.jpg,https://zangakbookstore.am/ayn-nuyn-myunkhhauzeny,"Գրիգորի Գորինի պիեսները տասնամյակներ շարունակ բեմադրվում են ոչ միայն Ռուսաստանի, այլև աշխարհի շատ բեմերում: Այդ նույն սցենարներով նկարահանված հեռուստաֆիլմերը հանդիսատեսի կողմից մշտապես սիրված և պահանջված են: Հեղինակի դրամատուրգիական ստեղծագործություններն ընթերցելը ոչ պակաս հաճույք է պատճառում: Գորինի պիեսներից շատ ռեպլիկներ կյանք են մտել ու դարձել ժամանակակից լեզվական միջավայրի բնական, անքակտելի մաս:",16.0,"Դրամա, Կատակերգություն"
869,Կես կորած,Սալլի Գրին,https://zangakbookstore.am/media/products/300x0/22ced106bd7ed1cda5dd695d84091864.jfif,https://zangakbookstore.am/kes-korats,"«Կես կորածը» բրիտանացի Սալլի Գրինի դեբյուտային եռագրության երրորդ մասն է: Իրադարձությունները ծավալվում են ժամանակակից Անգլիայում, որտեղ բնակություն են հաստատել բարի և չար վհուկներ: Եվ չնայած միմյանց հանդեպ ատելությանը՝ նրանց համախմբում է անբացատրելի վախը երիտասարդից, որի երակներով հոսում է երկու հակամարտող կողմի արյունը:",16.0,"Դրամա, Թրիլլեր"
870,Կես վատ,Սալլի Գրին,https://zangakbookstore.am/media/products/300x0/c942fd62f0bcdaa48913605183f74071.jfif,https://zangakbookstore.am/kes-vat,"«Կես վատը» բրիտանացի Սալի Գրինի դեբյուտային եռագրության առաջին մասն է: Իրադարձությունները ծավալվում են ժամանակակից Անգլիայում, որտեղ բնակություն են հաստատել բարի և չար վհուկներ: Եվ չնայած միմյանց հանդեպ ատելությանը` նրանց համախմբում է անբացատրելի վախը երիտասարդից, որի երակներով հոսում է երկու հակամարտող կողմի արյունը:",16.0,"Դրամա, Թրիլլեր"
871,Հարյուր բանաստեղծություն,Նիկոլայ Գումիլյով,https://zangakbookstore.am/media/products/300x0/1cbcb7de2e0b977ad93ea6557240cf47(1).jpg,https://zangakbookstore.am/haryur-banastekhtsutyun,Ժողովածուն մեկտեղում է ռուս մեծ բանաստեղծ Նիկոլայ Գումիլյովի լավագույն բանաստեղծությունները: Դրանց մեծամասնությունը հայերեն է թարգմանվում առաջին անգամ:,16.0,"Պոեզիա, Ժամանակակից"
872,"Ինչ է, չգիտե՞ք՝ ես ով եմ",Արի Տուրունեն,https://zangakbookstore.am/media/products/300x0/57e2762e5af4bf47ede2510c66525987.jpg,https://zangakbookstore.am/inch-e-chgiteq-es-ov-em,"«Ինչ է, չգիտե՞ք՝ ես ով եմ» փորձագրությունը հետաքրքիր ոճով ու հատկանշական փաստերով վեր է հանում բոլոր այն աղետները, ճգնաժամները, տնտեսական ու քաղաքական վայրիվերո զարգացումները, որոնք տեղի են ունեցել մարդկության պատմության մեջ՝ ղեկավար դիրք ունեցող անհատների գոռոզամտության պատճառով:",16.0,"Կենսագրություն, Դրամա"
873,Մարդն առանց հատկությունների 1,Ռոբերտ Մուզիլ,https://zangakbookstore.am/media/products/300x0/fec857cf3f4193a451916c33a090aa51.jpg,https://zangakbookstore.am/mardn-arants-hatkutyunneri-1,"Առաջին անգամ հայ ընթերցողին է ներկայացվում ավստրիացի մեծագույն գրող և մտածող Ռոբերտ Էդլեր Ֆոն Մուզիլի (1880-1942թթ.) «Մարդն առանց հատկությունների» դարակազմիկ վեպը: Մարդկային հոգու անխոնջ ու ինքնարար ճարտարապետի, հոգիներն անդամահատող քննախույզ- գիտնականի այս մեծաշուք, «բաց» ստեղծագործությունը, մառախլապատ Մայր տաճարը, հղացված է երևակայությունից ու գիտակցությունից, հոգեբանությունից ու մետաֆիզիկայից, քաղաքակրթության ու խորհրդապաշտության շաղախից և միտված է տիեզերական համանվագի առհավական ամբողջի, կեցության առեղծվածի ճանաչողությանը, բնության ու մարդ արարածի միջև մղվող հավերժական մենամարտի մշտուղեկից չիրականացած հնարավորի որոնումներին:",16.0,"Դրամա, Գիտական ​​ֆանտաստիկա"
874,Մարդն առանց հատկությունների 2,Ռոբերտ Մուզիլ,https://zangakbookstore.am/media/products/300x0/1cbcb7de2e0b977ad93ea6557240cf47.jpg,https://zangakbookstore.am/mardn-arants-hatkutyunneri-2,"Առաջին անգամ հայ ընթերցողին է ներկայացվում ավստրիացի մեծագույն գրող և մտածող Ռոբերտ Էդլեր Ֆոն Մուզիլի (1880-1942թթ.) «Մարդն առանց հատկությունների» դարակազմիկ վեպը: Մարդկային հոգու անխոնջ ու ինքնարար ճարտարապետի, հոգիներն անդամահատող քննախույզ- գիտնականի այս մեծաշուք, «բաց» ստեղծագործությունը, մառախլապատ Մայր տաճարը, հղացված է երևակայությունից ու գիտակցությունից, հոգեբանությունից ու մետաֆիզիկայից, քաղաքակրթության ու խորհրդապաշտության շաղախից և միտված է տիեզերական համանվագի առհավական ամբողջի, կեցության առեղծվածի ճանաչողությանը, բնության ու մարդ արարածի միջև մղվող հավերժական մենամարտի մշտուղեկից չիրականացած հնարավորի որոնումներին:",16.0,"Դրամա, Գիտական ​​ֆանտաստիկա"
875,Յանուսի Օրագրերը,Մհեր Արշակյան,https://zangakbookstore.am/media/products/300x0/9b22b0dd732ae7766bc9f261a97d5aee.jpg,https://zangakbookstore.am/yanusi-oragrery,"Այս գիրքը մտքերի հավաքածու է: Գրվել է յոթ տարվա ընթացքում` 2006-2012 թվականներին: Մտքերից յուրաքանչյուրը, կամ գոնե հիմնական մասը չվերծանված պատմության մեկ տող է` դատապարտված թաքցնելու այդ նույն պատմությունը:",16.0,"Դրամա, Առեղծված"
876,Գրպանի բանաստեղծություններ,Աշոտ Գաբրիելյան,https://zangakbookstore.am/media/products/300x0/757a6c49c43204b6605a0cbfa38082cd.jpg,https://zangakbookstore.am/grpani-banastekhtsutyunner,,16.0,Unknown
877,Մեղքի պարան,Հովհաննես Երանյան,https://zangakbookstore.am/media/products/300x0/df48f1a07ad5e983cba6c6574863c422.jpg,https://zangakbookstore.am/mekhqi-paran,"Ժամանակակից լավագույն արձակագիրներից Հովհաննես Երանյանի յոթերորդ գիրքը ճանաչելի իրականության, երևակայության ու երազանքի եռաշերտ վեպ է, ուր մի քանի սերունդ` հայր, որդի, դուստր, փորձում են ընդլայնել երկրի արդարության սահմանները:",16.0,"Ֆանտաստիկա, Կատակերգություն"
878,Հենման կետ,Հենրիկ Էդոյան,https://zangakbookstore.am/media/products/300x0/48d1b8b06c9bb2ea0ef89c0156bc9b19.jpg,https://zangakbookstore.am/henman-ket,,16.0,Unknown
879,Ծիլի-ծով,Կարեն Անտաշյան,https://zangakbookstore.am/media/products/300x0/9ef8c2c089f53a8708490c9cba5112f1.jpg,https://zangakbookstore.am/tsili-tsov,"Ծիլի-Ծովը կենաց հասուն բնազդների և խորհրդապաշտական հետազոտությունների գիրք է: Հեղինակը սրբազնացնում է Ջուրը՝ որպես Կյանքի հիմնական հումք, և Կյանքը՝ որպես Ջրի հրաշալի հատկություն: Ծիլի-Ծովը սահմանվում է իբրև մեռելների լուծվող հիշողությունն ու ապրողների շարունակելի-ընդհատական վարքը ջրածին կենսոլորտի ամբողջության մեջ: Կյանքի ինքնարարումը ջրից՝ նույնական է լեզվից իմաստներ խոսելուն, իսկ լեզվի բնազդին հետևելով բանաստեղծելն՝ ինքնին իրականությունը հրահրող հմայություն է:",16.0,"Ժամանակակից, Դրամա"
880,Լեթարգիական արթնություն,Էդուարդ Հարենց,https://zangakbookstore.am/media/products/300x0/756182752e52733c4abbd6fbdd09baa7.jfif,https://zangakbookstore.am/letargiakan-artnutyun,,16.0,Unknown
881,Ազատության հրապարակը,Հուսիկ Արա,https://zangakbookstore.am/media/products/300x0/d37609546163424c2159cfb9dbc8e8f3.jfif,https://zangakbookstore.am/azatutyan-hraparaky,"Անկախության պարգևած ոգևորությունն ու Արցախյան պատերազմում տարած հաղթանակի բերկրանքը, բայց և՝ հիասթափություններն ու ցավը Հուսիկ Արայի նոր ժողովածուում թեպետ պարբերաբար հերթագայվում են, այնուամենայնիվ, գերական մեր երազի Հայաստանի տեսլականն է, նրա համար ապրելու, արարելու և պայքարելու հավատամքը:",16.0,"Թրիլլեր, Կենսագրություն"
882,Չարենց ընտիր երկեր Գ,Եղիշե Չարենց,https://zangakbookstore.am/media/products/300x0/c0bfd68acd24a097475ba1987466b0e9.jpg,https://zangakbookstore.am/charents-yntir-erker-g,"Չարենցի «Ընտիր երկեր» ժողովածուի երրորդ հատորն ընդգրկում է նրա անտիպ ժառանգության գեղարվեստական մասը, ինչը հրատարակվել էՙԱնտիպ և չհավաքված երկեր՚ (1983, կազմող՝ Անահիտ Չարենց),ՙՆորահայտ էջեր՚ (1996, կազմող՝ Դավիթ Գասպարյան) գրքերում, նաև գործեր Ե. Չարենցի անվան գրականության և արվեստի թանգարանի, Մատենադարանի նոր ձեռքբերումներից: Բնագրերը համեմատվել են ինքնագրերի հետ և արվել ուղղումներ: Գրքում տեղ են գտել նաև Չարենցի օրագրերը և ՙDe profundis՚ գրառումը:",16.0,"Պոեզիա, Պատմական գեղարվեստական գրականություն"
883,Չարենց ընտիր երկեր Դ,Եղիշե Չարենց,https://zangakbookstore.am/media/products/300x0/65ddc04af9a350d889b4c71c5a0651bc.jpg,https://zangakbookstore.am/charents-yntir-erker-d,2012 թ. լույս տեսավ Եղիշե Չարենցի բանաստեղծությունների եռահատոր ժողովածուն։ Լրացուցիչ Դ հատորով ընթերցողին ենք հասցեագրում նրա գեղարվեստական արձակը՝ «Երկիր Նայիրի» վեպը և «Երևանի Ուղղիչ Տնից» հուշ - ակնարկը։,16.0,"Պոեզիա, Կենսագրություն"
884,Չարենց ընտիր երկեր Բ,Եղիշե Չարենց,https://zangakbookstore.am/media/products/300x0/1c4e37f86c1d2bf8260596a93f9fb1f6.jpg,https://zangakbookstore.am/charents-yntir-erker-b,"Չարենցի սույն քառահատորն ընդգրկում է նրա ապրած տարիներին տպագրված և անտիպ մնացած չափածո ժառանգությունը (բանաստեղծություններ, շարքեր, պոեմ-ներ) և օրագրերը: Տպագրված երկերը ժամանակին լույս են տեսել գրողի երկհատորյակում (Մոսկվա, 1922), առանձին գրքերում, ՙԷպիքական լուսաբաց՚ (1930) և ՙԳիրք ճանապարհի՚ (1933–1934) ժողովածուներում, այնուհետև ընդգրկվել վեցհատորյակում (1962–1968, կազմող՝ Ալմաստ Զաքարյան): Չարենցի կյանքի օրոք չտպագրված ժառանգությունն ամփոփված է ՙԱնտիպ և չհավաքված երկեր՚ (1983, կազմող՝ Անահիտ Չարենց), ՙՆորահայտ էջեր՚ (1996, կազմող՝ Դավիթ Գասպարյան) և ՙԳիրք մնացորդաց՚ (2012, կազմող՝ Դավիթ Գասպարյան) հավաքածուներում: Սույն հատորում ընդգրկված են 1910–1920-ական թվականների ստեղծագործությունները: Հասցեագրված է բոլորին, բոլորին, բոլորին...",16.0,"Պոեզիա, Կենսագրություն"
885,Երկերի լիակատար ժողովածու 9։ Գուրգեն Մահարի,Գուրգեն Մահարի,https://zangakbookstore.am/media/products/300x0/0c8e6bd6b19ce1ef36e6aac35d36d83f.jpg,https://zangakbookstore.am/erkeri-liakatar-zhokhovatsu-9,"Գուրգեն Մահարու երկերի լիակատար ժողովածուի 9-րդ հատորում ընդգրկված են և իրենց ամբողջական ամփոփումն են ստացել մահարիական այնպիսի ինքնատիպ ժանրերի ստեղծագործություններ, ինչպիսիք են քանդակները և հուշերը: Դրանց զգալի մասն անտիպ է կամ հավաքված պարբերական մամուլից և տարբեր արխիվներից` ներկայացվում է առաջին անգամ: Առաջին անգամ է ներկայացվում և ուղեգրությունների շարքը, որը սկիզբ է առել նախախորհրդային տարիներին և առիթներով շարունակվել գրողի ողջ կյանքի ընթացքում:",16.0,"Պոեզիա, Կենսագրություն"
886,Երկերի լիակատար ժողովածու 10։ Գուրգեն Մահարի,Գուրգեն Մահարի,https://zangakbookstore.am/media/products/300x0/3563c9450ba08011c04d18f51462c2f9.jpg,https://zangakbookstore.am/erkeri-liakatar-zhokhovatsu-10,Այս հատորում առաջին անգամ հնարավոր ամբողջությամբ ամփոփվում են նրա երգիծական և հումորային ստեղծագործությունները: Գրական այդ ժանրին նա անդրադարձել է ստեղծագործական ամբողջ կյանքում: Առաջին նագամ է ամփոփվում նաև գրողի թատերգությունը: 20-ական թվականներից մոռացության մատնված ագիտօպերետների ու ընթերցողին ծանոթ «Մարդը` մարդուն...» պիեսի կողքին տեղ են գրավել նաև «Ճգնաժամ» և «Երեք բաժակ սուրճ» անտիպ պիեսները: Հատորը նպաստում է գրողի ստեղծագործական ժառանգության առավել լրիվ և ամբողջական պատկերացմանը:,16.0,"Պոեզիա, Կենսագրություն"
887,Երկերի լիակատար ժողովածու 8։ Գուրգեն Մահարի,Գուրգեն Մահարի,https://zangakbookstore.am/media/products/300x0/9c09f7d48973246797795d21c3edf602.jpg,https://zangakbookstore.am/erkeri-liakatar-zhokhovatsu-8,"Գուրգեն Մահարին 1936-1954թթ. Բռնադատվել է և տարահանվել Սիբիր` սկզբում որպես ճամբարային, այնուհետև` աքսորական: Այդ տարիներն իրենց արտացելումն են գտել գրողի արձակ և չափածո ստեղծագործություններում: Սույն հատորում ընդգրկվել են նրա սիբիրական պատմվածքները և «Ծաղկած փշալարեր» վիպերգը: Հանդիսանալով պատմության ոչ մեծ մի շրջանի` ստալինյան անօրինականությունների անմիջական վկայություններ, դրանք միաժամանակ պատկանում են մնայուն ստեղծագործությունների շարքին, որոնք բնորոշ էին կյանքի փորձով հարստացած արձակագրին: Քնարական արձակի, հումորի և սարկազմի օրգանական համաձուլվածքը, դարի արձակին բնորոշ անկաշկանդ ներքին մենախոսությունները առանձնացնում են այդ գործերը փաստագրական շատ վկայություններից և վերածում գրական արժեքների, որոնք դուրս են ժամանակակից և աշխարհագրական սահմաններից:",16.0,"Պոեզիա, Կենսագրություն"
888,Երկերի լիակատար ժողովածու 6։ Գուրգեն Մահարի,Գուրգեն Մահարի,https://zangakbookstore.am/media/products/300x0/df2779da43033678546025fa668ebaa5.jpg,https://zangakbookstore.am/erkeri-liakatar-zhokhovatsu-6,"Այս հատորում ընդգրկված է «Այրվող այգեստաններ» վեպի լրամշակված տարբերակը, որին հեղինակը ստիպված էր գնալ առաջին հրատարակության դեմ ուղղորդված գրարշավի պատճառով: Ընթերցողն առաջին անգամ ամբողջական տեսքով կծանոթանա տարբերակին, որը Մահարին պատրաստել էր հրապարակման 1968 թվականին և որը չիրականացավ հեղինակի մահվան պատճառով:",16.0,"Կենսագրություն, Պոեզիա"
889,Երկերի լիակատար ժողովածու 7։ Գուրգեն Մահարի,Գուրգեն Մահարի,https://zangakbookstore.am/media/products/300x0/fdcffe5af510246083d482897df14c9a.jpg,https://zangakbookstore.am/erkeri-liakatar-zhokhovatsu-7,"Հատորում ընդգրկվել են Գ. Մահարու 1920-1930-ական թթ. Պատմվածքները, որոնց հիմնական թեմատիկան հին իրավակարգի փլուզումն է և նորի հաստատումը, ինչպես նաև սիրո, ընտանիքի և բարոյականության հարցերը նոր կառուցվող հասարակարգում: 1950-1960-ական թթ. Պատմվածքներում գրողի հեգնական մոտեցումն է գրական և հասարակական տարբեր հարցերին: Նոր ամփոփում են ստացել երգիծական և մանկական պատմվածքների շարքերը: Առանձին պատմվածքներ առաջին անգամ են ընդգրկվում գրողի ժողովածուներում:",16.0,"Պոեզիա, Կենսագրություն"
890,Երկերի լիակատար ժողովածու 4։ Գուրգեն Մահարի,Գուրգեն Մահարի,https://zangakbookstore.am/media/products/300x0/bc7b956a1e829a87aea5e92012c6d21b.jpg,https://zangakbookstore.am/erkeri-liakatar-zhokhovatsu-4,"Երկերի լիակատար ժողովածուի չորրորդ հատորում ընդգրկված են ինքնակենսագրական «Մանկություն», «Պատանեկություն», «Երիտասարդության սեմին» վիպակները և «Երիտասարդություն» (անավարտ) վեպը: Չորս տասնամյակների ընթացքում հարկադիր և ոչ հարկադիր ընդհատումներով ստեղծված քառագրությունում պատկերված են գրողի գիտակցական կյանքի հազիվ 15 տարիները, որոնք եղել են հանգուցային հայ ժողովրդի ճակատագրում` ազատագրական շարժման դրսևորումները Վանում, ինքնապաշտպանական կռիվները, ցեղասպանությունն ու գաղթը, Հայաստանի առաջին հանրապետության ձևավորումը և խորհրդային առաջին ամիսների խմորումները:",16.0,"Պոեզիա, Կենսագրություն"
891,Երկերի լիակատար ժողովածու 2։ Գուրգեն Մահարի,Գուրգեն Մահարի,https://zangakbookstore.am/media/products/300x0/1ce1622ca6c6b8e1e54a79c81704c6fa.jpg,https://zangakbookstore.am/erkeri-liakatar-zhokhovatsu-2,"Սույն հատորում «Խառը բանաստեղծություններ» խորագրի տակ ընդգրկված են Մահարու 1921-1948թթ. Բանաստեղծությունները, որոնք փոքրաթիվ բացառություններով հավաքված են պարբերական մամուլից և ընթերցողին են ներկայացվում առաջին անգամ: Հատորի երկրորդ կեսը կազմող «Էլեգիաներ, բալլադներ» շարքը համալրված է ընթերցողին անհայտ կամ մոռացված բազմաթիվ այլ բանաստեղծություններով:",16.0,"Պոեզիա, Ժամանակակից"
892,Երկերի լիակատար ժողովածու 3։ Գուրգեն Մահարի,Գուրգեն Մահարի,https://zangakbookstore.am/media/products/300x0/537bc6c661d3749e07d0b827264b1dcf.jpg,https://zangakbookstore.am/erkeri-liakatar-zhokhovatsu-3,"Մահարու բանաստեղծական ժառանգությունն ամփոփող Երկերի լիակատար ժողովածուի երրորդ հատորում ընդգրկված են միայն մեկ հրատարակչությամբ լույս տեսած «1920!-1923? (Պոեմ ոչ պրոլետարական)», «Շիրակի ջրացքը գրքերը», ինչպես նաև այլ անտիպ և տպագրված պոեմներ, որոնց մեծ մասն ընթերցողին է ներկայացվում առաջին անգամ: Իրենց առաջին ամփոփումն են ստացել նաև մանկական բանաստեղծությունների և թարգմանությունների շարքը:",12.0,"Պոեզիա, Կենսագրություն"
893,Երկերի լիակատար ժողովածու 1։ Գուրգեն Մահարի,Գուրգեն Մահարի,https://zangakbookstore.am/media/products/300x0/9bf82badc7c5dec0af2057469c2cd38a.jpg,https://zangakbookstore.am/erkeri-liakatar-zhokhovatsu-1,Հատորն ընդգրկում է հեղինակի 1916-1969թթ. Գրված բանաստեղծությունները: Բոլոր ստեղծագործություններն ուղեկցվում են անհրաժեշտ մեկնաբանություններով ու մեկնաբանություններով: Բազմաթիվ բանաստեղծություններ ներկայացվում են առաջին անգամ:,16.0,"Պոեզիա, Կենսագրություն"
894,Օթելլո,Ուիլյամ Շեքսպիր,https://zangakbookstore.am/media/products/300x0/2d145c4434649cac0acd0696577ab168.png,https://zangakbookstore.am/otello,"Շեքսպիրի «Օթելլո»–ի այս պատկերազարդ հրատարակությունն ընդգրկում է ողբերգության նոր թարգմանություն անգլերեն բնագրից, գիտական մանրակրկիտ ծանոթագրություններ ու ընդարձակ առաջաբան, որտեղ քննարկվում են երկի աղբյուրներին, գրության ժամանակին, առաջին տպագիր օրինակներին, բովանդակությանն առնչվող և այլ խնդիրներ:",16.0,"Պոեզիա, Պատմական գեղարվեստական գրականություն"
895,Կորուսյալ աշխարհ,Արթուր Կոնան Դոյլ,https://zangakbookstore.am/media/products/300x0/cf461476e13d9f8fdbc9d5bb438347a8.jpg,https://zangakbookstore.am/korusyal-ashkharh,"1912թ. լույս տեսած «Կորուսյալ աշխարհ» գիտաֆանտաստիկ վեպը պրոֆեսոր Չելենջերի արկածների մասին պատմող մի քանի գրքերից առաջինն է: Իրադարձությունները տեղի են ունենում Հարավային Ամերիկայում՝ Ամազոնի խորհրդավոր ջունգլիներում, որոնք իրենց մեջ թաքցնում են մի անհայտ ու զարմանահրաշ աշխարհ: Արշավախմբի անհավանական արկածները համեմված են կոլորիտային կերպարներով և անգլիական նուրբ ու հեգնական հումորով:",16.0,"Կատակերգություն, Արկածային"
896,Երկու ռոք աստղ,Արա Թադևոսյան,https://zangakbookstore.am/media/products/300x0/30f5d68b4b2cf9b6214799690b4b71a9.jpg,https://zangakbookstore.am/erku-roq-astkh,"Այս գիրքն ամենախենթ երազանքն իրականություն դարձնելու մասին է։ Երազանքն այնքան համարձակ էր, որ անիրագործելի էր թվում։ Այդպես լրագրող Արա Թադեւոսյանը մի օր որոշում է Հայաստան հրավիրել համաշխարհային այն ռոք աստղերին, որոնք ժամանակին օգնեցին Սպիտակի երկրաշարժից տուժած երկրին։
Այս գիրքը երազանքը կյանքի կոչելու յուրօրինակ ճանապարհային քարտեզ է. ինչպե՞ս սկսել, ինչի՞ց, ի՞նչ անել, երբ հեռախոսազանգերն ու էլնամակները մնում են անպատասխան, երբ բոլորը՝ ընկերներից մինչեւ հովանավորներ, թերահավատ են քո գաղափարի հանդեպ, երբ նախապես ծրագրվածը վերջին 24 ժամում գլխիվայր փոխվում է։
Ինչ է պետք անմիջապես անել, եթե աստղը, ի վերջո, ժամանել է, բայց ատամնացավով։
Արա Թադեւոսյանն անկեղծորեն ու մանրամասն նկարագրում է նորանկախ Հայաստանի թերեւս ամենաաստղային նախաձեռնության ետնաբեմը, որը կարող է հետաքրքրել ոչ միայն ռոքի սիրահարներին, այլեւ բոլոր նրանց, ովքեր ունեն անիրագործելի թվացող երազանքներ, դրանց հասնելու աննահանջ կամք ու անսպառ եռանդ։",16.0,"Դրամա, Թրիլլեր"
897,Կերպարանափոխություն (նկարազարդ),Ֆրանց Կաֆկա,https://zangakbookstore.am/media/products/300x0/5dd50129924ea713c9c83c612ec0323b.jpg,https://zangakbookstore.am/kerparanapokhutyun,,16.0,Unknown
898,Դոկտոր Ֆաուստուս,Թոմաս Ման,https://zangakbookstore.am/media/products/300x0/5c272c8164b4e4d360332a96b9b3e58c.jpg,https://zangakbookstore.am/doktor-faustus-nobelyan-mrtsanakakirner,,16.0,Unknown
899,Կաթնածիրից անդին (պատմավեպ),Հրաչ Բեգլարյան,https://zangakbookstore.am/media/products/300x0/a256bb9c0b562196270b2307fccd21e0.crdownload,https://zangakbookstore.am/katntsirits-andin-patmavep,,16.0,Unknown
900,Եվա,Դօրիան,https://zangakbookstore.am/media/products/300x0/d5e185433bb0f8877ea868cd89e8890a.jpg,https://zangakbookstore.am/eva,"«Եվան» արձակագիր և բանաստեղծ Դօրիանի բանաստեղծությունների առաջին տպագիր ժողովածուն է։ Այստեղ ներառված է հեղինակի՝ 2005 թվականից մինչ օրս գրված շուրջ հարյուր քնարական ստեղծագործություն (սիրային բանաստեղծություններ), որոնց թվում են նաև նրա առաջին բանաստեղծական փորձերը՝ «Տերևներ», «Չակերտից չակերտ» և «Խելագար» ստեղծագործությունները։",16.0,"Պոեզիա, Կենսագրություն"
901,Մեծ անկում։ Նիլ Ֆերգյուսոն,Նիլ Ֆերգյուսոն,https://zangakbookstore.am/media/products/300x0/0fd1938aa8f83c2ab6039eb3caa721fc.jpg,https://zangakbookstore.am/mets-ankum,"Ինչո՞ւ են հարուստ երկրներն անկում ապրում։ Դրա նախանշաններն այսօր ամենուր են. տնտեսական աճի դանդաղում, կործանարար պարտքեր, աճող անհավասարություն, ծերացող բնակչություն, հակասոցիալական վարք։ Բայց հատկապես ի՞նչն է սխալ։ «Մեծ անկում» գրքում Նիլ Ֆերգյուսոնը բացատրում է, որ արևմտյան ինստիտուտները՝ բարդ համակարգերը, որոնցում հասարակությունը կարող է ծաղկել կամ կործանվել, այսօր քայքայվում են։
Արևմտյան ժողովրդավարությունն այսօր խզել է սերունդների միջև եղած համաձայնությունը, քանի որ մեր երեխաներին ու թոռներին թողնում ենք պարտքի մեծ բեռ։ Մեր շուկաների բնականոն զարգացումը խեղվում է չափազանց բարդ կարգավորումների պատճառով, եղած խնդիրները լուծելու փոխարեն դրանք ի հայտ են բերում նորերը։ Իրավունքի գերակայությունը վերաճում է իրավաբանների գերիշխանության։ Քաղաքացիական հասարակությունը դարձել է ոչ քաղաքացիական, մարդիկ էլ ծուլաբար ակնկալում են, որ իրենց բոլոր խնդիրները պետք է լուծի պետությունը։
Արևմուտքի՝ երբեմնի գերիշխող քաղաքակրթության հետընթացը կանգնեցնելու համար Ֆերգյուսոնը զգուշացնում է՝ պետք է հերոսական առաջնորդություն և արմատական բարեփոխում։ Արևմտյան քաղաքակրթության ձախողումը դատապարտող «Մեծ անկում» աշխատությունը յուրատեսակ մեղադրական եզրակացություն է՝ սթափվելու կոչով։",16.0,"Դրամա, Պատմական գեղարվեստական գրականություն"
902,Անավարտ դիմանկարներ,Վարդգես Պետրոսյան,https://zangakbookstore.am/media/products/300x0/0fe790de792d9523ab732c578d616ccf.jpg,https://zangakbookstore.am/anavart-dimankarner,,16.0,Unknown
903,Կարմիր շուշան,Անատոլ Ֆրանս,https://zangakbookstore.am/media/products/300x0/4b7c4263f04598233793f507fda12550.jpg,https://zangakbookstore.am/karmir-shushan,,16.0,Unknown
904,Մի շան բախտ հին հայկական ճանապարհի վրա,Մհեր Իսրայելյան,https://zangakbookstore.am/media/products/300x0/8a4d7c1841486c34ce0d17af2d34bcd7.jpg,https://zangakbookstore.am/mi-shan-bakht-hin-haykakan-chanaparhi-vra,"Մհեր Իսրայելյանի «Մի շան բախտ հին հայկական ճանապարհի վրա» ժողովածուի պատմվածքները ստեղծվել են հուշերի ու երեւակայության հիման վրա, քառորդդարյա տիրույթում, որտեղ կողք կողքի տեղավորվում են ընտանիքի անդամներ ու ընկերներ, գեներալներ ու երեխաներ, որտեղ ուսանողն ու աշխարհահռչակ նվագավարը, ճպճպացող աչքերով տղան եւ նույնիսկ կենդանիները կարող են տրվել երազանքի մոգական հմայքին։",16.0,"Ֆանտաստիկա, Կատակերգություն"
905,Օտար լույս,Արթուր Միկոյան,https://zangakbookstore.am/media/products/300x0/2ae4ba6c617a34ccf4c0bb9ee1a57701.jpg,https://zangakbookstore.am/otar-luys,Արթուր Միկոյանի «Օտար լույս» վեպը հատկորոշվում է նրա ստեղծագործական ձեռագրին բնորոշ ֆանտասմագորիայի ինքնատիպ իրացումներով։ Լարված ու անընդհատ բացահայտումներով լի սյուժեն տանում է այդպես էլ չենթադրվող ու անսպասելի վերջաբանի...,16.0,"Կատակերգություն, Դրամա"
906,Դառնածինները,Նարինե Կռոյան,https://zangakbookstore.am/media/products/300x0/894187adfc49749beb225f34da9a1d7d.jpg,https://zangakbookstore.am/darnatsinnery,Այս ժողովածուում ընդգրկված են Նարինե Կռոյանի` վերջին շրջանում ստեղծված վիպակներն ու պատմվածքները:,16.0,"Պոեզիա, Կենսագրություն"
907,Մայրենիք Դրոշ,Արմեն Հայաստանցի,https://zangakbookstore.am/media/products/300x0/632c76794222b06a834e13cadaa4f88b.jpg,https://zangakbookstore.am/mayreniq-drosh,"«Մայրենիք» եռագրության առաջին վեպը՝ «Դրոշը», գրված է հրապարակախոսության, կինոսցենարի, պոետիկ արձակի համադրության սկզբունքով։ Հայաստանի ազգային խորհրդանիշների վերաիմաստավորման միջոցով հեղինակը գեղարվեստականորեն ներկայացնում է ներկայիս հայկական իրականությունը եւ այդ իրականության պայմաններում երջանկություն որոնող սեռական փոքրամասնության ներկայացուցիչներին։ Գլխավոր հերոսները երեք երիտասարդ են, որոնցից մեկը գիշերային ակումբում երգող, հայրական տնից վտարված տրանսվեստիտ է, իսկ մյուս երկուսը՝ սիրող զույգ: Երբ երեքից մեկը բանակից չի վերադառնում, մյուսները կանգնում են շրջադարձային որոշման առաջ. գնա՞լ, թե՞ մնալ Հայաստանում։",18.0,"Ռոմանս, Դրամա"
908,Դուռը թակում են,Դիանա Համբարձումյան,https://zangakbookstore.am/media/products/300x0/cdcabae60ac97c7f9285de50fd3f54f7.jpg,https://zangakbookstore.am/dury-takum-en,"Այս վեպը մարդու մասին է, որն ապրում է իր երկրում, հեռանում է իր երկրից ու վերադառնում է իր երկիր: Սա մարդուց մինչեւ երկիր ձգվող ճանապարհի պատմությունն է, ուր Ձիավոր-երկրի հազարամյա դեգերումները հասնում են ներկա որոնումների ճամփաբաժան, որտեղ լքելով իրար՝ իրար են սպասում հեռացող Եկվորն ու վերադարձող Կինը։ Դրա թակոցն առկայծող հույսի վկայումն է։",16.0,"Արկածային, Դրամա"
909,Սերը Մոսկվայում,Վահրամ Մարտիրոսյան,https://zangakbookstore.am/media/products/300x0/b8b016070aa858f6d8c9005f7f59922b.jfif,https://zangakbookstore.am/sery-moskvayum-1,"Կարող է զարմանալի թվալ, բայց... հայ արձակում սիրավեպեր չկան: Կամ այնքան հազվադեպ են, որ դժվար է միանգամից հիշել։ Վահրամ Մարտիրոսյանի նոր վեպի վերնագրի երանգը հուշում է, որ սերը ամենաանհավանական արկածն է, որ կարող է պատահել Մոսկվայում, բայց այն իսկապես սիրո պատմություն է։ Վեպի հերոսները սիրահարվում են իրար եւ երջանիկ են միասին, ասես անկշռելիության թաղանթում, մինչ այն ճեղքում ու ներս է թափանցում իրականությունը՝ երեկ աշխարհակալ-միաձույլ - այսօր ազգային հակասություններից, սոցիալական անարդարությունից ու բռնություններից ծվատվող մեգապոլիսը։",16.0,"Ռոմանս, Դրամա"
910,Ապուշների ուղևորությունը,Հրաչյա Սարիբեկյան,https://zangakbookstore.am/media/products/300x0/bd865cea0f2c2413d58bcb08183123df.jpg,https://zangakbookstore.am/apushneri-ukhevorutyuny-1,"1990-ականների սկզբի հայաստանյան իրականության բազմաթիվ հարցեր դեռ անպատասխան են մնում, բազմաթիվ հարցեր առեղծվածի քողով են պատված, իսկ բազմաթիվ հարցերի մասին գերադասելին ընդհանրապես լռությունն է: Հրաչյա Սարիբեկյանի «Ապուշների ուղեւորությունը» «երկաթուղային վեպը» ռելսերին է դնում հարցեր, որոնց շուրջ մինչ այժմ առեղծվածային լռություն է: Օրինակ՝ ինչ եղան Բաքվի ու Ադրբեջանի մյուս քաղաքների հոգեբուժարանների հայ հիվանդները... Ուստի վեպի հերոսների ուղեւորությունը յուրատեսակ ուղեւորություն է նաեւ ընթերցողի համար եւ նույնքան վտանգավոր. «սարիբեկյանական իրականության» մեջ ընթերցողից հերոսի, նույնն է թե ապուշի վերածվելու սահմանը չափազանց հարաբերական է։",16.0,"Առեղծված, Դրամա"
911,Մենախոսություն երկու ձայնով,Լիլիթ Կարապետյան,https://zangakbookstore.am/media/products/300x0/f9ec7a93d467d7b6366a05ae5ccef7aa.jpg,https://zangakbookstore.am/menakhosutyun-erku-dzaynov,"Լիլիթ Կարապետյանի հերոսները կարծես ապրել են մարդկության ամբողջ պատմությունը՝ սկզբից էլ առաջ ու վերջից էլ հետո: Կյանքը նրանց համար ինչ-որ բան վերհիշելու եւ հիշողությունների մեջ կողմնորոշվելու ընթացք է՝ անցյալի հիշողություններ, ներկայի հիշողություններ, ապագայի հիշողություններ: Գրողական, արդեն կարելի է ասել՝ հասուն վարպետությամբ հեղինակը վկայագրում է դրանց պատճառած եւ՛ տառապանքն ու ցավը, եւ՛ ուրախությունն ու հրճվանքը։",16.0,"Կենսագրություն, Դրամա"
912,Ողորմություն Ֆրոսյային,Հովհաննես Երանյան,https://zangakbookstore.am/media/products/300x0/bbf82dc4e4ecb64dc90608bce0cce9cd.jpg,https://zangakbookstore.am/okhormutyun-frosyayin,"Հեղինակն այս գիրքը նախ վերնագրել էր՝ «Սովետ, post սովետ», թեեւ նրա հետաքրքրության առանցքը այդ երկրի կործանումը չէր: Ոչ էլ քաղաքական ու հասարակական այն հանկարծահաս փոփոխությունները, որոնք ծնունդ տվեցին նոր երկրների, պատերազմների ու շարունակվող թշվառության։ Գրողի համար գլխավորը մարդկային ճակատագրերն են։ Ճակատագրեր, որոնք խեղվեցին քաղաքական հեղաբեկումների արդյունքում: Մեծ քաղաքական վայրիվերումների մեջ իսպառ մոռացված էր մարդը։ Այդ մարդը, կամ մարդիկ են Հովհաննես Երանյանի պատմվածքների հերոսները: Մարդիկ, որոնք ապրեցին այդ փոփոխական ժամանակն ու հետո մեռան։ Եվ մարդիկ, որոնք դեռ ապրում են այդ ժամանակն ու հետո կմեռնեն։",16.0,"Կենսագրություն, Պատմական գեղարվեստական գրականություն"
913,Երկվորյակների արևը,Հրաչյա Սարիբեկյան,https://zangakbookstore.am/media/products/300x0/8d0f19131158dd75a9ae5a2c072c3958(1).jpg,https://zangakbookstore.am/erkvoryakneri-arevy,"Մի աշխարհ, ուր թիթեռները կարող են ճչալ, խլեզներն այնքան են իմաստուն, որ պատահական շարժումներով չեն ուզում իրենց հատկացված հավերժությունն սպառել, ծղրիդներն ինչ-որ բան են հաղորդում մարդկանց, հանգուցյալներն ստվերներ են ձևանում. տիեզերական անդունդն ընկած մոլորակի մոռացված այդ անկյունում, ուր ժամանակն անզոր է ժամացույցներ ենթարկել իրեն, ապրում է մի վանական, որ ագռավներ է որսում և ճերմակ մազերով մի մանուկ, ում գրպանում Աստծո գոյության իրեղեն ապացույցն է: Վեպը փոքրիկ տղայի և մահվան մտերմության, ինքնության և անհետ կորած հոր փնտրտուքների մասին է, իսկ անհետացած մարդուն որոնելը նույնն է, ինչ Աստծուն փնտրելը:",16.0,"Դրամա, Ֆանտաստիկա"
914,Քամին Բարոկկո խորանազարդ վերականգնելու փորձ,Կլոդ Սիմոն,https://zangakbookstore.am/media/products/300x0/1d18d599452023611324db240af10119.jpg,https://zangakbookstore.am/qamin-barokko-khoranazard-verakangnelu-pordz,"Վեպը սրընթաց սյուժեով մի պատմություն է մարդկային տարօրինակ ճակատագրի մասին, որ բախվում է խաղաղության ու քաոսի, կարգի ու անկարգության անլուծելի առեղծվածին: Վեպի երեսունհինգամյա հերոսը`Անտուան Մոնտեսը, հոր մահից հետո գալիս է վերջինիս ժառանգությունը ստանալու`քաղաքի ամենամեծ կալվածքներից մեկը խաղողի այգիներով: Ինչպես ցանկացած գավառական քաղաքում, այստեղ էլ յուրաքանչյուր նոր, օտար մարմին ընկալվում է որպես բացարձակ ոտնձգություն հանրային անդորրի, հաստատված կարգի դեմ: Դեպքերը ոչ թե ներկայացվում են որպես օբյեկտիվ դիպաշար, այլ պատումի հեղինակը փորձում է վերականգնել խճողված, բազմաշերտ, անորսալի իրականությունը ցաքուցրիվ փաստերի, խոսակցությունների, սեփական եզրակացությունների միջոցով: «Քամու» պատումն իսկապես նման է «բարրոկո խորանազարդի»`մանրամասների առատությամբ, անկանխատեսելի արաբեսկներով ու ոլորագծերով, անվերջանալի փակագծերով: Գլխավոր հերոսի ճակատագրի միջոցով Կ. Սիմոնն արտահայտում է վիպագրության իր ընկալումը, որն իր որոնումների ճանապարհին հաճախ ճյուղավորվում է, չի հասնում հանգուցակետին`շարունակ առաջ շարժվելով «հարասահ ավազների միջով»:",16.0,"Դրամա, Առեղծված"
915,Մի գիշերվա հյուր,Շմուել Յոսեֆ Ագնոն,https://zangakbookstore.am/media/products/300x0/b5ac2d5770401032c08b9741570e665c.jpg,https://zangakbookstore.am/mi-gisherva-hyur,"«Մի գիշերվա հյուր» վեպը Նոբելյան դափնեկիր Շմուել Յոսեֆ Ագնոնի կարևորագույն ստեղծագործություններից է: Վեպի հերոսն Առաջին աշխարհամարտից հետո Իսրայելից վերադառնում է իր հայրենի քաղաք Արևելյան Եվրոպայում, որտեղ անցկացնում է մոտ մեկ տարի՝ ամեն օր բախվելով ողբերգական իրականությանը: Պատերազմի, աղետների, ժամանակի վայրիվերումներին ենթարկված հայրենի քաղաքում նա փորձում է վերակենդանացնել կրոնական կյանքը, ավանդական արժեքները, որոնք անհետացման եզրին են: վեպը ներկայացնում է հեղինակի մտորումները հրեա ժողովրդի անցյալի, ողբերգական ներկայի և ապագայի հույսի մասին:",16.0,"Դրամա, Կենսագրություն"
916,Վատահամբավ տունը,Փոլ Արո,https://zangakbookstore.am/media/products/300x0/be5194a48f7e83fcdb75ccea92e251d9.jpg,https://zangakbookstore.am/vatahambav-tuny-papuk,,16.0,Unknown
917,Վատահամբավ տունը,Փոլ Արո,https://zangakbookstore.am/media/products/300x0/58f13e848afbc7f030c90bb45d6c53a8.jpg,https://zangakbookstore.am/vatahambav-tuny-kosht,"Արևելյան հասարակաց տան մարմնավաճառուհիների տարբեր պատմություններ են ընկած Փոլ Արոյի «Վատահամբավ տունը» վեպի հիմքում: Վեպը, սակայն, էրոտիկ սյուժեների հավաքածու չէ, այլ դրամատիկ զարգացումներով մի պատմություն, որտեղ բացահայտվում է վատահամբավ տների մարդկանց հոգու և կենսագրության ողբերգական հատակը:",16.0,"Դրամա, Կատակերգություն"
918,Սպիտակ Բիմ,Գավրիլ Տրոեպոլսկի,https://zangakbookstore.am/media/products/300x0/ae5ec5eb12894a48a2d0fe552d5adabc(1).jpg,https://zangakbookstore.am/spitak-bim,,16.0,Unknown
919,ԿԷՑ աստղ,Ալեքսանդր Բելյաև,https://zangakbookstore.am/media/products/300x0/b147b6c589d600495fa2b3a170e3a349.jpg,https://zangakbookstore.am/kets-astkh,,16.0,Unknown
920,Դրակուլա։ Բրեմ Սթոքեր,Բրեմ Սթոկեր,https://zangakbookstore.am/media/products/300x0/7a0fb7afcb25ba37843f0c8013723a78.jpg,https://zangakbookstore.am/drakula-4,,16.0,Unknown
921,Աստղադիտարանի արձակ,Խուլիո Կորտասար,https://zangakbookstore.am/media/products/300x0/9ef1bd0df40212a939f0a88d5a9474c9.jpg,https://zangakbookstore.am/astkhaditarani-ardzak-papuk-kazm,,16.0,Unknown
922,Իմ անուշ փոքրիկ,Ուիլյամ Սարոյան,https://zangakbookstore.am/media/products/300x0/88d799fb1e4c76b5c0e9b595e49491b0.jpg,https://zangakbookstore.am/im-anush-poqrik,,16.0,Unknown
923,Հեղնար աղբյուր (Բաբելոնյան գրադարան),Մկրտիչ Արմեն,https://zangakbookstore.am/media/products/300x0/5f4c904518a5a02b01b3a2a5b680ccb4.jpg,https://zangakbookstore.am/hekhnar-akhbyur-babelonyan-gradaran,,16.0,Unknown
924,Ներսուդուրս,Գուրգեն Խանջյան,https://zangakbookstore.am/media/products/300x0/36cbebbb04d342d6c98be127f4a18370.jpg,https://zangakbookstore.am/nersudurs-xxi-matenashar,"Գուրգեն Խանջյանի նոր`«Ներսուդուրս» վեպը մեր ժամանակների մարդու բարդ հոգեաշխարհի գրողական նուրբ վերլուծություն է: Ինքն իր հետ անհաշտ, իր բարդույթները վերլուծելով՝ նա քրքրում է իր ներսը, բայց երկրում սկիզբ առած շարժումները նրան մղում են դուրս՝ իր ներսում եղածը պարպելու և հեղափոխելու ակնկալիքով:",16.0,"Դրամա, Թրիլլեր"
925,Խավարից այն կողմ,,https://zangakbookstore.am/media/products/300x0/d603a0e962eb20433a84fe7a5b15b325.jpg,https://zangakbookstore.am/khavarits-ayn-kokhm-papuk-kazm,,,Unknown
926,Ինչպես դաջվել սրտում. Սիրելու արվեստը,Արփի Վանյան,https://zangakbookstore.am/media/products/300x0/27bdc4b7c2f13ed29bbcf3f797e39c89.jpg,https://zangakbookstore.am/inchpes-dajvel-srtum-sirlu-arvesty,,16.0,Unknown
927,Բժիշկ Ջեքիլի և պարոն Հայդի տարօրինակ պատմությունը,Ռոբերտ Լուիս Սթիվենսոն,https://zangakbookstore.am/media/products/300x0/663737315741beeeb59570b013f5ddc3.jpg,https://zangakbookstore.am/bzhishk-jeqili-ev-paron-haydi-tarorinak-patmutyuny,,16.0,Unknown
928,Երկինքն ընտրյալներ չունի,Էրիխ Մարիա Ռեմարկ,https://zangakbookstore.am/media/products/300x0/687c55202f6db21210db3c3d485e0890.jpg,https://zangakbookstore.am/erkinqn-yntryalner-chuni,"է․ Մ․ Ռեմարկի այս վեպն առաջին անգամ՝ 1959 թ․, հատվածաբար լույս է տեսել համբուրգյան Kristall ամսագրում՝ Geborgtes Leben՝ «Կյանքը՝ պարտքով» վերնագրով։ 1961 թ․ լույս է տեսել որպես գիրք՝ «Երկինքն ընտրյալներ չունի» վերնագրով։

50-ական թթ․ սկզբին արդեն տարեց ավտոմրցարշավորդ Քլեղֆեն առողջարանում այցելում է իր երբեմնի գործընկերոջը, որ արդեն երկար ժամանակ բուժվում էր թոքախտից։ Այնտեղ նա ծանոթանում է ծանր հիվանդ Լիլիանին։ Վերջինս, որ արդեն տարիներ ի վեր արհամարհանքով էր վերաբերվում առողջարանի միօրինակ կենցաղին, խիստ կարգուկանոնին ու ձանձրույթին, օգտագործում է առիթն ու փախչում Քլեղֆեի հետ։ Միակ բանը, որ միավորում էր երկուսին, ապագա չունենալն էր․ Քլեղֆեն ապրում էր միայն մրցարշավից մրցարշավ՝ ամեն անգամ սպրդելով մահից, իսկ Լիլիանի կյանքն ամեն վայրկյան վտանգված էր թոքախտից։ Փարիզում, Հռոմում և Մոնտե Կառլոյում նրանք ապրեցին իրենց բաժին ընկած կարճատև կյանքը։",16.0,"Դրամա, Թրիլլեր"
929,Հոբ,Յոզեֆ Ռոթ,https://zangakbookstore.am/media/products/300x0/0bfe6e9361aee02db3fede94bd5ce84c.jpg,https://zangakbookstore.am/hob,,16.0,Unknown
930,Սիրահարություններ,Խավիեր Մարիաս,https://zangakbookstore.am/media/products/300x0/2336a8371305dee0b04e994686847921.jpg,https://zangakbookstore.am/siraharutyunner,,16.0,Unknown
931,Ինչու՞ ես տխուր,Սեյրան Գրիգորյան,https://zangakbookstore.am/media/products/300x0/a49c3710a96bc087437ea29b1bcab127.jpeg,https://zangakbookstore.am/girq-inchu-es-tkhur,,16.0,Unknown
932,Սպանություններ այբբենական կարգով,Ագաթա Քրիստի,https://zangakbookstore.am/media/products/300x0/9897b4fc75b0f0c608cbbc5980bd43af.jpg,https://zangakbookstore.am/spanutyunner-aybbenakan-kargov,"1936թ. լույս տեսած «Սպանություններ այբբենական կարգով» ստեղծագործությունը Ագաթա Քրիստիի ամենանշանավոր վեպերից է: Ամբողջ Անգլիան ցնցած ABC անունով հայտնի սերիական մարդասպանը իր նպատակին հասնելու համար սպանում է սովորական կյանքով ապրող և իրար հետ ոչ մի կապ չունեցող մարդկանց՝ ըստ նրանց անունների այբբենական կարգի: Մարդասպանի դեմ պայքարում է Էրքյուլ Պուարոն՝ նշանավոր խուզարկուն՝ փորձելով բացահայտել մութ պատմության բոլոր մանրամասները:

«Դետեկտիվի թագուհի» Ագաթա Քրիստիի պատկերավոր սպանությունների առեղծվածները տասնամյակներ շարունակ հետապնդել են ընթերցողներին: Նրա գրքերը հրատարակվել են ավելի քան 2 միլիարդ տպաքանակով և թարգմանվել են աշխարհի շուրջ 100 լեզուներով: Ագաթա Քրիստին գրանցված է Գինեսի համաշխարհային ռեկորդների գրքում՝ որպես բոլոր ժամանակների ամենավաճառված վիպագիրը: Նա նաև աշխարհի ամենաշատ թարգմանված հեղինակն է՝ առաջ անցնելով Ժյուլ Վեռնից և Ուիլյամ Շեքսպիրից: Բոլոր ժամանակների ամենախորհրդավոր պատմություններն ու կերպարները կերտած այս բրիտանացի վիպասանը աշխարհին նմանը չունեցող ժառանգություն է թողել:",16.0,"Առեղծված, Կենսագրություն"
933,Աղջիկը գնացքում,Փոլա Հոուքինս,https://zangakbookstore.am/media/products/300x0/1093c7f7eb91345b3138925801d7987f.jpg,https://zangakbookstore.am/akhjiky-gnatsqum,,16.0,Unknown
934,Կարմեն,Պրոսպեր Մերիմե,https://zangakbookstore.am/media/products/300x0/0662359b52dd62a4ca5508425513d61a.jpg,https://zangakbookstore.am/karmen,,16.0,Unknown
935,Արվեստագետի դիմանկարը պատանության հասակում,Ջեյմս Ջոյս,https://zangakbookstore.am/media/products/300x0/a5956cffd3904e602efd47d94669370a.jpg,https://zangakbookstore.am/arvestageti-dimankary-patanutyan-hasakum,"«Արվեստագետի դիմանկարը պատանության հասակում» (1916) վեպում Ջեյմս Ջոյսը պատկերել է գլխավոր հերոսի՝ նկարիչ Սթիվեն Դեդալուսի (կերպարում առկա են ինքնակենսագրական տարրեր) հոգևոր զարգացումը, պայքարը բարոյական և կրոնական «անառարկելի ճշմարտությունների» դեմ: Նա ըմբոստանում է արվեստին թշնամի հասարակության դեմ, հրաժարվում կեղծ ազգային արժեքներից և նվիրվում ստեղծագործական աշխատանքին՝ այն համարելով միակ բարձրագույն արժեքը:",16.0,"Պոեզիա, Դրամա"
936,Պորտնոյի ցավը,Ֆիլիպ Ռոթ,https://zangakbookstore.am/media/products/300x0/819d0abe3423b1ca4e5adc9a2b2db1a8.jpg,https://zangakbookstore.am/portnoyi-tsavy,"«Արգելված գրքեր» մատենաշար Ամերիկացի ականավոր գրող Ֆիլիպ Ռոթի մեծ աղմուկ հանած վեպը՝ «Պորտնոյի ցավը»(1969), հոգեվերլուծական մենախոսության պես գրված մի հանդուգն երգիծական գործ, ամերիկյան հրեա Ալեքսանդր Պորտնոյի տրագիկոմիկական խոստովանությունն է այն ավերների մասին, որ նրա ինքնությանը պատճառել են իրեն ձևավորած մշակույթը, ազգային կարծրատիպերն ու տաբուները՝ տեղիք տալով հոգեմաշ սեքսուալ մտասևեռման և մեղքի զգացման:",18.0,"Կենսագրություն, Դրամա"
937,Ժամանակի գետը,Վահագն Գրիգորյան,https://zangakbookstore.am/media/products/300x0/8c4bb28dc8927ac82f58c5becf80e350(1).jpg,https://zangakbookstore.am/zhamanaki-gety,"Վահագն Գրիգորյանի «Ժամանակի գետը» վեպ է մարդու և ճակատագրի, ներաշխարհի ու իրականության մասին՝ դիտված հայի ու Ցեղասպանության ակնոցով, միտված հարահոս ժամանակին՝ նրան, ինչ երեկ եղել է, այսօր կատարում է ու վաղը կլինի: 2009-ին վեպն արժանացել է ՀՀ Պետական մրցանակի:",16.0,"Դրամա, Կատակերգություն"
938,Կրուզո,Լութց Զայլեր,https://zangakbookstore.am/media/products/300x0/feea8b2b39187869847a1ed5e94ca3ac.jpg,https://zangakbookstore.am/kruzo,"Գերմանացի գրող Լութց Զայլերի «Կրուզո» վեպը, արտաքուստ հիշեցնելով ավանդական «ռոբինզոնադա», իրականում բարձրաձայնում է խնդիրներ, որոնք տարիներ շարունակ գաղտնի են պահվել: Ազատության ձգտող մարդկանց պատմություններ, որոնց ճակատագիրը ծովն էր որոշելու:",16.0,"Դրամա, Կենսագրություն"
939,Հարյուր տարվա մենություն,Գաբրիել Գարսիա Մարկես,https://zangakbookstore.am/media/products/300x0/588ac9306dad04b8166189f32ace02b5.jpg,https://zangakbookstore.am/haryur-tarva-menutyun,"Պատմելու արվեստի անգերազանց վարպետ Գարսիա Մարկեսի այս վեպը, որ «մոգական ռեալիզմի» կատարյալ դրսևորում է համարվել և «խոսքի գոթական տաճար» որակվել, XX դարի ամենաընթերցված ու ամենաշատ թարգմանված գործն է և շարունակում է նույնը մնալ նաև XXI դարում: Երևակայական Մակոնդո քաղաքը հիմնադրած Բուենդիաների տոհմի վեց սերունդների հարյուրամյա կյանքի պատմությամբ հեղինակն ամփոփ ներկայացնում է XIX դարի և XX դարի սկզբի Կոլումբիայի պատմությունը:",16.0,"Պատմական գեղարվեստական գրականություն, Կենսագրություն"
940,Դոնա Ֆլորը և իր երկու ամուսինները,Ժորժի Ամադու,https://zangakbookstore.am/media/products/300x0/a08635ac57c2be4a05825f91d3b6ec4d.jpg,https://zangakbookstore.am/dona-flory-ev-ir-erku-amusinnery,"Ժորժի Ամադուի «Դոնա Ֆլորը և իր երկու ամուսինները» վեպը բրազիլական իրականության լայն համապատկեր է, որտեղ կենցաղը, բարքերը, սերն ու կիրքը, մարդկային ամենատարբեր հարաբերությունները շաղկապվում են դոնա Ֆլորի երկու ամուսնությունների սյուժետային գծերին:",18.0,"Ռոմանս, Դրամա"
941,Հահ,Բիրգյուլ Օղուզ,https://zangakbookstore.am/media/products/300x0/e32085244e1f9dc5b777058219bad7e0.jpg,https://zangakbookstore.am/hah,"«Հա՛հ»-ը հոր մահն ու նրա իդեալների կորուստը սգացող երեք քրոջ հոգեւոր ճամփորդությունն է: Վեպ-պատմվածաշարի յուրաքանչյուր պատումն ազդու խորհրդածություն է վշտի թեմայով, հափշտակող մտապատկերների ոգեկոչում, ապշեցուցիչ դրամատիկ տրամադրությունների՝ զայրույթի, սիրո, հիասթափության, քմայքների, քնքշանքի եւ կարոտի հերթագայություն։ Սա մոգական գիրք է կյանքը փոփոխող այն հայտնությունների մասին, որոնք վիճակվում են ամեն մի վշտահար մարդու, թե՛ կյանքը, թե մահը փառաբանող գիրք։",16.0,"Դրամա, Ռոմանս"
942,Զբոսանք,Ռոբերտ Վալզեր,https://zangakbookstore.am/media/products/300x0/c717bd252c6903ff0083f56c21e87e60.jpg,https://zangakbookstore.am/zbosanq,"Ռոբերտ Վալլերի «Զբոսանք» կենսապատումը աշխարհի սիրով լցված կենսահաստատ զգացողության մասին է, բայց նաեւ մարդկային կյանքի ուղու, բնության տոնահանդեսի փառաբանության, որ հակասության մեջ է նյութական գոյության սուղ պայմանների հետ։ Ամենուր գրողին համակած եւ ընթերցողին վարակող մեծազոր, խանդավառ ու լավատեսական հույսը, որ ցավեցնող ու բուժիչ հումորի չափաբաժիններով լուսաճառագում է մարդկային ինքնագիտակցության խորշերում, համեմված է հոգեբանական մանրումեծ գյուտերի, տիեզերական մերձակցության եւ ստեղծագործական շնորհի հայտնութենական դրսեւորումներով։",16.0,"Կատակերգություն, Դրամա"
943,Ծիրանի փողը,Ակսել Բակունց,https://zangakbookstore.am/media/products/300x0/96b529913463dd380c888d4af0313c9e.jpg,https://zangakbookstore.am/tsirani-pokhy,"Գրքում ներկայացված է Ակսել Բակունցի պատմվածքների ընտրանին, որոնցից են «Խոնարհ աղջիկը», «Ալպիական մանուշակը»,«Մթնաձորի չարքը»… Բակունցի արվեստի մեծությունն այն է, որ տեսակետ չի հայտնում, կողմ չի բռնում, այլ ստեղծում է պատկերը և հետ քաշվում` եզրակացությունը թողնելով ընթերցողին:",12.0,"Դրամա, Գիտական ​​ֆանտաստիկա"
944,Ցնցող լուր,Քիարան Քարսոն,https://zangakbookstore.am/media/products/300x0/3ebb3160fa1f2ac6b5d43a84c8d9b602.jpg,https://zangakbookstore.am/tsntsokh-lur,"Իռլանդացի հետարդիապաշտ գրող Քիարան Քարսոնը փոքր կտավի բանաստեղծ է: Նրա ստեղծագործությունները հաճախ խորը ապրումի սեղմ պոռթկումներ են. ընդամենը մեկ կամ երկու վրձնահարված, որոնց սիմֆոնիկ հնչեղությունն ալիքվում է դատարկ էջին, մի քանի բառ, որոնց հաջորդում է մի ամբողջ տող դադար, սակայն նախորդ բառի կշիռը դեռ զգալի է մեկը մյուսին պարբերական պատկերայնությամբ կապված հաջորդ տողերի մեջ: Քարսոնը բանաստեղծություն է ներմուծում տագնապով, առեղծվածով, անորոշությամբ լիցքավորված լռությունը, որին հաջորդող և նախորդող թվացյալ աններդաշնակ լեզվական երկակի ծածկագրերն ու այլաբանական մակդիրային զուգորդումները, որքան էլ տարօրինակ հնչի հետարդիապաշտության համաշարում, բերում են խիստ իրական և տրամաբանական եզրահանգումների:",16.0,"Պոեզիա, Ժամանակակից"
945,Գաղտնիքը,Աննա Էնքուիստ,https://zangakbookstore.am/media/products/300x0/a6595b7262f171ccab7d451bb0d29a76.jpg,https://zangakbookstore.am/gakhtniqy,"Համերգներով հանդես եկող դաշնակահարուհի Վանդան երաժշտությունը դիտում է որպես իրականությունից փախչելու, խուսափելու մի միջոց: Նա դրանում է գտնում աշխարհում իր տեղի մասին հարցերի պատասխանները: Երբ Վանդան ստիպված է լինում ընտրություն կատարել, նա հանուն երաժշտության թողնում է իր ամուսնուն: Բայց երբ նրա մայրը մահվան մահճում բառացիորեն բացում է «գաղտնիքը», Վանդան այլևս ի վիճակի չէ «հեռանալ» իր երաժշտության մեջ: Ռևմատիկ խանգարումը նվագելու համար արգելք է հանդիսանում. նա չի կարող նորից մոտենալ դաշնամուրին, մինչև չի տրվում իր անցյալի հուշերին: Հեղինակը թեթև լուծումներ չի առաջարկում: Գրքի գագաթնակետը գաղտնիքի բացահայտվելը չէ, այլ ընթերցողին այդ գործընթացին հաղորդակից դարձնելը:",16.0,"Դրամա, Առեղծված"
946,Եվ ոչ ոք չմնաց,Ագաթա Քրիստի,https://zangakbookstore.am/media/products/300x0/c1341aa56621b77f6414db47fb9a71b7.jpg,https://zangakbookstore.am/ev-och-oq-chmnats,"«Եվ ոչ ոք չմնաց...» վեպը հեղինակը բնորոշել է որպես իր ստեղծագործություններից ամենադժվարը: Այն մոտ 100 միլիոն տպաքանակով համարվում է աշխարհի ամենավաճառված դետեկտիվ վեպը և ամենաշատ վաճառված գրքերից մեկն առհասարակ: Հրատարակվել է Մեծ Բրիտանիայում 1939թ.՝ «Տասը փոքրիկ սևամորթներ» վերնագրով: Մեկ տարի անց հրատարակվել է ԱՄՆ-ում՝ «Եվ ոչ ոք չմնաց...» վերնագրով, որով էլ հետագայում հայտնի դարձավ ամբողջ աշխարհում:

Տասը հոգի՝ միմյանց անծանոթ և առաջին հայացքից իրար հետ ոչ մի կապ չունեցող, հայտնվում են Սոլջըր Այլենդում՝ Զինվորի կղզում, որտեղ նրանց սպասում են տասը զինվորների ճենապակե արձանիկներով լի սկուտեղն ու անլուծելի առեղծվածը, թե ինչու են իրենց հրավիրել այդտեղ:

«Դետեկտիվի թագուհի» Ագաթա Քրիստիի պատկերավոր սպանությունների առեղծվածները տասնամյակներ շարունակ հետապնդել են ընթերցողներին: Նրա գրքերը հրատարակվել են ավելի քան 2 միլիարդ տպաքանակով և թարգմանվել են աշխարհի շուրջ 100 լեզուներով: Ագաթա Քրիստին գրանցված է Գինեսի համաշխարհային ռեկորդների գրքում՝ որպես բոլոր ժամանակների ամենավաճառված վիպագիրը: Նա նաև աշխարհի ամենաշատ",16.0,"Առեղծված, Կենսագրություն"
947,Դու հասկացա՞ր ինձ (Բաբելոնյան),Բաղիշ Հովսեփյան,https://zangakbookstore.am/media/products/300x0/1cbb2008fa38818d77734d4cdf1847cc.jpg,https://zangakbookstore.am/du-haskatsar-indz-babelonyan,,16.0,Unknown
948,Սերմնացանները չվերադարձան (Բաբելոնյան),Բաղիշ Հովսեփյան,https://zangakbookstore.am/media/products/300x0/10baccc6a57996cee10b9fa61f208451.jpg,https://zangakbookstore.am/sermnatsannery-chveradardzan-babelonyan,,16.0,Unknown
949,"Սպանել փրկչին, Հիստերիաներ",Գուրգեն Խանջյան,https://zangakbookstore.am/media/products/300x0/928f8a969ff09e7dcbbcfad6d22144a2.png,https://zangakbookstore.am/spanel-prkchin-histerianer,,16.0,Unknown
950,Զգացմունքից այն կողմ,Վանուհի Հովակիմյան,https://zangakbookstore.am/media/products/300x0/d2c3a5998695077e6ca1b27061a28a0d.jpg,https://zangakbookstore.am/zgatsmunqits-ayn-kokhm,,16.0,Unknown
951,Ստվերներ խամաճիկների փողոցում: Մարդկանց տուն ուղարկիր,Գուրգեն Խանջյան,https://zangakbookstore.am/media/products/300x0/f190bb5e3a8c2f0de185886f536427ed.png,https://zangakbookstore.am/stverner-khamachikneri-pokhotsum-mardkants-tun-ukharkir,,16.0,Unknown
952,Խրամատային գրառումներ,Գուրգեն Խանջյան,https://zangakbookstore.am/media/products/300x0/bdc7ac6e212639a8429fd8bd90693a34.png,https://zangakbookstore.am/khramatayin-grarumner,,16.0,Unknown
953,Կորած նամակներ,Հովհաննես Գրիգորյան,https://zangakbookstore.am/media/products/300x0/7332e0912ac878312cfdfa8415015e1c.crdownload,https://zangakbookstore.am/korats-namakner-hovhannes-grigoryan,,16.0,Unknown
954,Էռնեստ Հեմինգուեյ (կյանքի վկայություններ),Էռնեստ Հեմինգուեյ,https://zangakbookstore.am/media/products/300x0/b3e70a2e01e6aec153af36c71d24f016.jpg,https://zangakbookstore.am/ernest-heminguey-kyanqi-vkayutyunner,,16.0,Unknown
955,Կրակե շապիկ,Վարդգես Պետրոսյան,https://zangakbookstore.am/media/products/300x0/3100098288bab6b502ef0f16cbd2d9d3(1).jpg,https://zangakbookstore.am/krake-shapik,,16.0,Unknown
956,Զգուշացեք դռները չեն փակվում,Դավիթ Սամվելյան,https://zangakbookstore.am/media/products/300x0/101c338a5f7247043f583895efd3c211.jpg,https://zangakbookstore.am/zgushatseq-drnery-chen-pakvum,"Գրքի հերոսները հայ և իտալացի երիտասարդներ են. դեպքերը ծավալվում են երեք պետությունում՝ Հայաստան, Չինաստան, Իտալիա: Վիպակն ունի երկու հիմնական ուղղվածություն՝ անձնական հարաբերությունները և համաճարակը, և երբեմն զուգահեռները խաչվում են: Վիպակում գործողությունների ծավալման ողջ ընթացքում հանգուցալուծման բանալիներն առկա են, ընթերցողը պետք է պարզապես ուշադիր լինի վերջաբանը գուշակելու համար: Գիրքը վերջանում է պորտուգալացի գրող Ժոզե Սարամագոյից մեջբերումով: Այն հասկանալու համար ընթերցողը կա՛մ պետք է պորտուգալերեն իմանա, կա՛մ թարգմանի նախադասությունը:",16.0,"Կենսագրություն, Դրամա"
957,Սև կոթողը,Էրիխ Մարիա Ռեմարկ,https://zangakbookstore.am/media/products/300x0/6c7d1113541b2af6c1cc8e703baa799e.jpg,https://zangakbookstore.am/sev-kotokhy,"«Սև կոթողը» գերմանացի գրող Էրիխ Մարիա Ռեմարկի վեպն է, գրվել է 1956 թվականին: Վեպը ներկայացնում է 1920-ական թվականների սկզբների Գերմանիան՝ Առաջին աշխարհամարտի հետևանքներով: Գրքի գլխավոր հերոսը՝ Լյուդվիգը, իր ընկերներից շատերի պես Առաջին աշխարհամարտի վետերաններից է: Չնայած նա իր ամբողջ կյանքում ձգտել է բանաստեղծ դառնալ, այժմ նա աշխատում է իր ընկերոջ՝ Ջորջի փոքր կազմակերպությունում, որը զբաղվում է գերեզմանաքարեր մշակելով: Շուտով նա սիրահարվում է գեղեցիկ, բայց անհանգիստ բնավորությամբ Իզաբելին՝ հուսալով գտնել մեկին, որը կազատի իրեն պատերազմից հյուծված աշխարհում իմաստ գտնելու իր մոլուցքից: Սակայն յուրաքանչյուր մարդու կյանքում գալիս է մի պահ, երբ նա պետք է ընտրի ապրելը՝ անկախ պատմության կրկնվելու սարսափելի միտումից։",16.0,"Կենսագրություն, Դրամա"
958,Ստախոսը,Լևոն Նես,https://zangakbookstore.am/media/products/300x0/e4b5f87d51441e11413f5123c06b5f86.jpg,https://zangakbookstore.am/stakhosy,"Հաջողակ գործարար, տաղանդավոր նկարիչ, խուզարկու. վեպի «ստախոս» հերոսը տարբեր դիմակներով ճանապարհորդում է Գերմանիայից Ավստրիա, փորձում այս ճանապարհով փախչել ներկայից ու իր ճակատագրից, մոռանալ անցյալն ու երջանիկ լինել։ Արկածային ու գերբնական տարրերով, հոգեբանական նուրբ պատկերներով, հետաքրքիր զարգացմամբ ու անակնկալ ավարտով այս վեպը կլանում է առաջին էջերից ու բաց չի թողնում ընթերցողին մինչև անսպասելի ավարտը։",16.0,"Դրամա, Կատակերգություն"
959,"Բարև, թախիծ",Ֆրանսուազ Սագան,https://zangakbookstore.am/media/products/300x0/0f78e9306c18db11761001f17bbfd972.jpg,https://zangakbookstore.am/barev-takhits,"Վեպը ներկայացնում է երիտասարդ աղջկա մտահոգությունները, որն ուղղակի ուզում է հաճույք ստանալ կյանքի բոլոր դրսևորումներից։ Սեսիլը` ստեղծագործության գլխավոր հերոսուհին, դարձավ մի ողջ սերնդի խորհրդանիշ:",16.0,"Ռոմանս, Երիտասարդական"
960,Երիտասարդ Վերթերի տառապանքները,Յոհան Վոլֆգանգ Գյոթե,https://zangakbookstore.am/media/products/300x0/d47935229f9d45816cac6c5fbc39dc4b.jpg,https://zangakbookstore.am/eritasard-verteri-tarapanqnery,"«Երիտասարդ Վերթերի տառապանքները» գերմանացի գրող Յոհան Վոլֆգանգ ֆոն Գյոթեի սենտիմենտալային էպիսթոլարական վեպն է։ Առաջին անգամ տպագրվել է 1774 թվականին։ Վեպում գերմանական իրականության պատկերի ֆոնին արտացոլվում են հերոսի՝ անձնական տառապանքները։

«Երիտասարդ Վերթերի տառապանքները» վեպը դարձավ Գյոթեի երկրորդ գրական հաջողությունը «Գյոց ֆոն Բերլիխինգեն» դրամայից հետո։ Ինչպես դրաման, այնպես էլ նամակավեպը դասվում է «գրոհ և փոթորիկ» ուղղությանը։

Երիտասարդ Վերթերի տառապանքները» որոշ չափով կրում են ինքնակենսագրական բնույթ, այնտեղ Գյոթեն նկարագրել է իր պլատոնական սերը Շարլոտ Բուֆֆի նկատմամբ։ Գյոթեն նրա հետ ծանոթացել է 1772 թվականին, Վեցլարի կայսերական կամերալ դատարանում պրակտիկա անցնելու ժամանակ։ Սիրային պատմության ողբերգական վերջաբանի մոտիվը՝ Վերթերի ինքնասպանությունը, Գյոթեին ազդել է Կառլ Վիլհելմ Իերուզելեմի մահը, ով տառապում էր ամուսնացած կնոջ հանդեպ սիրուց։

Լոտտեի գրական կերպարը իր ծննդով պարտական է այդ ժամանակի Գյոթեի իր մյուս ընկերոջը՝ Մաքսիմիլիան ֆոն Լարոշին։",16.0,"Դրամա, Կենսագրություն"
961,Կույր երաժիշտը,Վլադիմիր Կորոլենկո,https://zangakbookstore.am/media/products/300x0/2f9992f2f0299c97b1265822682e4dcc.jpg,https://zangakbookstore.am/kuyr-erazhishty,"Վեպը մարդկային կամքի, տոկունության և այլ բարձր արժեքների մասին է:",14.0,"Դրամա, Կատակերգություն"
962,Շահմարի առեղծվածը,Մկրտիչ Սարգսյան,https://zangakbookstore.am/media/products/300x0/3e4408ad7569f4ba4ae08671aaff2673.png,https://zangakbookstore.am/shahmari-arekhtsvatsy,,16.0,Unknown
963,Օդավաճառը,Ալեքսանդր Բելյաև,https://zangakbookstore.am/media/products/300x0/5ed25a3acf234074799b1b19af5164c4.jpg,https://zangakbookstore.am/odavachary,"Ինչպես Բելյաևի բոլոր գիտաֆանտաստիկ ստեղծագործություններում, այստեղ էլ հեղինակը ցույց է տալիս գիտության զարգացման հետևանքով առաջ եկող բացասական երևույթները նաև, որի հիմնական պատճառը մարդկային ընչաքաղցությունն է: Վեպի հիման վրա Վլադիմիր Ռյաբցևը 1967 թվականին նկարահանել է համանուն ֆիլմը, որի գլխավոր դերակատարը հայազգի դերասան Արտյոմ Կարապետյանն է:",12.0,"Գիտական ​​ֆանտաստիկա, Կենսագրություն"
964,Օրվա մնացորդը,Կազուո Իշիգուրո,https://zangakbookstore.am/media/products/300x0/ecbbf647ae4c64ca192c86456dda5655.jpg,https://zangakbookstore.am/orva-mnatsordy,"Մինչ ծերացող ծառայապետ Ստիվընսը իր նոր տիրոջ հորդորով ճամփորդում է Անգլիայի արևմուտքով՝ առաջին անգամ համարձակություն ունենալով լքելու Դարլինգթըն Հոլը, նրա օրագրային վերհուշերն ընթերցողին տեղափոխում են անցյալ՝ ժամանակի մեծ իրադարձությունների կիզակետում հայտնված ծառայապետի երիտասարդ տարիները: Իշիգուրոն նկարագրում է մարդկային փխրուն, անդառնալի կյանքը՝ լի կարոտով, կորուստներով ու բաց թողած հնարավորություններով:",16.0,"Դրամա, Թրիլլեր"
965,Վերջին մոմերը,Թոնի Քուրթիս,https://zangakbookstore.am/media/products/300x0/3e48c6cef36daad5fc2a47c5951fff28.jpg,https://zangakbookstore.am/verjin-momery,"Քուրթիսի` հումանիզմով ներշնչված ստեղծագործությունը նախևառաջ ձոն է բնությանը, մարդուն, տիեզերքի ամենակարող ներդաշնակությանը: Առեղծվածայինի որոնումը հեղինակին հաճախ բերում է վերացարկման` էլ ավելի մոտեցնելով նրան ճշմարտությանը: Եվ որ ամենակարևորն է, այս ամենն այնքան ինքնաբուխ, հեղինակի կողմից առանց ավելորդ ճիգերի է արվում, որ անգամ անհեթեթին և խորհրդապաշտական զուգորդումներին դիմելիս Քուրթիսը մնում է պարզ իր ոճի մեջ:",16.0,"Գիտական ​​ֆանտաստիկա, Դրամա"
966,Ստվերի քայլերթը,Կլաուդիո Պոցցանի,https://zangakbookstore.am/media/products/300x0/b9458ccae566975bc8d2e51fcc16c70f.jpg,https://zangakbookstore.am/stveri-qaylerty,"«Ստվերի քայլերթը» եռալեզու գրքում ներկայացված են իտալացի բանաստեղծ, արձակագիր և արտիստ Կլաուդիո Պոցցանիի բանաստեղծությունները (հայերեն թարգմանությունը՝ Դավիթ Մաթևոսյանի, ռուսերեն թարգմանությունը՝ Վիկա Չեմբարցևայի)՝ կից հեղինակի ընթերցանությամբ ձայնասկավառակով:",16.0,"Պոեզիա, Կենսագրություն"
967,Հովհաննես Մկրտիչ,Մետաքսե,https://zangakbookstore.am/media/products/300x0/37148178dbaa12676ed8c7da3cce413c.jfif,https://zangakbookstore.am/hovhannes-mkrtich,,16.0,Unknown
968,Կարճ զբոսանք Օիշիդա գետի երկայնքով,Ռու Բորսոն,https://zangakbookstore.am/media/products/300x0/445aff38b7201f900c1065e64b218124.jpg,https://zangakbookstore.am/karch-zbosanq-oishida-geti-erkaynqov,"Բորսոնի բանաստեղծությունը ընթերցողին բերում է արդյունաբերական կյանքի աղմուկներից հեռու լուսանկարչական այնպիսի մանրամասների, որ միայն բնապաշտի դիպուկ աչքից չէին վրիպի: Նրա ստեղծագործության թեման բնությունն է, կամ ավելի ճշգրիտ` մերօրյա հասարակությունը, որ արդի տնտեսական ու տեղեկատվական զարգացման միտումների արդյունքում շարունակում է հեռանալ բնությունից:",16.0,"Ժամանակակից, Դրամա"
969,Աշխարհի պոետները մոր մասին,Սամվել Իսկանդարյան,https://zangakbookstore.am/media/products/300x0/e476433ee540028bef940dbaa7eccd31.jpg,https://zangakbookstore.am/ashkharhi-poetnery-mor-masin,"Այս գրքում ի մի են բերված աշխարհի պոետների լավագույն բանաստեղծությունները մոր մասին:
Նախատեսված է ընթերցող լայն շրջանների համար, հաճելի և օգտակար կլինի մեծերին ու փոքրերին:",16.0,"Պոեզիա, Դրամա"
970,"Ամուսնանա՞մ, թե՞ չէ",Լիանա Արզումանյան,https://zangakbookstore.am/media/products/300x0/2a2a2f89c4fced57dc4508669078517b.jpg,https://zangakbookstore.am/amusnanam-te-che,,16.0,Unknown
971,Ծերացած Աստվածն ու սատանան,Ռեն,https://zangakbookstore.am/media/products/300x0/257dae502f8166fd4f8f2e7e5d9aeca2.jpg,https://zangakbookstore.am/tseratsats-astvatsn-u-satanan,"Վիպակն առաջին անգամ տպագրվել է Բոստոնի «Հայրենիք» ամսագրում 1926 թվականին: Ռենը գրական ասպարեզ իջավ անցյալ դարի 10-ական թվականներին` իբրև այն նոր հոսանքի ներկայացուցիչ, որի անդամները վերանայում էին ավանդական հոգևոր արժեքները ոչ թե ժխտողականության դիրքերից, այլ թարմ հնչեղություն և անծանոթ երանգներ հաղորդելու մտայնությամբ: Դրանք այն գրողներն էին, որոնք ձգտում էին արտացոլել հանրային կյանքը` հոգեբանական խորը շեշտադրումներով ու զգացական լեզվի կիրառմամբ, հեղափոխել արվեստը հանուն արվեստի, այլ ոչ թե հեղափոխման:",14.0,"Պատմական գեղարվեստական գրականություն, Պոեզիա"
972,Ամուսնալուծությունից հետո,Գրացիա Դելեդդա,https://zangakbookstore.am/media/products/300x0/af7cb0778092a1d4f04af7364a2cf702.jpg,https://zangakbookstore.am/amusnalutsutyunits-heto,"Գրականության ասպարեզում Նոբելյան մրցանակի դափնեկիր իտալացի Գրացիա Դելեդդան առաջին անգամ է առանձին գրքով ներկայացվում հայ ընթերցողին: Հեղինակը գրեթե անծանոթ է հայ ընթերցողին, եթե չհաշվենք մեկ-երկու նորավեպ ու պատմվածք, որոնք տարբեր ժամանակներում տպագրվել են հայկական հանդեսներում: Թարգմանությունը իտալերենից Լուսինե Հակոբյանինն է:",16.0,"Պոեզիա, Կենսագրություն"
973,Լուսավորումներ Երկեր և նամակներ,Արթյուր Ռեմբո,https://zangakbookstore.am/media/products/300x0/17b57b696abde9624b8a808fa341a5e6.jpg,https://zangakbookstore.am/lusavorumner-erker-ev-namakner,,16.0,Unknown
974,Բանաստեղծության փոխարեն,Մհեր Արշակյան,https://zangakbookstore.am/media/products/300x0/b7d812cde669b6d6689f106908a69019.jpg,https://zangakbookstore.am/banastekhtsutyan-pokharen,,16.0,Unknown
975,Լոտո,Հարութ Կբեյան,https://zangakbookstore.am/media/products/300x0/819e3395ce50e599f89f886b8d2e8cec.jpg,https://zangakbookstore.am/loto,"Այս վեպը հեղինակը սկսել է գրել 2010 թվականին, ավարտին է հասցրել 10 տարի անց։ Գրքի գլխավոր հերոսները երկուսն են՝ գործազուրկ Պողոսը և նաիրյան երկրի նախագահը։ Ամեն ինչ սկսվում է այն պահին, երբ Պողոսը «Համապետական լոտոյի» տոմսակ է գնում։ Մրցանակը՝ հանդիպում նախագահի հետ։ Վեպը ներկայացնում է Նաիրի երկրի նախագահի անցյալը, կառավարման տարիները և ճակատագրական հանդիպումը Պողոսի հետ։ Ո՞րն է լինելու շահումը, նախագահն ի՞նչ է ընծայելու Պողոսին։ Ինչո՞ւ է նախագահը վիճակախաղ անցկացնում իր գահակալության մայրամուտին։ Պողոսը կհամաձայնի՞ ընդունել նախագահի առաջարկը։ «Բոլոր խոսակցությունները, թե կյանքը շախմատ է, չափազանցված են, Պողո՛ս։ Իրականում կյանքն ավելի շատ նման է շաշկիի։ Բոլորը ձգտում են հասնել ինչ-որ բանի։ Ամենահեշտը ճանապարհին ինչ- որ մեկի կամ մի քանիսի վրայով անցնելն է։ Պետք է զգույշ լինես, որ հանկարծ քեզ ֆուկ չանեն։ Չես անցնում դու՝ անցնում են քո վրայով: Կամ հանում են խաղից…»։",16.0,"Դետեկտիվ, Դրամա"
976,Արտեմիո Կրուսի մահը,Կառլոս Ֆուենտես,https://zangakbookstore.am/media/products/300x0/b35e199543a46fb20732523e81fc4f14.jpg,https://zangakbookstore.am/artemio-krusi-mahy,"«Արտեմիո Կրուսի մահը» վեպը մեքսիկացի գրող Կառլոս Ֆուենտեսի ամենանշանավոր ստեղծագործությունն է: Վեպում պատկերելով Մեքսիկայի սոցիալական կյանքի բարդ և խորը նկարագիրը, հեղինակը պատմում է միլիոնատեր դարձած մի գեղջուկ պատանու մասին՝ «խոշորացույցի» տակ դնելով իր հերոսի կյանքի վերջին ժամերը:",16.0,"Կենսագրություն, Դրամա"
977,Հուդա,Ամոս Օզ,https://zangakbookstore.am/media/products/300x0/d2fb861013126febf7df413ee8accd6d(1).jpg,https://zangakbookstore.am/huda,"Իսրայելցի գրող Ամոս Օզի «Հուդա» վեպը դավաճանության եւ դրա էության, հրեա-քրիստոնեական կապերի մութ կողմերի մասին է, որոնք կարեւոր հետք թողեցին արաբ-հրեական ժամանակակից պատմության վրա: Ամոս Օզի փիլիսոփայական, քաղաքական, կրոնական հայացքներն արտահայտվում են բարդ հոգեբանական թնջուկներով ու լարված հարաբերություններով, բայց միեւնույն ժամանակ գեղեցիկ պատմությամբ, որ ծավալվում է հին Երուսաղեմի խորհրդավոր մթնոլորտում:",18.0,"Կենսագրություն, Դրամա"
978,Կարմիրը և սևը,Ստենդալ,https://zangakbookstore.am/media/products/300x0/c676d60a2cdbbd8ff6b4e3c9209b22f4.jpg,https://zangakbookstore.am/karmiry-ev-sevy,"Ստենդալի «Կարմիրը և սևը» նշանավոր վեպի հերոսը համաշխարհային գրականության լավագույն կերպարներից մեկն է՝ ռոմանտիկ երիտասարդ, որն ուզում է մեծ գործ անել աշխարհում, ծառայել պետությանը, հասարակությանը, մարդկանց, գնում է կյանքի ետևից, բայց Ժյուլիենը դատապարտված է կործանման: Նրա սիրային պատմությունները ցնցող են ու գեղեցիկ, հոգեպես շատ խորը ապրված, բայց և դատապարտված, որովհետև կա ձգտում, բայց չկա իրականություն, որտեղ կարելի է իրագործել:",16.0,"Ռոմանս, Դրամա"
979,"Ես արդեն մեծացել եմ, մայրիկ",Վարդգես Պետրոսյան,https://zangakbookstore.am/media/products/300x0/1d5724a09a95279560f413ff05fab554(1).jpg,https://zangakbookstore.am/es-arden-metsatsel-em-mayrik,"Վիպակի հերոսները դեռահասներ են, որոնք շտապում են մեծանալ: Հեղինակը բացահայտում է բազմաթիվ խնդիրներ, որոնք հատուկ են ինքնուրույնության ձգտող պատանիներին:",14.0,"Դրամա, Կատակերգություն"
980,Չինական առասպելներ և լեգենդներ,,https://zangakbookstore.am/media/products/300x0/5a48aad9aeed82897fc2338ca023f7f4.jpeg,https://zangakbookstore.am/chinakan-araspelner-ev-legendner,"Գիրքը ներկայացնում է չինական հնագույն առասպելների, լեգենդների, ավանդազրույցների նմուշներ, որոնցում արտահայտված է չինական դիցաբանության հզոր ոգին և էությունը՝ բազմազան արտահայտություններով ու դրսևորումներով, հերոսների գործելակերպով՝ աշխարհի ստեղծումից մինչև այն կառավարելը և զարգացնելը: Ժողովածուն նախատեսված է ընթերցողական լայն շրջանակի համար:",16.0,"Ֆանտաստիկա, Դրամա"
981,Ռոջեր Էքրոյդի սպանությունը,Ագաթա Քրիստի,https://zangakbookstore.am/media/products/300x0/93b1638ec4d66f9249883fa2617bdf32.jpg,https://zangakbookstore.am/rojer-eqroydi-spanutyuny,"Ագաթա Քրիստիի ամենահակասական գործը՝ «Ռոջեր Էքրոյդի սպանությունը»՝ իր նորարարական վերջաբանով, նոր էջ բացեց դետեկտիվ ժանրի պատմության մեջ: 1926թ. լույս տեսած վեպը համարվում է բոլոր ժամանակների լավագույն դետեկտիվ ստեղծագործություններից մեկը: Անգլիայի խաղաղ գյուղակներից մեկը՝ Քինգզ Էբոթը, ցնցվում է տեղի մեծահարուստ ու հարգարժան մարդկանցից մեկի՝ Ռոջեր Էքրոյդի սպանության լուրից: Առաջին հայացքից պարզ թվացող գործը աստիճանաբար ավելի ու ավելի խճճված ընթացք է ստանում: Եվ միայն Էրքյուլ Պուարոն, որ երջանիկ պատահականությամբ անցել է հանգստի ու ինկոգնիտո բնակություն հաստատել Քինգզ Էբոթում, կարող է բացել կծիկը: Այս հարցում նրան օգնում է բժիշկ Շեփարդը, որի անունից էլ ներկայացվում է պատումը:",16.0,"Դետեկտիվ, Առեղծված"
982,Երկկենցաղ մարդը,Ալեքսանդր Բելյաև,https://zangakbookstore.am/media/products/300x0/31b9164ac071120e676160861142747e.jpg,https://zangakbookstore.am/erkkentsakh-mardy,"Ալեքսանդր Բելյաևի «Երկկենցաղ մարդը» գիտական ֆանտաստիկայի համաշխարհային գլուխգործոցներից է: Ի դեպ, 2020 թվականին է միայն պարզվել, որ գիրքը հայերեն թարգմանել է Գուրգեն Մահարին աքսորում եղած ժամանակ:",14.0,"Գիտական ​​ֆանտաստիկա, Պոեզիա"
983,Դերսու Ուզալա,Վլադիմիր Արսենև,https://zangakbookstore.am/media/products/300x0/08c06b6c980a1b831c473065d33af47b.jpg,https://zangakbookstore.am/dersu-uzala,"Վլադիմիր Արսենևի «Դերսու Ուզալա» ստեղծագործությունը իմաստուն, բարի և խիզախ որսորդի մասին է, որը, կորցնելով կնոջ ու զավակներին, տայգայում ապրում էր բաց երկնքի տակ: Արսենևի հերոսը իրական է, որը մարդու և բնության միաձույլ համերաշխության խորհրդանիշն է: Վեպի հիման վրա Ակիրա Կուրոսավան նկարել է համանուն ֆիլմը, որը ռեժիսորի միակ լայմաֆորմատ ժապավենի վրա նկարահանած ֆիլմն է:",12.0,"Ֆանտաստիկա, Կատակերգություն"
984,Կորիր ինձ հետ,Աննա Ազբեկյան,https://zangakbookstore.am/media/products/300x0/75544b635f78c4e735d8d6155fdc0040.jpg,https://zangakbookstore.am/korir-indz-het,Աննա Ազբեկյանի նովելները հրապարակվել են Հայաստանի գրական մամուլում : Մի քանի նովելներ թարգմանվել և հրապարակվել են ֆրանսերենով: Հայաստանում առանձին գրքով ներկայանում է առաջին անգամ:,14.0,"Պոեզիա, Կենսագրություն"
985,Պրոֆեսոր Դուելի գլուխը,Ալեքսանդր Բելյաև,https://zangakbookstore.am/media/products/300x0/babf5e72e6a5ba9b3e88cd2125af3186.jpg,https://zangakbookstore.am/profesor-dueli-glukhy,"Ռուսական Ժյուլ Վեռն համարվող Ալեքսանդր Բելյաևը այս վեպը համարում է ինքնակենսագրական բնույթի, քանի որ ոտքերի կաթվածահար լինելու պատճառով երեք տարի գամված է եղել անկողնում և գլուխն զգացել է առանց մարմնի:",16.0,"Դրամա, Դետեկտիվ"
986,Քաղաքի կիսաբաց լուսամուտները,Վարդգես Պետրոսյան,https://zangakbookstore.am/media/products/300x0/f256ea3f269ff0a2431162f06f6bd273.jpg,https://zangakbookstore.am/qakhaqi-kisabats-lusamutnery,"Վիպակն առաջին անգամ տպագրվել է 1964 թվականին: Առաջին հայացքից կարող է թվալ, թե վիպակը 1960-ականներին թափ առած քաղաքաշինության մասին է, սակայն ավելացող բնակարանները իրենց հետ ի մի են բերում մարդկային բազմաթիվ ճակատագրեր, որոնք առանձին-առանձին մի պատմություն են:",14.0,"Գիտական ​​ֆանտաստիկա, Դրամա"
987,Դեղատուն «Անի»,Վարդգես Պետրոսյան,https://zangakbookstore.am/media/products/300x0/125fd0f50c7e9b2dba9688ae0bb422a8.jpg,https://zangakbookstore.am/dekhatun-ani,"Վիպակում ներկայացված են մի քանի երիտասարդների մտորումները իրարից անկախ: Հեղինակին հաջողվել է տալ երիտասարդների մի քանի կերպարներ, որոնք ճակատագրով խաչվում են իրար և վեր հանում երիտասարդության առկա խնդիրները:",16.0,"Դրամա, Երիտասարդական"
988,Մտքիս կծիկը,Գրիգոր Մաչանենց,https://zangakbookstore.am/media/products/300x0/e371f7d4527282d7351393c699351e81.jpg,https://zangakbookstore.am/mtqis-ktsiky-1,"Այս գիրքը Գ․ Մաչանենցի բանաստեղծական չորս գրքերի ամփոփումն է՝ մեկտեղված նոր ժողովածուի և պոետ-նկարչի գեղանկարների հետ, որով ընթերցողը կարող է հաղորդվել բանաստեղծ-նկարչի ինքնատիպ աշխարհընկալմանը:",15.0,"Պոեզիա, Ժամանակակից"
989,Եթէ,Կարօ Արսլանեան,https://zangakbookstore.am/media/products/300x0/9660943f53691ae9b9a8e389a71f17f3.crdownload,https://zangakbookstore.am/ete-1,"Փունջ մը բանաստեղծութիւններ նուիրուած սիրոյ, աղօթքի ու պայքարի՝ համամարդկային գոյներով ու ապրումներով շաղախուած:",16.0,"Պոեզիա, Կատակերգություն"
990,Մտքիս կծիկը,Գրիգոր Մաչանենց,https://zangakbookstore.am/media/products/300x0/b83ad69521e783cf11e01e10a24c740f.jpg,https://zangakbookstore.am/mtqis-ktsiky,"Այս գիրքը Գ․ Մաչանենցի բանաստեղծական չորս գրքերի ամփոփումն է՝ մեկտեղված նոր ժողովածուի և պոետ-նկարչի գեղանկարների հետ, որով ընթերցողը կարող է հաղորդվել բանաստեղծ-նկարչի ինքնատիպ աշխարհընկալմանը:",15.0,"Պոեզիա, Ժամանակակից"
991,Եթէ,Կարօ Արսլանեան,https://zangakbookstore.am/media/products/300x0/b735b601e88e81b1536129ecf91d4475.jpg,https://zangakbookstore.am/ete,"Փունջ մը բանաստեղծութիւններ նուիրուած սիրոյ, աղօթքի ու պայքարի՝ համամարդկային գոյներով ու ապրումներով շաղախուած:",16.0,"Պոեզիա, Կատակերգություն"
992,Հատուցում,Էմա Գլաս,https://zangakbookstore.am/media/products/300x0/21da2508f77ac74a3bf5e94ea9083c32.jpg,https://zangakbookstore.am/hatutsum,"Սեռական բռնության և վրիժառության ցնցող ու արտասովոր պատմություն է դեռահաս աղջկա հոգեկան ու մարմնական վնասվածքների մասին: Սյուրռեալիստական վեպ թ աղջնակի մասին, որը հրաժարվում է իրեն զոհ զգալ և փորձում է իքնուրույն դիմակայել իրեն բաժին հասած փորձությանը:",18.0,"Դրամա, Թրիլլեր"
993,Ալյասկայի որոնումներում,Ջոն Գրին,https://zangakbookstore.am/media/products/300x0/36a701728b49c4a394369bcdd53cc3cf.jpg,https://zangakbookstore.am/alyaskayi-oronumnerum,"Տասնվեցամյա Մայլս Հոլթերը հետաքրքրվում է հայտնի մարդկանց վերջին խոսքերով: Հետևելով ֆրանսիացի գրող Ֆրանսուա Ռաբլեի՝ մահվանից առաջ հնչեցրած մեկ արտահայտությանը՝ նա թողնում է ծնողների հետ իր ձանձրալի կյանքն ու «Մեծ եթե»-ի որոնումներում ուղևորվում Քալվեր Քրիք դպրոց: Այստեղ նա գտնում է իր առաջին ընկերներին ու սիրահարվում Ալյասկա անունով մի աղջկա, որը տակնուվրա է անում տղայի կյանքը, իսկ հետո՝ անհետանում: Ողբերգական իրադարձությունները ստիպում են Մայլսին խորասուզվել կյանքի ու մահվան վերաբերյալ մտորումներում։",16.0,"Դրամա, Երիտասարդական"
994,Ոչ մի շաբաթ առանց Հրանտ Մաթևոսյանի,Հրանտ Մաթևոսյան,https://zangakbookstore.am/media/products/300x0/0949f39302513d60eedc620b9d11af97.jpg,https://zangakbookstore.am/och-mi-shabat-arants-hrant-matevosyani,"«Զանգակ» հրատարակչության՝ 2017 թվականին սկզբնավորված «Ոչ մի շաբաթ առանց բանաստեղծության. ընտրանի– օրագիր» նախագիծը, անցնելով անկախության պոեզիայի (2017), հայ դասական բանաստեղծության (2018) և Հովհաննես Թումանյանին նվիրված հոբելյանական (2019) հրատարակությունների հանգրվաններով, այս անգամ ընթերցողին է ներկայանում «Ոչ մի շաբաթ առանց Հրանտ Մաթևոսյանի» գրքով։ Հայ մեծ արձակագրի ծննդյան 85– ամյակին նվիրված այս ընտրանին պահպանել է արդեն հրատարակված ժողովածուների ձևաչափը, այն է` շաբաթվա օրերն ընդգրկող, նշումների համար նախատեսված հատված և գրական մաս։ Գրքում ներառված են հատվածներ Հրանտ Մաթևոսյանի գրեթե բոլոր երկերից, պատառիկներ նրա ստեղծագործական ժառանգության կարևոր մասը կազմող հարցազրույցներից, հատվածներ էսսեներից, տարբեր հրատարակությունների առաջաբաններից ու հոդվածներից:",16.0,"Պոեզիա, Դրամա"
995,Հանճարների գիրքը,Հարություն Ղուկասյան,https://zangakbookstore.am/media/products/300x0/adfbd1317e9d54db88fc68bb016574d7.jpg,https://zangakbookstore.am/hancharneri-girqy,"Դեռևս միլիոնավոր տարիներ առաջ, երբ մարդկային ռասան գտնվում էր զարգացման նախասկզբնական փուլում և ապրում էր անտառներում, վայրի գազանների պես, երկիր մոլարակի մի գողտրիկ անկյունում, Արրատա անունը կրող քաղաքում իսկական` գերզարգացած քաղաքակրություն կար: ակայն Արրատան իր մեջ բազում գաղտնիքներ էր թաքցնում: Օրիոնի համաստեղությունից ժամանած եկվորները հիմնել էին քաղաքը և թաքցնել այնտեղ համատիեզերական իմաստնությունը կրող Հանճարների Գիրքը: Այս Գրքի համար էլ սկսվում է կատաղի և արյունալի պատերազմ: Ո՞վ կտիրանա Գրքին: Արդյո՞ք այն կօգտագործվի խաղաղություն և համերաշխություն հաստատելու, թե՞ տիեզերքին տիրանալու նպատակով:Որոշիչ դերը կունենա Գրքի Հանճարը, ով դեռ պիտի հայտնվի:",18.0,"Թրիլլեր, Դրամա"
996,Ծուղակ 22,Ջոզեֆ Հելեր,https://zangakbookstore.am/media/products/300x0/f46b94b8e816f655f25e45973a3c092b.jpg,https://zangakbookstore.am/tsukhak-22,"Երկրորդ համաշխարհային պատերազմի մասին թերևս ամենաարտասովոր ստեղծագործություններից մեկը ի ցույց է դնում պատերազմի արհավիրքները պարադոքսային տրամաբանությամբ, ինքնահակասող սիլոգիզմներով ու վառ, գունեղ, գրեթե շոշափելի կերպարներով: Պատերազմական անելանելիությունը և ահռելի ողբերգության մեջ ծաղկող մարդկային խարդախությունը վեպում ներկայացվում են սև հումորի և աբսուրդային իրավիճակների միջոցով: Վեպի ժամանակագրորեն կտրտված գլուխները հավելյալ լարումով պատկերում են մտացածին 256–րդ ավիաջոկատի մարտական օդաչուների կյանքը պատերազմի ժամանակ, որտեղից ողջ դուրս պրծնելու միակ տարբերակը չմահանալն է, իսկ չմահանալու համար պետք է հաջողել ողջ մնալ, ու հենց այստեղ է ծուղակը:",16.0,"Դրամա, Թրիլլեր"
997,Տղան լեռան գագաթին,Ջոն Բոյն,https://zangakbookstore.am/media/products/300x0/2faab8a62f34d0a0798fc57b48de51bc.jpg,https://zangakbookstore.am/tkhan-leran-gagatin,"Սա իշխանության հասնելու հմայքի և երիտասարդների վարքի մասին ազդեցիկ պատմություն է ՝ լի կյանքը դառնացնող ցավով և զղջումով: Անհնար է մի կողմ դնել վերին աստիճանի տխուր և նույնքան շքեղ այս պատմությունը: Բոյնն իր տարիքի մեջ է, երբ ուսումնասիրում է մեղքն ու մեղավորությունը:",16.0,"Երիտասարդական, Ռոմանս"
998,Ազատագրված հիսուն երանգներ,Է.Լ. Ջեյմս,https://zangakbookstore.am/media/products/300x0/1df6fe9f061bdcf26d1b6a0b21d6d84a.png,https://zangakbookstore.am/azatagrvats-hisun-erangner,"Է Լ Ջեյմսը հեռուստատեսության նախկին աշխատակից է, կին և երկու երեխաների մայր, որն ապրում է Արևմտյան Լոնդոնում: Վաղ մանկությունից նա երազել է գրել այնպիսի պատմություններ, որոնք կսիրվեն ընթերցողների կողմից, բայց մի կողմ է դրել այդ երազանքները ընտանիքի և կարիերայի վրա կենտրոնանալու համար: Վերջապես, հավաքելով իր ողջ խիզախությունը, նա թղթին է հանձնել իր առաջին վեպը՝ «Մոխրագույնի հիսուն երանգները»: Նա նաև հեղինակել է «Մոխրագույնի ավելի մուգ երանգները» և «Հիսուն երանգների ազատագրումը» վեպերը:",18.0,"Կենսագրություն, Երիտասարդական"
999,Կլառնետահարը,Էրջյումենթ Ջենգիզ,https://zangakbookstore.am/media/products/300x0/081dc3873b3873b5e66d8780b31c5583.jpg,https://zangakbookstore.am/klarnetahary,"Գիրքը Օսմանյան Կայսրության մայրաքաղաք Կոստանդնապոլսից ԱՄՆ՝ Չիկագո հասած թուրք կլառնետահար Օսմանի, նրա հայ ընկեր Գեւորգի եւ նրա հայուհի սիրելիի՝ Մելինեի ու նրանց սերունդների պատմության մասին է։ Ընթերցողը կտեղափոխվի 19-րդ դարի վերջի օսմանյան գինետներ, ապա ամերիկյան նորաստեղծ ջազակումբներ, որտեղ արկածներին, մարդկային կյանքին, ողբերգություններին ու դարավերջի բարքերին նվագակցում են արեւելյան դասական երաժշտության ու ամերիկյան ջազի գրավիչ հնչյունները։",16.0,"Պատմական գեղարվեստական գրականություն, Դրամա"
1000,Հավերժության պատմություն,Խորխե Լուիս Բորխես,https://zangakbookstore.am/media/products/300x0/5e9b323d8ebc85b899ef88a744848611(1).jpg,https://zangakbookstore.am/haverzhutyan-patmutyun,,16.0,Unknown
1001,Մեղքի հարյուր տարին,Մհեր Բեյլերյան,https://zangakbookstore.am/media/products/300x0/c9282154313777b9f432c32af93853d0.jpg,https://zangakbookstore.am/mekhqi-haryur-tarin,"Արդի հայ արձակի ինքնատիպ հեղինակներից մեկի՝ Մհեր Բեյլերյանի նոր ժողովածուն ներառում է վերջին տարիների նրա ստեղծագործությունները, որոնք հատկանշվում են թեթեւ ու անչար հումորով, ժանրային յուրօրինակ իրացումներով:",16.0,"Պոեզիա, Կենսագրություն"
1002,Դևը և օրիորդ Պրիմը,Պաուլու Կոելյու,https://zangakbookstore.am/media/products/300x0/a36588fd89631112f5b3d8db3e3d55da.jfif,https://zangakbookstore.am/devy-ev-oriord-primy,"Ֆրանսիայի հեռավոր գյուղերից մեկի՝ Վիսկոսի բնակիչները ճակատագրական որոշում կայացնելու համար յոթ օր ունեն: Կհամարձակվե՞ն արդյոք հաղթահարել սեփական վախերն ու ոսկու տասը ձուլակտորի դիմաց մարդ սպանել: Ի՞նչը կընտրեն՝ բարի՞ն, թե՞ չարը: «Դևը և օրիորդ Պրիմը» վեպում Պաուլու Կոելյուն ներկայացնում է լույսի ու խավարի հավերժական պայքարը, որն ամեն վայրկյան մղվում է մարդկանց հոգիներում`թույլ տալով գիտակցել սեփական երազանքին հասնելու, մյուսներից տարբերվելու և լիարժեք կյանքով ապրելու հատկությունը:",16.0,"Դրամա, Ռոմանս"
1003,Կարմրահեր կինը,Օրհան Փամուք,https://zangakbookstore.am/media/products/300x0/d494a431e2d62f29580bcb72057062d6.jfif,https://zangakbookstore.am/karmraher-kiny,"Օրհան Փամուքի «Կարմրահեր կինը» վեպը կրկին արծարծում է ինքնուրույն որոնման թեման, բայց այս անգամ ճակատագրապաշտության իշխող մոտիվով, որում զուգադրված են «Ռոստամ և Սոհրաբի» և «Էդիպ արքայի» սյուժեները յուրօրինակ փոխակերպմամբ:",18.0,"Դրամա, Կատակերգություն"
1004,99 ֆրանկ,Ֆրեդերիկ Բեգբեդեր,https://zangakbookstore.am/media/products/300x0/c88823a8f5e6777e64adb287469c6c9e.jpg,https://zangakbookstore.am/99-frank,"Ֆրեդերիկ Բեգբեդերի '99 ֆրանկ' վեպը հատկանշվում է գովազդային բիզնեսի՝ խելագար ու անհասկանալի այդ աշխարհի սպանիչ ծաղրով, աշխարհ, որտեղ բոլորը արհամարհում են միմյանց, եվ որտեղ անիմաստ կորչում է մարդկային հոգևոր ներուժը: '99 ֆրանկը' նաև սադրիչ վեպ է՝ գրված ժամանակի ոգով եվ բանավիճային տարերքով:",16.0,"Կատակերգություն, Դրամա"
1005,Ամառը Բադենում,Լեոնիդ Ցիպկին,https://zangakbookstore.am/media/products/300x0/1d5724a09a95279560f413ff05fab554.jpg,https://zangakbookstore.am/amary-badenum,"Լեոնիդ Ցիպկինի «Ամառը Բադենում» փաստավավերագրական վեպը համարվում է «վերջին հիսնամյակում ամերիկայում տպագրված ամենահանճարեղ անհայտ ստեղծագործությունը»: Այն պատմում է Ֆյոդոր Դոստոևսկու ճանապարհորդությունը դեպի Գերմանիա կնոջ՝ Աննաի հետ՝ միահյուսված հեղինակի դատողություններով ու մեկնաբանություններով, ով նույն ճանապարհն է անցնում գրեթե հարյուր տարի անց:",16.0,"Արկածային, Առեղծված"
1006,Ես այնժամ դեռ մահամերձ,Ուիլյամ Ֆոլքներ,https://zangakbookstore.am/media/products/300x0/a9ebb59a55f9a1b4c97d98d21687585f.jpg,https://zangakbookstore.am/es-aynzham-der-mahamerdz,"Ուիլյամ Ֆոլքների «Ես այնժամ, դեռ մահամերձ» (1930) վեպը կոմպոզիցիոն առումով կառուցված է որպես հերոսների կարճ ու երկար մենախոսությունների շղթա, որում հեղինակային տեքստն իսպառ բացակայում է: Այն մի ծեր ֆերմերի՝ տասը օր ձգվող թաղման պատմություն է: Հայերեն հրատարակվում է առաջին անգամ:",16.0,"Դրամա, Կատակերգություն"
1007,Ես XX-ի եղբայրն եմ,Ֆլյոր Եգգի,https://zangakbookstore.am/media/products/300x0/2c855e8719e426d615476751c378f16b.png,https://zangakbookstore.am/es-xx-i-ekhbayrn-em,"Շվեյցարացի ժամանակակից գրող Ֆլ յոր Եգգիի պատմվածքների այս ժողովածուն ընդգրկում է կարճ ու խորիմաստ պատմություններ՝ տարօրինակ կերպարներով, այնպիսի անբռնազբոս հոգեվիճակներում, որոնք թերևս առաջին հայացքից անընդունելի, սակայն նույնքան համոզիչ կթվան ընթերցողին: Հերոսներ՝ մտացրիվ ու զգայուն, որ կյանքի ու մահվան գաղափարի, կարևորության գիտակցության սեփական անկեղծ վերլուծությամբ արթնացնում են կարեկցանքի ու քնքշանքի զգացողություն:",16.0,"Դրամա, Կենսագրություն"
1008,Երևան քաղաք,Հուսիկ Արա,https://zangakbookstore.am/media/products/300x0/05f1584ad2795f94679a5572f20951d0.jpeg,https://zangakbookstore.am/erevan-qakhaq,"Հարազատ միևնույն ժամանակ՝ օտար, հյուրընկալ ու՝ վանող, գեղեցիկ, ու ՝ անդուր, բայց ամեն դեպքում ՝ սիրելի Երևանի բանաստեղծականացումն է Հուսիկ Արայի ժողովածուն: Հոգեբանական տպավորից ընկալումների, սիրո և հավատարմության բաց ու անկեղծ խոստովանույթունների, բայց և՝ քննադատող հայացքի համադրությունը օգնում է ընկալել մեր սիրելի մայրաքաղաքի՝ մեր թևերի մեջ մեծացած աղջկա կերպասրն իր ամբողջության մեջ:",16.0,"Ռոմանս, Դրամա"
1009,Հավերժության օրենքը,Նոդար Դումբաձե,https://zangakbookstore.am/media/products/300x0/1952ff94d80646ace3ee78d86d972f35.jpg,https://zangakbookstore.am/haverzhutyan-orenqy,"Վրացի ականավոր արձակագիր Նոդար Դումբաձեի «Հավերժության օրենքը» վեպն ու «Ես, տատիկը, Իլիկոն և Իլարիոնը» վիպակը նրա լավագույն ստեղծագործություններից են: Երկուսն էլ հատկանշվում են իրականության հոգեբանական դիտարկումներով, պայծառ լավատեսությամբ, արտասովոր քնարականությամբ, հոգեպարար հումորով, ինչպես նաև ժողովրդախոսակցական լեզվի ու մտածողության հյութեղ բառ ու բանով:",16.0,"Կատակերգություն, Պոեզիա"
1010,Տեղը,Աննի Էռնո,https://zangakbookstore.am/media/products/300x0/fb2cb93b6fa09aa506ecde08e6a955b6.jpg,https://zangakbookstore.am/tekhy,"Աննի Էռնոն ամբողջ երիտասարդությունն անց է կացրել Իվըտոյում՝ Նորմանդիայում: Ֆրանսիայի բարձրագույն կրթության ազգային մրցույթում ստանալով գրականության դասախոսի դիպլոմ՝ նա դասավանդել է Աննըսիում, Պոնտուազում, ինչպես նաև Հեռակա ուսուցման ազգային կենտրոնում: Բնակվում է Վալ-դ’Ուազում՝ Սերժիում:",16.0,"Երիտասարդական, Դրամա"
1011,Նշան,Բլաժե Մինևսկի,https://zangakbookstore.am/media/products/300x0/e4c18f470ee57bbcf279c4ec31b0d18f(1).jpg,https://zangakbookstore.am/nshan,"Երկու դիպուկահար՝ տղամարդ և կին... Եվ մինչ տղամարդը հարմարեցնում է նշանը՝ կինն արդեն թիրախ է դարձրել նրան: Ուստի տղամարդը դառնում է մի յուրօրինակ Շահրեզադե, որ իր կյանքի պատմությունն է պատմում դիմացինին՝ նոր «հազար ու մեկ գիշերվա» հույսով:",16.0,"Դրամա, Երիտասարդական"
1012,Ճանապարհով գնում է մի մարդ,Օթար Ճիլաձե,https://zangakbookstore.am/media/products/300x0/25a9676709fd97fbd2e549df7766e27b.jpg,https://zangakbookstore.am/chanaparhov-gnum-e-mi-mard,Վրացի հանրահայտ արձակագիր Օթար Ճիլաձեի «Ճանապարհով գնում էր մի մարդ» վեպն առաջին հայացքից հին հունական դիցաբանության հանրահայտ սյուժեների չափազանց տեղայնացված մշակում է: Այնինչ խորքում վեպը հայրենիքի ու հայրենիքի կարոտի խորունկ ընդհանրացում է ՝ հուզական տպավորիչ շեշտադրումներով:,16.0,"Պոեզիա, Դրամա"
1013,Ձախ կողմի վարպետը,Ալբերտո Մուսսա,https://zangakbookstore.am/media/products/300x0/e0892024f520d04545f56da897117bd6.jpg,https://zangakbookstore.am/dzakh-kokhmi-varpety,"Ռիո դե Ժանեյրո, 1913 թվական: Բրազիլիայի նախագահի քարտուղարը սպանվել է «Հնարքների տան» ննջասենյակներից մեկում: Այս հին տունը, որ ինչ-որ ժամանակ պատկանել է մարկիզ Սանթոսին, հետագայում վերածվել է գաղտնի սիրեկանների բնի՝ գործելով բժշկական հաստատության դիմակի ներքո եւ ղեկավարվելով կանացի սեքսուալ ֆանտազիաների ուսումնասիրությամբ տարված գիտնականների կողմից:",16.0,"Դետեկտիվ, Դրամա"
1014,Սև կապիկը,Զախար Պրիլեպին,https://zangakbookstore.am/media/products/300x0/8566321e50de1c3066039b82fbc0595e.png,https://zangakbookstore.am/sev-kapiky,"«Սև կապիկը» ռուս ժամանակակից գրող Զախար Պրիլեպինի աղմկահարույց վեպն է, որում համադրված են հոգեբանական դրաման և քաղաքական թրիլերը: Խմբագրության առաջադրանքով երիտասարդ լրագրողը հայտնվում է գաղտնի լաբորատորիայում, որտեղ ուսումնասիրում են առանձնակի դաժանությամբ աչքի ընկնող երեխաներին...",16.0,"Կենսագրություն, Դրամա"
1015,Հուսարը տանիքի վրա,Ժան Ժիոնո,https://zangakbookstore.am/media/products/300x0/248857b6b477e3da2fd00e262d146fc8.jpg,https://zangakbookstore.am/husary-taniqi-vra,"«Հուսարը տանիք վրա» վեպը արկածային մելոդրամա է, որտեղ դեպքերը տեղի են ունենում 1832-ական թվականներին Նապոլեոնի անկումից հետո: Ֆրանսիայում Ավստրիայի գաղտնի ոստիկանությունից թաքնվող 25-ամյա իտալացի գնդապետը փախչում է մարդասպանների հետապնդումից խոլերայի ծաղկման շրջանում: Հանգամանքների բերումով հանդիպում է երիտասարդ և գեղեցիկ մարկիզուհու, ում իր աջակցությունն է առաջարկում՝ լինելով ոչ միայն երիտասարդ ու գեղեցկադեմ, այլև ազնվաբարո: Միասին ռոմանտիկ և շատ վտանգավոր արկածներ են ունենում կյանքի ու մահվան սահմանագծին, որոնք հաղթահարելի է դառնում միայն սիրո շնորհիվ:",16.0,"Դրամա, Թրիլլեր"
1016,Խաղաղություն,Ահմեդ Համիդ Տանպինար,https://zangakbookstore.am/media/products/300x0/9bb5e2bf10353eb5c98f3734f6cfdd74.jfif,https://zangakbookstore.am/khakhakhutyun,"Վեպի իրադարձությունները ծավալվում են 1930-ական թվականների վերջին, երբ մոտալուտ համաշխարհային պատերազմի տագնապը մեծ ազդեցություն է թողնում մարդկանց կեցության եւ հոգեբանության վրա: Պատերազմի հավանականության ու խաղաղության փափագի հակադիր զգացողությունների մեջ սկիզբ է առնում սիրո մի հուզիչ պատմություն...",16.0,"Պատմական գեղարվեստական գրականություն, Թրիլլեր"
1017,Սիրանո դը Բերժըրակ,Էդմոն Ռոստան,https://zangakbookstore.am/media/products/300x0/afe45306200f6e9719464399acfefe0c.jpg,https://zangakbookstore.am/sirano-dy-berzherak,"Էդմոն Ռոստանի «Սիրանո դը Բերժըրակ» պիեսը համաշխարհային դրամատուրգիայի մի գլուխգործոց, հայերեն է թարգմանել մեր դերասանական արվեստի անզուգական վարպետ Արման Կոթիկյանը (1896-1968), որը նույնքան տաղանդավոր թարգմանիչ էր և բանաստեղծ: Հայերեն «Սիրանոն» լույս է տեսել 1951-ին Երևանում և այլևս չի հրատարակվել` մնալով ստվերում, մինչդեռ խոսքը հայ թարգմանական գրականության մեծ մարգարիտներից մեկի մասին է: Նոր տպագրության տեքստը համեմատվել է բնագրի հետ, խմբագրվել և հանգամանորեն ծանոթագրվել: Կոթիկյանի սքանչելի թարգմանությամբ սկիզբ է առնում «ԲԵՄ» մատենաշարը, որով կհրատարակվեն միջազգային ճանաչման հասած արժեքավոր դրամատուրգիական գործեր:",16.0,"Պոեզիա, Դրամա"
1018,Պապի դուստրը,Դարիո Ֆո,https://zangakbookstore.am/media/products/300x0/ade598239ebe3db449090d36c5c5469e.crdownload,https://zangakbookstore.am/papi-dustry,"15-րդ դարավերջին մասնատված Իտալիայում Ինոկենտիոս 8-րդ պապի վախճանից հետո պապական տերության գահին է բարձրանում իսպանական ծագմամբ հռչակավոր Բորջա ընտանիքի վերջին ու թերևս ամենակարկառուն ներկայացուցիչը՝ Ռոդրիգո Բորջան՝ նույն ինքը Ալեքսանդր 6-րդ պապը: Պատմաքաղաքական լարված իրավիճակում Բորջան ձգտում է կայուն հարաբերություններ հաստատել իր ինքնիշխանությանը սպառնացող կայսրությունների հետ և ամեն գնով պահպանել իր գերակայությունը Ապենինյան թերակղզու իշխանական տերությունների հանդեպ: 2014 թ. լույս տեսած իր միակ վեպում Դարիո Ֆոն, հավատարիմ մնալով Բորջաների մասին պատմական ակունքներին, վերարտադրում է հայտնի գերդաստանի պատմությունը՝ կենտրոնանալով Ալեքսանդր պապի դստեր՝ Լուկրեցիա Բորջայի անձի հետ կապված բազմաթիվ պալատական խարդավանքների և սիրային արկածների վրա: Սակայն հեղինակը, հրաժարվելով ժամանակաշրջանի տարեգրություններում և առավել ուշ գրված հայտնի գրական երկերում պատկերված պապի դաժան ու անխիղճ դստեր կերպարից, ընթերցողի դատին է հանձնում ոչ թե այդ ինտրիգները հյուսող, այլ հոր և եղբոր քաղաքական շահերին զոհ գնացող և այդ խարդավանքներին դիմակայող մի նոր Լուկրեցիայի: Մեծամասամբ երգիծական ոգով գրված այս վեպում, որ կարող է հիշեցնել Վերածննդի իտալական նովելներն ու կատակերգությունները, հեղինակը դրվագային դերեր է հատկացնում Հումանիզմի դարաշրջանից հայտնի այնպիսի գործիչների, ինչպիսիք են Նիկոլայ Կոպեռնիկոսը, Լոդովիկո Արիոստոն, Անդրեա Մանտենյան, Պիետրո Բեմբոն և այլք:",16.0,"Պատմական գեղարվեստական գրականություն, Կենսագրություն"
1019,Մենք,Եվգենի Զամյատին,https://zangakbookstore.am/media/products/300x0/cdfb7bdc211c9f376dc300ab2338e397.jpg,https://zangakbookstore.am/menq,"Եվգենի Զամյատինի «Մենք»-ը (1920) դասական հակաուտոպիա է, որն անվիճելի ազդեցություն է գործել մասնավորապես ժանրի այնպիսի հռչակավոր նմուշների վրա, որպիսիք են Օլդոս Հաքսլիի «Չքնաղ նոր աշխարհը» և Ջորջ Օրուելի «1984»-ը: Ժամանակին «Մենք»-ն ընկալվեց որպես սոցիալիստական կարգերի ու կոմունիզմի երգիծական ծաղրապատկեր, և խորհրդային գրաքննությունն արգելեց վեպի հրատարակումը: «Մենք»-ի ռուսերեն տեքստն առաջին անգամ ամբողջովին տպագրվեց 1952 –ին Նյու Յորքում, իսկ Ռուսաստանում՝ միայն 1988-ին:",18.0,"Պատմական գեղարվեստական գրականություն, Պոեզիա"
1020,Թռչող տունը,Արթուր Մեսրոպյան,https://zangakbookstore.am/media/products/300x0/585aa8d4f9640abd3e2abf4b222cebac.png,https://zangakbookstore.am/trchokh-tuny,"Ժողովածուն ներկայացնում է Արթուր Մեսրոպյանի վերջին տարիների գործերը: Բանաստեղծություններն արտացոլում են անձի ու երեւակայական ես-ի սթափի առերեսման փորձը, սառնասիրտ գնահատողական հայացքն ընտրությանը, ազատ կամ զսպված ինքնության դրսեւորումներին, որոնք տեղաբաշխված են չհարմարվողականության տարածքներում: Ընթերցողը մասնակիցը կդառնա յուրօրինակ ճամփորդության առ էության ներսում գտնվող փակը, մութը եւ պահվածը, կառնչվի մարդու՝ միֆական հիմքի հետ միաձուլման ընթացքին, կտեսնի մետամորֆոզների մի շղթա՝ արտաքին պայմանականությունների քայքայման փորձով, չտեսնվածի հետ հանդիպմամբ ու նոր–անհայտի բացահայտմամբ:",18.0,"Դրամա, Թրիլլեր"
1021,"Խոստացա, ես կպատմեմ",Սոնյա Շրայբեր Վայց,https://zangakbookstore.am/media/products/300x0/0c0836d865f54abf2ba2f5780de2a2c3.png,https://zangakbookstore.am/khostatsa-es-kpatmem,"«Խոստացա, ես կպատմեմ» հուշագրության հեղինակը՝ Սոնյա Վայցը, Երկրորդ համաշխարհային պատերազմի ժամանակ տառապել է Կրակովի գետտոյում (առանձնաթաղում) ու 5 համակենտրոնացման ճամբարներում, որտեղ հրեաներին բնաջնջում էին: Սոնյայի 84 հոգուց բաղկացած ընտանիքից վերապրել են միայն ինքն ու քույրը՝ Բլանկան: Գիրքը ցնցող պատկերներով նկարագրում է ֆաշիստների ռասսայական խտրականություններն ու գազանությունները: Գրքում կան նույն թեմային վերաբերող՝ Սոնյայի բանաստեղծությունները: Այս հուզիչ հուշապատումը միաժամանակ լի է հավատով, թե մարդկությունն ի վերջո կդառնա իմաստուն, և այլևս չեն լինի բռնություններ ու ցեղասպանություններ, ինչպիսիք էին Հոլոքոստը, 1915 թվականի հայերի և վերջին՝ Կամբոջայի ցեղասպանությունները:",16.0,"Կենսագրություն, Թրիլլեր"
1022,Ես եմ աշխարհի թագավորը,Մհեր Իսրայելյան,https://zangakbookstore.am/media/products/300x0/165b333060e11d50015a897f963c1470.jpg,https://zangakbookstore.am/es-em-ashkharhi-tagavory-1,"Մհեր Իսրայելյանի «Ես եմ աշխարհի թագավորը» վեպր այսպես կոչված՝ տոհմական պատմություն է բնորոշ զարգացումներով, հոգեբանական նուրբ անցումներով:",16.0,"Պատմական գեղարվեստական գրականություն, Դրամա"
1023,Վերջին աշխարհը,Քրիստոֆ Ռանսմայր,https://zangakbookstore.am/media/products/300x0/c6c64c521d465eeabd275f75ee1912b0.jpg,https://zangakbookstore.am/verjin-ashkharhy,"Գերժամանակակից առասպելապատում՝ անցյալի մեջ ներկայի սաղմերը տեսնելու փորձ: Պատմություն հռոմեացի բանաստեղծ Օվիդիուսի և նրա այրված գլուխգործոցի որոնումների մասին: Կերպափոխված տեղանքում խաղարկվող հոռետեսիլք, որում հին աշխարհը հանդիպում է ժամանակակից կյանքին: Բնազանցական, զգայացունց թաքնատեսություն՝ գերող ու խոր, լեցուն մոգական տեսիլապատվերներով՝ կենսատու ու տագնապալի: Առասպելի ուժով կառավարվող, աղետի եզրին հասցված, խորտակվող մի աշխարհ: Սա ասք է աքսորի, գրաքննության և մոլորակի ավերմունքի մասին, մշակութաբանական ու քաղաքական առակախոսություն, զարմանալիորեն արդիական, այլև վերժամանակյա:",16.0,"Կենսագրություն, Ֆանտաստիկա"
1024,Հուդա Իսկարիովտացի,Լեոնիդ Անդրեև,https://zangakbookstore.am/media/products/300x0/7d80d6a0b61eb28f8ef96cd6deb09a77.jpg,https://zangakbookstore.am/huda-iskariovtatsi,Ժողովածուն ընդգրկում է 20-րդ դարասկզբի ռուս տաղանդավոր գրող Լեոնիդ Անդրեևի (1871-1919) լավագույն ստեղծագործությունների մի փունջ:,16.0,"Պոեզիա, Ժամանակակից"
1025,Վայրի թութը,Իման Հումայդան Յունես,https://zangakbookstore.am/media/products/300x0/a97e634535086fffc703e2b501124cef.jpg,https://zangakbookstore.am/vayri-tuty,"Հումայդան Յունեսի այս վեպը իր պոետիկ լեզվով, հարուստ կերպարներով և հերոսների ներաշխարհի նրբազգաց պատկերումով գրավում է նույնիսկ ամենափորձառու ընթերցողին: Պատմությունը հորինվածք է, մտացածին է նաև գլխավոր հերոսուհու`Սառայի կերպարը` խոստովանել է հեղինակը: Բայց ներշնչման համար հիմք է հանդիսացել ընտանեկան պատմությունից մի դրվագ. գրողի պապի երկրորդ կինը հեռացել է տնից անհայտ ուղղությամբ`փախչելով դաժան նահապետի բռնակալությունից:",16.0,"Կենսագրություն, Դրամա"
1026,Բ՝ որպես բնօրրան․․․ որպես Բեյրութ,Իման Հումայդան Յունես,https://zangakbookstore.am/media/products/300x0/8d5d0e27dfc20e7ab03516c1a5ad9475.jpeg,https://zangakbookstore.am/b-orpes-bnorran-orpes-beyrut,"Լիբանանցի գրող Հումայդան Յունեսի այս տպավորիչ դեբյուտում Բեյրութն է 1975-1990 թթ. քաղաքացիական արյունահեղ պատերազմի տարիներին: Չորս փոխկապակցված պատմությունները, որոնցից կազմված է այս անսովոր վեպը, չորս կանանց մասին են, որոնք ռմբակոծություններից ավերվող Բեյրութում ապրում են նույն շենքում: Լիլյանը, որը երկու երեխաներով ամեն գնով ուզում է արտագաղթել՝ ամուսնու հետ, թե առանց նրա: Վարդան, որն այդպես էլ ուշքի չի գալիս դստերը կորցնելուց հետո: Քամելիան, որը Բեյրութ է վերադարձել՝ ֆիլմ նկարահանելու իր հայրենիքի մասին ու խրվել մնացել է նրա դաժան իրականության մեջ: Եվ Մահան, որը շարունակում է ապրել շենքում, նույնիսկ երբ շուրջն ամեն բան՝ ընտանիքը, հարևանները, քաղաքը, ավերվում է…",16.0,"Թրիլլեր, Դրամա"
1027,"Կաֆկա (պատմվածքներ, աֆորիզմներ) հատոր 1",Ֆրանց Կաֆկա,https://zangakbookstore.am/media/products/300x0/74609acbe81382b0b9ccabd58d9f0bd9.jpg,https://zangakbookstore.am/patmvatsqner-aforizmner,"Հատորն ամփոփում է Ֆրանց Կաֆկայի (1883-1924) փոքր արձակը՝ պատմվածքները, մանրապատումները, առակ- պրիտչաները և աֆորիզմները:",16.0,"Պոեզիա, Կենսագրություն"
1028,Անձևություն,Վահան Անդրեասյան,https://zangakbookstore.am/media/products/300x0/35188a9f1eb427f2af649146a60a089d.jpg,https://zangakbookstore.am/andzevutyun-1,"Այս գիրքը գուցե վերնագրվեր այսպես. «Դաժան բանաստեղծություններ» կամ «Անլույս բանաստեղծություններ»: Երկու վերնագրերն էլ ընդունելի են, որովհետեւ այս անհոգի քաղաքակրթության համար բնորոշելի են, քաղաքակրթություն, որի հանդեպ բանաստեղծի նողկանքը չափ չունի:",16.0,"Դրամա, Կատակերգություն"
1029,Պողոս-Պետրոս,Վահագն Գրիգորյան,https://zangakbookstore.am/media/products/300x0/b4c80402b5899a60f226352122a643d8.jpg,https://zangakbookstore.am/pokhos-petros,«Պողոս֊Պետրոս» վեպում Վահագն Գրիգորյանը մեկ տոհմի պատմությամբ գեղարվեստական ընդհանրացումներով ներկայացնում է հայ֊ռուսական հարաբերությունների 200֊ամյա պատմությունը՝ 1828 թվականի Երևանի բերդի գրավումից մինչև մեր օրեր:,16.0,"Դրամա, Պատմական գեղարվեստական գրականություն"
1030,Մտահղացողը,Դավիդ Ունգեր,https://zangakbookstore.am/media/products/300x0/976ae1daa299758a6be6fa3ec08a895d.jpg,https://zangakbookstore.am/mtahkhatsokhy,"Գվատեմալացի անգլալեզու գրող Դավիդ Ունգերի «Մտահղացողը» վեպը, որ լույս է տեսել 2016 թվականին, Գվատեմալայի ժամանակակից իրականության մասին է: Կենտրոնական Ամերիկայի «Հավերժական գարնան» այս երկրում արմատացած են կոռուպցիան, կանանց սպանությունները, բռնաբարությունները, հասարակական այլ արատավոր երևույթներ, որոնք գրողը ներկայացնում է Գիլյերմո Ռոզենվայգի և Մարիամ Խալիլի՝ անսպասելի շրջադարձներով հյուսված գեղեցիկ սիրո պատմության միջոցով: Ընթերցողին մնում է յուրովի ընկալել ու մեկնաբանել երևակայության հզոր ուժի և բարձր արվեստի համադրությամբ ստեղծված այս վեպը:",16.0,"Պոեզիա, Դրամա"
1031,Թեհրանը վերջալույսին,Սալար Աբդոհ,https://zangakbookstore.am/media/products/300x0/3cbec9f5b38ee58eaec958c801c29abc.jpg,https://zangakbookstore.am/tehrany-verjaluysin,"Սույն գիրքը գեղարվեստական է: Բոլոր անունները, հերոսները, վայրերը և դեպքերը հեղինակի երևակայության արդյունքն են: Նմանությունը`իրական դեպքերին ու մարդկանց`ողջ, թե հանգուցյալ, լիովին պատահականություն է:",16.0,"Կենսագրություն, Դրամա"
1032,Դեղին պաստառը,Շարլոթ Գիլման,https://zangakbookstore.am/media/products/300x0/d770be2adaaace2d4b2af01b27830ae7.jpeg,https://zangakbookstore.am/dekhin-pastary,"«Երբեմն ինձ թվում է, թե ետևում կան բազմաթիվ կանայք, իսկ երբեմն՝ միայն մեկը, ու նա սողում է շատ արագ, ու դրանից էլ ամեն ինչ ցնցում է»: Թարգմանիչ՝ Աննա Գրիգորյան:",16.0,"Կատակերգություն, Դրամա"
1033,Խուլիա մորաքույրը և գրչակը,Մարիո Վարգաս Լյոսա,https://zangakbookstore.am/media/products/300x0/935faf1433d539a134e91f470df81178.jpg,https://zangakbookstore.am/khulia-moraquyry-ev-grchaky,"«Նոբելյան մրցանակակիրներ» մատենաշար
Մարիո Վարգաս Լյոսայի ամենաճանաչված գործերից մեկը՝ «Խուլիա մորաքույրը և գրչակը» ինքնակենսագրական բնույթի վեպը (1977), հյուսված է գրեթե չառնչակցվող երկու զուգահեռ պատմությունից, մեկը մեծ գրող դառնալու երազանքով տարված պատանի Մարիոյի ու նրանից տասնչորս տարով մեծ կնոջ՝ Խուլիայի ռոմանտիկ սիրո և ամուսնության ոդիսականն է, մյուսը Մարիոյի գործընկերոջ՝ ռադիոդրամաների սցենարիստ, ռեժիսոր, դերասան Պեդրո Կամաչոյի արտասովոր փառքի և անկման երգիծապատումը:",16.0,"Ռոմանս, Կենսագրություն"
1034,Մարտակումբ,Չաք Փոլընիք,https://zangakbookstore.am/media/products/300x0/a09ae1e2ae051be77a6241ca6fb6e959.jpg,https://zangakbookstore.am/martakumb-1,"Տրանսգրեսիվ գրականության վառ դրսևորումներից մեկում՝ «Մարտակումբ » վեպում, հերոսը սպառողական հասարակարգի գրված ու չգրված նորմերի մեջ նախամարդու կենսական բնազդներն ու մրցակցային որակները օր օրի կորցնող ու նոր սոցիալական մոդել փնտրող տղամարդն է: Նոր նորմերին համապատասխանելու հրամայականն ու արքետիպային ընկալումների առճակատումը հերոսի ներսում բախում են առաջացնում, ինչի ցնցումներն արտահայտվում են անսպասելի, վայրի ու կատաղիորեն հուսահատ արարքներում:",18.0,"Դրամա, Կատակերգություն"
1035,Մենավոր բազեն,Սամվել Մհերյան,https://zangakbookstore.am/media/products/300x0/d65e2778f8e59e5edce302d60d3ef335.jpg,https://zangakbookstore.am/menavor-bazen,«Մենավոր բազեն» վեպում նկարագրվում է Օսմայան Կայսրություն հայահալած քաղաքականության ամենաարյունալի ժամանակաշրջանը՝ XIX դարի կեսերից մինչև Առաջին համաշխարհային պատերազմի տարիները։,16.0,"Պատմական գեղարվեստական գրականություն, Կենսագրություն"
1036,Ֆրանս-աֆրիկյան ժամանակակից պիեսներ,Էրվե Վեգբոմ,https://zangakbookstore.am/media/products/300x0/f52aa4e87ad70789bc0a168e54db791b.jpg,https://zangakbookstore.am/frans-afrikyan-zhamanakakits-piesner,"Հայ ընթերցողի սեղանին առաջին անգամ դրվում է աֆրիկյան ծագումով ֆրանսիագիր ժամանակակից հեղինակների պիեսների ժողովածու`հայերեն թարգմանույամբ: Ինքնատիպ սյուժեով և անսպասելի հանգուցալուծումներով գործերն անդրադարձ են անձնական դրամայի, մարդկային հարաբերությունների, սոցիալ-հոգեբանական խնդիրների:",16.0,"Դրամա, Կենսագրություն"
1037,150 Հոբելյանական ընտրանի,Հովհաննես Թումանյան,https://zangakbookstore.am/media/products/300x0/60344456b095c085cabaa4347019dc8a.jpeg,https://zangakbookstore.am/150-hobelyanakan-yntrani,"«Ընտրանին» պատրաստվել է հայ գրականության դասական Հովհաննես Թումանյանի ծննդյան 150-ամյակի առթիվ: Այս հրատարակության նպատակն է ներկայացնել մեծ գրողի ստեղծագործության բոլոր եզրերը, ինչպես նաև՝ հարուստ գեղարվեստական ներկապնակի բոլոր գույները: Գրքում տեղ են գտել բանաստեղծություններ, քառյակներ, պոեմներ, բալլադներ, լեգենդներ, պատմվածքներ, հեքիաթներ, թարգմանություններ, փոխադրություններ, հոդվածներ, ելույթներ, հատվածներ նամակներից: «Ընտրանին» կօգնի ամենապահանջկոտ ընթերցողին՝ իսկական գրականության գնահատողին, գտնել այն, ինչ մոտ է իր մտքին ու սրտին:",12.0,"Պոեզիա, Ժամանակակից"
1038,Դժվար հիշվող անուն,Բյուրակն Իշխանյան,https://zangakbookstore.am/media/products/300x0/a06477cd1b0bcaa672d9de35e744073c.jpg,https://zangakbookstore.am/dzhvar-hishvokh-anun,,16.0,Unknown
1039,Փայլատակում,Սթիվեն Քինգ,https://zangakbookstore.am/media/products/300x0/5fc1453b57d51618afc37bb4eb166b34.jpg,https://zangakbookstore.am/paylatakum-1,"«Օվերլուքը» հին ու շքեղ հյուրանոց է Կոլորադոյի Ռոքի լեռներում: Հյուրանոցի ձմեռային նոր տնտեսը՝ Ջեք Թորենսը, հույս ունի այստեղ վերագտնելու իր ստեղծագործական ձիրքը: Նրա կնոջն ավելի շատ մտահոգում է ընտանիքի վտանգված կայունությունը, իսկ Դենին՝ նրանց տղան, որն օժտված է պայծառատեսությամբ, արդեն գիտի, որ հյուրանոցի դատարկ սենյակներում իրենց դարանակալած սպասում է սարսափը:",16.0,"Երիտասարդական, Դրամա"
1040,Փախուստ ծառերի մոտ,Արմենուհի Սիսյան,https://zangakbookstore.am/media/products/300x0/40f235998b11569eb444ddc6e69ae519.jpeg,https://zangakbookstore.am/pakhust-tsareri-mot,"Արմենուհի Սիսյանի պոեզիան բնության միջոցով կյանքի ներդաշնակությունը վերականգնելու, մարդու խաթարված, ներդաշնակ կյանքը դեպի մաքրություն վերադարձնելու միտուտ ունի: Իմացության, կենսափորձի ու ապրումի, խառնվածքի եւ հավատի շաղախը իրականությունը դարձնում է ստեղծարար գործոն, բանաստեղծական ոգու խիզախում: Ինքնատիպ մտածողության եւ աշխարհատեսության տեր հեղինակն իր բանաստեղծությամբ փորձում է հիշեցնել կամ վերադարձնել մարդուն ամենօրյա կորստյան վտանգին ենթարկված բնությանը մոտ լինելու, երկնքին նայելու անհրաժեշտությունն ու պահանջը: Այս առումով գրականությունը եւ հատկապես պոեզիան, կարող է մտածողություն փոխել, եւ հենց այդ պատճառով էլ այսօր այն առավել իրական է ու կարեւոր։ 
Վերջերս Արմենուհի Սիսյանի բանաստեղծություններն ուշադրության արժանացան նաեւ ճապոնական հրատարակիչների կողմից եւ թարգմանաբար լույս ընծայվեցին Ճապաոնիայում նրա 2 բանաստեղծական ժողովածուները:",16.0,"Պոեզիա, Դրամա"
1041,Հազար տարվա կարոտ,Արմենուհի Սիսյան,https://zangakbookstore.am/media/products/300x0/1dbd9da89e594a3a531fa4feea2148d0.jpg,https://zangakbookstore.am/hazar-tarva-karot,,16.0,Unknown
1042,Կյանքի ջութակը,Կարա-Դարվիշ,https://zangakbookstore.am/media/products/300x0/720caa92649002ed7176e34cba3981c3.jpg,https://zangakbookstore.am/kyanqi-jutaky-1,"Կարա-Դարվիշի այս ստեղծագործությունն առաջին անգամ է տպագրվում Հայաստանում: Սա ոչ միայն պատմություն է սիրային բարդ եռանկյունու և դրա հանգուցալուծման մասին, այլև կարա-դարվիշյան էսթետիկայի ու կենսափիլիսոփայության սինթեզն է` համեմված ակնհայտ նատուրալիզմով և քողարկված սոցիալականությամբ:",16.0,"Կատակերգություն, Դրամա"
1043,Կատաղած խաղալիք,Ռոբերտո Արլտ,https://zangakbookstore.am/media/products/300x0/21a719bf528895ce14b683ef0dd84031.jpg,https://zangakbookstore.am/katakhats-khakhaliq-1,"«Կատաղած խաղալիք» ինքնակենսագրական վեպը քսաներորդ դարասկզբի Բուենոս Այրեսում տիրող քաոսի արտացոլանքն է։Վեպի հերոսը՝ Սիլվիո Աստիերը, դպրոցից հեռացված, սակայն խելացի, ընթերցասեր պատանի է, որը նվաստացման խոր զգացում է ապրում իր աղքատությունից և ամեն գնով փորձում դուրս պրծնել նրա ճիրաններից։Բայց ամեն անգամ ապարդյուն ջանքերից հետո, երբ մեկ առ մեկ ձախողվում են նրա ծրագրերը, էլ ավելի մռայլ հոռետոսության գիրկն է ընկնում և հասկանալով, որ չի կարողանում պոկվել իրեն ճնշող հասարակությունից՝ բախտի կատաղած խաղալիք է զգում ինքն իրեն։",16.0,"Ռոմանս, Դրամա"
1044,Վերադարձ կամ Տիգրան Մեծ,Արծրուն Պեպանյան,https://zangakbookstore.am/media/products/300x0/d6b4d5ae18be61a6c11ec731795838e8.jpg,https://zangakbookstore.am/veradardz-kam-tigran-mets,,16.0,Unknown
1045,Ոչ մի շաբաթ առանց բանաստեղծության,,https://zangakbookstore.am/media/products/300x0/910bd83d28f9514038e6c5cb419c368e.png,https://zangakbookstore.am/och-mi-shabat-arants-banastekhtsutyan-1,"ՈՉ ՄԻ ՇԱԲԱԹ ԱՌԱՆՑ ԲԱՆԱՍՏԵՂԾՈՒԹՅԱՆ – 2018 ընտրանի–օրագիրը, պահպանելով 2017 թվականի նույնանուն ժողովածուի սկզբունքները, ներկայացնում է 52 բանաստեղծություն տարվա շաբաթների թվին համապատասխան: Ընտրանիում ներառված ամենից վաղ թվագրվող բանաստեղծությունը Սմբատ Շահազիզի «Երազն» է (1864 թ.), իսկ ժամանակագրորեն վերջինը` Վահագն Աթաբեկյանի «Voca Me»–ն (2017 թ.): Այս մեծ ժամանակագրական ընդգրկումը ընթերցողին հնարավորություն է տալիս հետևելու հայ պոեզիայի զարգացմանը արևմտահայ–սփյուռքահայ, արևելահայ–խորհրդահայ և հետանկախության գրական–մշակութային իրականություններում, վերստին ընթերցելու արևմտահայ ու արևելահայ դասական հեղինակների ստեղծագործությունները, վերհիշելու խորհրդահայ պոեզիայի այսօր արդեն մոռացվող անուններ, ժամանակին սիրված, նույնիսկ երգերի վերածված գործեր, նաև բացահայտելու անհայտ հեղինակների և ստեղծագործություններ:",12.0,"Պոեզիա, Ժամանակակից"
1046,Չքնաղ նոր աշխարհ,Օլդոս Հաքսլի,https://zangakbookstore.am/media/products/300x0/43a9b951ba68ce9d0df2a2058bef79c6.jpg,https://zangakbookstore.am/chqnakh-nor-ashkharh,"20-րդ դարի ֆուտուրիստական արձակի առանցքային դեմքերից մեկի՝ Օլդոս Հաքսլիի անունը ավանդաբար զուգորդվում է գրականության մեջ իր արժանի տեղը գտած ժանրի՝ դիստոպիայի հետ: Հաքսլիի «Չքնաղ նոր աշխարհը» գրական այս տեսակի ամենավաղ ստեղծագործություններից է: Նախորդում է Ջորջ Օրուելի, Ռեյ Բրեդբըրիի հայտնի վեպերին, առանձնանում է մարգարեական ճշգրտությամբ նկարագրված ապագայի ահազդու տեսլականով: Վեպում իրադարձությունները ծավալվում են 2541 թվականին, երբ մարդիկ արդեն չեն ծնվում բնական ճանապարհով, ըստ էության գոյություն չունի ընտանիք, և սպառողական հասարակությունը իր զարգացման գագաթնակետին է հասել: Վեպը հղումներ ունի քաղաքական, տնտեսական, մշակութային ու կրոնական համակարգերին, կերպարները հիշեցնում են 20-րդ դարի համաշխարհային պատմության հայտնի գործիչների: Հաքսլիի այս մշտարդի ստեղծագործությունը հայերեն թարգմանությամբ հրատարակվում է առաջին անգամ:",16.0,"Պատմական գեղարվեստական գրականություն, Ժամանակակից"
1047,"Այն, ինչ զգում է իմ սիրտը",Թոմ Հենքս,https://zangakbookstore.am/media/products/300x0/484ef6ad957346f3b97f3213efb19f85.jpg,https://zangakbookstore.am/ayn-inch-zgum-e-im-sirty,"Ամերիկացի հանրահայտ դերասանը, կինոռեժիսորը, պրոդյուսերն ու սցենարիստը նաեւ լավ գրող է։ Նրա՝ հումորով թաթախուն, բարի զգացումներ արթնացնող պատմվածքներն արժանացել են ոչ միայն ամերիկացի, այլեւ տարբեր երկրների ընթերցողների համակրանքին՝ դրանցում սարոյանական շունչ է զգացվում: Ի դեպ, մեր նշանավոր հայրենակցի նման, Հենքսն էլ գրամեքենայի մեջ ինչ-որ արտասովոր խորհուրդ ու գեղեցկություն է տեսնում, որն արտացոլում է նրա մի շարք պատմվածքներում։ Ժողովածուն մարդկային հոգեբանության մասին է։ Դրանում ամփոփված բոլոր 17 պատմվածքներում, որոնք առանձնանում են մարդկային հոգու խորքերը տեսնելու ունակությամբ, ուրույն ոճով ու ասելիքով, դուք չեք գտնի կինոյին կամ կինոաշխարհին առնչվող ոչ մի տող։ Այնպես որ, «…Այն, ինչ զգում է իմ սիրտը» գրքի ենթատեքստում պետք չէ փնտրել ռեժիսորի կամ դերասանի. հեղինակն ուղղակի գեղարվեստական արձակ է գրել՝ ներդնելով իրերի ու երեւույթների ներքին շերտերն ուսումնասիրած գիտակ մարդու զգացողությունները, փորձառությունն ու ապրումները։",16.0,"Կենսագրություն, Կատակերգություն"
1048,Հավերժ քոնը,Դանիել Գլաթաուեր,https://zangakbookstore.am/media/products/300x0/70ebbe146fb5df18dd153558da998555.png,https://zangakbookstore.am/haverzh-qony,"Դանիել Գլաթաուերի «Հավերժ քոնը» վեպը ժամանակակից ավստրիական գրականության ամենաընթերցվող վեպերից մեկն է։ Երեսունը բոլորած լամպավաճառ Յուդիթի ու Հանեսի սերը ընթերցողին տարակուսանքի մեջ է գցում՝ սկզբում ռոմանտիկ ու շատ կրքոտ տպավորություն թողնելով, որի մասին կարող է երազել միայնակ կինը։ Սակայն անընդհատ ուշադրության ու անսպառ կրքի հետևում թաքնված են հիվանդագին ապրումներն ու նկրտումները։ Ծաղկեփնջերի ու հաղորդագրությունների հոսքը հոգեբանական ահաբեկության մեջ է գցում հերոսուհուն, սակայն Հանեսի սերն ու կիրքը արդեն նրա համար թակարդ էին, որից դուրս գալը հոգեբանական մեծ ճիգեր և ուժ է պահանջում հերոսուհուց։",16.0,"Ռոմանս, Դրամա"
1049,Ունայնիկներ,Գևորգ Թումանյան,https://zangakbookstore.am/media/products/300x0/7c10c7176c012195189020039697c4a4.jpg,https://zangakbookstore.am/unaynikner,"«ՈՒնայնիկներ» ինքնատիպ վերնագրով բանաստեղծությունների ժողովածուն սեփական հայեցակարգ ունեցող հեղինակի երկխոսություն է աշխարհի հետ՝ որպես ինքնաճանաչողություն, փրկության միջոց: Փնտրտուքի ճանապարհն անցնում է ամենափոքր, աննշան, անկարևոր իրերն ու երևույթները տեսողական դաշտ բերելու, երբեմն լուրջ, երբեմն իրոնիկ նոտաներով ամրագրելու և անպասելիորեն նոր մեկնություն տալու ընթացակարգով, որի արդյունքում «ունայնիկ» երևույթները վերակերպավորվում են որպես կյանքի ամենակարևոր շարժիչ ուժ:",16.0,"Պոեզիա, Դրամա"
1050,Մեռնել փոքր քաղաքում,Գևորգ Համբարձումյան,https://zangakbookstore.am/media/products/300x0/f8002f63c1aaf289752232278094ff4a.jpg,https://zangakbookstore.am/mernel-poqr-qakhaqum,,16.0,Unknown
1051,Մնա ինձ հետ,Գաիր Գուլիկսեն,https://zangakbookstore.am/media/products/300x0/03fda4626ce584e9187b6d4d5ae68bc8.jpg,https://zangakbookstore.am/mna-indz-het,"Վեպը նորվեգական ընտանիքի մասին է: Հեղինակը ուշագրավ բանաձևումներ, հարցեր է առաջադրում՝ պատասխանները թողնելով լուսանցքում:",16.0,"Կենսագրություն, Դրամա"
1052,Տրիստանի և Իզոլդայի սիրավեպը,ժոզեֆ Բեդիե,https://zangakbookstore.am/media/products/300x0/f141537948592449df3f14b05e17f383.jpg,https://zangakbookstore.am/tristani-ev-izoldayi-siravepy,"Տրիստանի և Իզոլդայի մասին լեգենդը համարվում է միջնադարյան Եվրոպայում տարածված ու սիրված ասպետական սիրավեպերից մեկը: 11-13-րդ դարերում ի հայտ են գալիս այս լեգենդի գրական բազմաթիվ տարբերակներ ու մշակումներ, որոնք քաջ ասպետների և ռոմանտիկ սիրո մասին գրող հեղինակների համար ներշնչանքի աղբյուր են ծառայում: 1900թ. ֆրանսիացի բանասեր, միջնադարագետ Ժոզեֆ Բեդիեն (1864-1938թթ.) ամբողջացրել է մշակումներից մնացած հատվածներն ու վերականգնել ողբերգական սիրո այդ պատմությունը:",14.0,"Պատմական գեղարվեստական գրականություն, Կենսագրություն"
1053,Սիրո ապարդյուն ճիգեր,Վիլյամ Շեքսպիր,https://zangakbookstore.am/media/products/300x0/11e7e85db79245da736d02b41dfdaa52.jpeg,https://zangakbookstore.am/siro-apardyun-chiger,,16.0,Unknown
1054,Շառաչ և ցասում,Ուիլյամ Ֆոլքներ,https://zangakbookstore.am/media/products/300x0/ed9ddcf2969bc834503908bdb613f1ee.crdownload,https://zangakbookstore.am/sharach-ev-tsasum,"«Իմ ամենագեղեցիկ պարտությունը»,- ասել է Ֆոլքները «Շառաչ և ցասում» (The Sound and the Fury, 1929) վեպի մասին, որը Քոմփսընների գերդաստանի բարոյական անկման և ողբերգական վախճանի պատմությունն է: «Դժվարմարսելի» այս ստեղծագործությունը նոր գրականության և նրա չափանիշների հաստատման առաջին փորձերից մեկն է: Քոմփսընների կյանքը ներքին մենախոսությամբ հերթով ներկայացնում են Բենջին՝ գերդաստանի կենդանի «անեծքը», 33- ամյա հոգեհիվանդ երեխան, Քվենթինը՝ հարազատ քրոջը (Քենդիին) սիրահարված և մտացածին արյունապղծությունից տառապող եղբայրը, Ջեյսընը`ամենագործնական ու ամենանենգ Քոմփսընը: Վերջում հեղինակն ինքն է խոսք վերցնում`ներկայացնելով Դիլսիին`սևամորթ խոհարարուհուն: Ջեյմս Ջոյսի «Ուլիսես»-ն ու Ֆոլքների «Շառաչ և ցասում»-ը որոշ իմաստով կանխորոշեցին համաշխարհային գրականության հետագա ընթացքը`«շրջանառության մեջ դնելով» գիտակցության հոսքի և ներքին մենախոսության գրական մեթոդը, որը պատումին իր յուրօրինակ օրենքներն է թելադրում:",16.0,"Կենսագրություն, Դրամա"
1055,Տասներկուերորդ գիշերը կամ ինչ որ կամենաք,Վիլյամ Շեքսպիր,https://zangakbookstore.am/media/products/300x0/c23fde24ab4b08843f4284201be13e06.jpg,https://zangakbookstore.am/tasnerkuerord-gishery-kam-inch-or-kamenaq,,16.0,Unknown
1056,Փրկություն,Ռոբերտ Կարայան,https://zangakbookstore.am/media/products/300x0/6e3a58375ab7191c55cc009d5d3108d0.jpg,https://zangakbookstore.am/prkutyun,«Փրկություն» վեպում արձակագիրը Սարդարապատի հերոսամարտը պատկերել է համայնապատկերային պլանով ու չափումներով՝ հայ ժողովրդի մաքառման գեղարվեստական տարեգրության մեջ հաստատելով նրա հավերժության մեծ խորհուրդը...,16.0,"Պատմական գեղարվեստական գրականություն, Կենսագրություն"
1057,Ուեսլի Ջեքսոնի արկածներ,Ուիլյամ Սարոյան,https://zangakbookstore.am/media/products/300x0/ca433dff8d9d97c080625054f65cae4d.jpg,https://zangakbookstore.am/uesli-jeqsoni-arkatsner,"Երկրորդ աշխարհամարտի մասնակից Սարոյանի անձնական փորձառության վրա խարսխված այս վեպը` անհերքելիորեն նրա լավագույն գործերից մեկը (1946), որ հրատարակվում է վերանայված թարգմանությամբ, պատկերելով երիտասարդ շարքային Ուեսլի Ջեքսոնի ոդիսականը, տրագիկոմիկական շնչով է ներկայացնում պատերազմի ամբողջ աբսուրդը: Սարոյանական աշխարհի անկրկնելի գույներով դրոշմված գրքի բանալին կարող են դառնալ մի առիթով մեծ գրողի ասած հետևյալ խոսքերը. «Մահերի մեջ կյանք կա, պատերազմների մեջ` խաղաղություն, սխալների մեջ` ինչ-որ ճիշտ բան»:",16.0,"Կենսագրություն, Դրամա"
1058,Ալքիմիկոսը,Պաուլու Կոելյու,https://zangakbookstore.am/media/products/300x0/2dd9e64d5fc8a570459c2d547f2e076e.jpg,https://zangakbookstore.am/alqimikosy,"«Ալքմիկոսը» բրազիլացի գրող Պաուլու Կոելյուի լավագույն ստեղծագործություններից է: Վիպակը երազանք ունենալու և այն իրականացնելու հաստատակամության պատմություն է՝ զուգորդված սիրո, բարության, անհատականության պահպանման մոտիվներով, նոր երկիր ու նոր մշակույթ ճանաչելու հնարավորությամբ:",16.0,"Ժամանակակից, Կենսագրություն"
1059,Ճանճերի տերը,Վիլյամ Գոլդինգ,https://zangakbookstore.am/media/products/300x0/0c09c4987c6dfabc31a4ca1a0496d150.jpg,https://zangakbookstore.am/chancheri-tery,«Ճանճերի տերը» համաշխարհային ճանաչում է դտել որպես անգլիացի արձակագրի լավագույն ստեղծագործությունը: Առաջին հայացքից «Անմարդաբնակ կղզի» թեմայի հերթական տարբերակ թվացող այս պատմությունը հեղինակի փիլիսոփայական ընդհանրացման ձիրքի շնորհիվ դառնում է որոշակի հանգամանքներում մարդկային քաղաքակրթության այլասերման և կործանման սթափ զգուշացում:,16.0,"Դրամա, Կատակերգություն"
1060,Մոսկվա-Պետուշկի,Վենեդիկտ Երոֆեև,https://zangakbookstore.am/media/products/300x0/20da16bb34415ac9faee721f1a66d01c.png,https://zangakbookstore.am/moskva-petushki,"Ժողովածուն ներառում է 20-րդ դարի ռուս գրականության ամենաինքնատիպ ներկայացուցիչներից մեկի Վենեդիկտ Երոֆեևի ամենահայտնի ստեղծագործությունները՝ «Մոսկվա-Պետուշկի» վիպակը և «Վասիլի Ռոզանովը էքսցենտրիկի աչքերով» էսսեն, ինչպես նաև երկու հարցազրույց մեծ գրողի հետ:",16.0,"Պոեզիա, Կենսագրություն"
1061,Ճամփորդություն գիշերից անդին,Լուի-Ֆերդինանդ Սելին,https://zangakbookstore.am/media/products/300x0/d18eaedd6ee1431d6c741e88bb6ab7c0.jfif,https://zangakbookstore.am/champordutyun-gisherits-andin,Լուի-Ֆերդինանդ Սելինի «Ճամփորդություն գիշերից անդին»՝ 1932 թվականին լույս տեսած վեպը համարվում է 20-րդ դարի ֆրանսիական գրականության անկյունաքարային գործերից մեկը: Այն Առաջին համաշխարհային պատերազմի տարիներին իր կյանքի բնականոն հունից դուրս ընկած եւ հոգեբանական բազմաթիվ փորձությունների ենթարկված մտավորականի դառը եւ միեւնույն ժամանակ հեգնական ինքնախոստովանությունն է:,16.0,"Պատմական գեղարվեստական գրականություն, Կենսագրություն"
1062,Շահնամե,Ֆիրդուսի,https://zangakbookstore.am/media/products/300x0/72ec231a262f20b3731bbae5e02c9594.jpg,https://zangakbookstore.am/shahname,"Ֆիրդուսու «Շահնամեի» ներկա հրատարակությունը ներառում է այդ էպիկական կոթողի ամենահայտնի ասքերը՝ «Զալ և Ռուդաբե», «Ռոստամ և Սոհրաբ», «Սիավուշ»։ Հիմքում «Շահնամեի» 1975 թ. հրատարակության տեքստն է. կատարվել են անհրաժեշտ խմբագրումներ, շտկումներ և սրբագրություններ։",16.0,"Պոեզիա, Գիտական ​​ֆանտաստիկա"
1063,Շարլոթ,Դավիդ Ֆոենկինոս,https://zangakbookstore.am/media/products/300x0/0ae8e0ea40c9a9d88ed16b6d222cf3c0.jpg,https://zangakbookstore.am/sharlot,"Այս վեպը ներշնչված է Շարլոթ Սալոմոնի կենսագրական ստեղծագործությունից: Երիտասարդ գերմանացի գեղանկարչուհուն սպանել են քսանվեց տարեկանում. նա հղի էր: Հիմնական սկզբնաղբյուրը նրա ինքնակենսագրական վեպն է՝ կյանք, թե թատրոն:",16.0,"Կենսագրություն, Դրամա"
1064,Նահապետի աշունը,Գաբրիել Գարսիա Մարկես,https://zangakbookstore.am/media/products/300x0/d0f4b26a35542e4a7ae8edfab20d9429.jpg,https://zangakbookstore.am/nahapeti-ashuny,"«Նահապետի աշունը» վեպը (1975) հեղինակի գնահատմամբ իր կարևորագույն ստեղծագործությունն է: Վեպի հերոսը՝ Կարիբյան ափի երևակայական երկրներից մեկի՝ դեպքերի բերումով իշխանության ղեկին հայտնված, անփոփոխ, անմահ թվացող զառամ նախագահը, մարմնավորում է ոչ միայն 20-րդ դարի լատինաամերիկյան երկրների իրական, այլև ժամանակակից բոլոր բռնակալներին: Մոգական ռեալիզմի շնչով հագեցած այս կոթողային գործը ասք է, արձակ պոեմ, բազմաձայն մենախոսություն բռնակալի և նրա մենության մասին:",16.0,"Դրամա, Կենսագրություն"
1065,Նամակներ իմ հողմաղացից,Ալֆոնս Դոդե,https://zangakbookstore.am/media/products/300x0/c07bd585d69792d58599d675022bfb92.jpg,https://zangakbookstore.am/namakner-im-hokhmakhatsits,"Ֆրանսիացի հռչակավոր գրող Ալֆոնս Դոդեի «Նամակներ իմ հողմաղացից» պատմվածաշարը առաջին անգամ հայ ընթերցողին է ներկայացվել 1976 թվին։ Այս ժողովածուն ծնունդ է հեղինակի՝ Պրովանսից՝ իր ծննդավայրից, ստացած տպավորություններից, որը նաև պատմական, փաստագրական հարուստ նյութ է պարունակում։ Պրովանսի բնաշխարհը, բարքերը, լեգենդները ներկայացված են բանաստեղծական մեծ ներշնչանքով։ Ներկա հրատարակությունը իրականացվում է թարգմանչի մանրակրկիտ վերանայմամբ, նկատի ունենալով ժամանակակից հայ ընթերցողի թե՛ լեզվամտածողությունը, թե՛ ընկալողունակությունը։",16.0,"Պոեզիա, Ժամանակակից"
1066,"Նա, ով մենակ է",Գոթֆրիդ Բեն,https://zangakbookstore.am/media/products/300x0/8e64ace67c19558a9536b3ae0f177978.jpg,https://zangakbookstore.am/na-ov-menak-e,"Գրքում առաջին անգամ ընթերցողին է ներկայացվում գերմանացի մեծագույն բանաստեղծ Գոթֆրիդ Բենի (1886-1956թթ.) քերթվածների ընտրանին: Գ. Բենը գրական մոդեռնիզմի, ի մասնավորի՝ գերմանական էքպրեսիոնիզմի նշանավոր դեմքերից է, մեծն Շտեֆան Գեորգեի ու նրա գրական խմբակի գաղափարապաշտ հետևորդն ու անխոնջ նորարարը: Գրքում ներառված «Քնարերգության հիմնախնդիրներ» բանախոսության մեջ գրողը ձևակերպել է իր քերթողական հավատամքը. «Կյանքից քաղախ անբովանդակ բանաստեղծությունը» շնչավորողը գեղարվեստական ձևն է, որն, ըստ նրա, լինելու է գալիք դարերի արվեստի գլխավոր խնդիրը:",16.0,"Պոեզիա, Ժամանակակից"
1067,"Նա, ով մենակ է",Գոթֆրիդ Բեն,https://zangakbookstore.am/media/products/300x0/9ef81074d90d857fe1ccf20ee3a172d4.jpg,https://zangakbookstore.am/na-ov-menak-e-1,"Գրքում առաջին անգամ ընթերցողին է ներկայացվում գերմանացի մեծագույն բանաստեղծ Գոթֆրիդ Բենի (1886-1956թթ.) քերթվածների ընտրանին: Գ. Բենը գրական մոդեռնիզմի, ի մասնավորի՝ գերմանական էքպրեսիոնիզմի նշանավոր դեմքերից է, մեծն Շտեֆան Գեորգեի ու նրա գրական խմբակի գաղափարապաշտ հետևորդն ու անխոնջ նորարարը: Գրքում ներառված «Քնարերգության հիմնախնդիրներ» բանախոսության մեջ գրողը ձևակերպել է իր քերթողական հավատամքը. «Կյանքից քաղախ անբովանդակ բանաստեղծությունը» շնչավորողը գեղարվեստական ձևն է, որն, ըստ նրա, լինելու է գալիք դարերի արվեստի գլխավոր խնդիրը:",16.0,"Պոեզիա, Ժամանակակից"
1068,Նիբելունգների երգը,,https://zangakbookstore.am/media/products/300x0/e7546676711389711a404e6a1fc8b821(1).jpg,https://zangakbookstore.am/nibelungneri-ergy,"«Նիբելունգների երգը» գերմանական ազգային էպոսն է, եվրոպական էպիկական ժառանգության կարևոր հատ­վածներից մեկը, որի ձևավորումը կապվում է գերմանական ցեղերի էպիկական ժամանակի՝ 5-6-րդ, իսկ գրավոր առաջին մշակումը՝ 11-12-րդ դդ. հետ:",16.0,"Պատմական գեղարվեստական գրականություն, Պոեզիա"
1069,Մատնագիր,Գուրգեն Խանջյան,https://zangakbookstore.am/media/products/300x0/9e6a1c9ea319f46a9e117ce1c662fd31.jpg,https://zangakbookstore.am/matnagir,,16.0,Unknown
1070,Մարսյան քրոնիկոն,Ռեյ Բրեդբըրի,https://zangakbookstore.am/media/products/300x0/a3111b1a2591f801d32a3a863086b95e(1).jpg,https://zangakbookstore.am/marsyan-qronikon,"Ամերիկացի հռչակավոր գրող Ռեյ Բրեդբըրիի «Մարսյան քրոնիկոնը», որը հեղինակը հումորով կոչել է «վեպ ձևացող պատմվածաշար» , 20-րդ դարի լավագույն գրքերից մեկի համարումն ունի: «Կարմիր մոլորակի» նվաճման այս ֆանտաստիկ տարեգրության մեջ, ինչպես նկատել է աստղագետ Կարլ Սագանը, «Մարսը յուրատեսակ առասպելական ասպարեզ է, որտեղ մարմնավորվել են մեր երկրային հույսերն ու երկյուղները»: Ավելին, առաջին անգամ 1950-ին լույս տեսած «Մարսյան քրոնիկոնը» մերօրյա աշխարհի ֆոնին լիովին արդիական հնչողություն է ձեռք բերել: Քաղաքակրթությունների բախման և ողբերգական կործանման պատմությունը Բրեդբըրին ներկայացնում է իր նրբահյուս արձակին հատուկ խորունկ մարդկայնությամբ, փիլիսոփայական շնչով և անմոռանալի բանաստեղծականությամբ",16.0,"Կենսագրություն, Պոեզիա"
1071,Մառախուղը,Միգել դե Ունամունո,https://zangakbookstore.am/media/products/300x0/85678d51323ad301c540d5f3f6780d35.jpg,https://zangakbookstore.am/marakhukhy,"Իսպանական դասական արձակի վարպետ Միգել դե Ունամունոն «Մառախուղը» վեպում մի կողմից՝ շարունակում է եվրոպական փիլիսոփայական արձակի ավանդույթները, մյուս կողմից՝ փորձում է վերստեղծել ավանդական վեպի կառուցման սկզբունքները: Ունամունոյի կարծիքով՝ յուրաքանչյուր ոք, ով կարդում է որևէ վեպ, ունակ է վերապրելու և նորովի վերստեղծելու նրա իրականությունը, ուստի, յուրաքանչյուր նոր ընթերցում նոր տարրեր է հավելում ստեղծագործությանը: «Մառախուղը» պետք է ընթերցել ու ընկալել որպես իրականություն, որը կարող ես վերափոխել, բայց մինչև վերջ խորամուխ լինել նրա գաղտնիքներին՝ անկարող ես:",16.0,"Դրամա, Կատակերգություն"
1072,Միջամառային գիշերվա երազ Լիակատար,Ուիլյամ Շեքսպիր,https://zangakbookstore.am/media/products/300x0/5790d51034d93d6470f90ffcb9bf1901.jpg,https://zangakbookstore.am/mijamarayin-gisherva-eraz-liakatar,"Երկար տարիներ անտիպ մնացած դաշտենցյան այս թարգմանությունը, որ կատարվել է 1973-74 թվականներին և վերջինն է նրա շեքսպիրյան ձեռնարկումներից, լույս է տեսնում առաջին անգամ: Տեքստը հրատարակության պատրաստելիս էապես խմբագրվել է, կատարվել են թարգմանական շտկումներ: Առաջին անգամ է նաև, որ շեքսպիրյան նշանավոր կատակերգություններից մեկը հայերեն տպագրվում է ուշարժան տվյալներ ու մեկնություններ բովանդակող հանգամանալի ծանոթագրություններով:",12.0,"Կատակերգություն, Պոեզիա"
1073,Միջօրեի տիկինը,Յուլյա Ֆրանկ,https://zangakbookstore.am/media/products/300x0/e7546676711389711a404e6a1fc8b821.jpg,https://zangakbookstore.am/mijorei-tikiny,"«Միջօրեի տիկինը» վեպում գլխավոր հերոսուհին ու իր մայրը իրենց շրջապատում օտար են, նրանք հրաժարվել են ազգությունից ու հավատից, ապրում են կեղծ ինքնությամբ: Ճակատագրի դեմ պայքարում նրանք ձախողվում են ու ժամանակի ընթացքում կորցնում խոսելու ունակությունը: Վերապրելու համար նրանք սովորում են լռել, որի հետեւանքով էլ օտարանում եւ ուրանում են իրենց երեխաներին:",16.0,"Դրամա, Թրիլլեր"
1074,Մորելի գյուտը,Ադոլֆո Բիոյ Կասարես,https://zangakbookstore.am/media/products/300x0/a3111b1a2591f801d32a3a863086b95e.jpg,https://zangakbookstore.am/moreli-gyuty,,16.0,Unknown
1075,Քթոցը,Օթար Ճիլաձե,https://zangakbookstore.am/media/products/300x0/fc6e630bb3a2dc5499d2bb8ee5e22944.jpg,https://zangakbookstore.am/qtotsy,"Վրացի հանրահայտ արձակագիր Օթար Ճիլաձեի «Քթոցը» վեպը պատմության ու ներկայի զուգադրմամբ վեր է հանում պետականություն ունենալու երազանքի եւ իրականացած երազանքից հիասթափության, ազգային մեծ իդեալների ու ազգային սովորական սնապարծության ողբերգական հակադրությունը՝ մարդկային ճակատագրերի, հարաբերությունների անսովոր զարգացումներով, հեղինակային խոսքի կրքոտ տարերքով, տիրոջական կեցվածքով։",16.0,"Դրամա, Կենսագրություն"
1076,Մոխրագույնի հիսուն երանգները,Է.Լ. Ջեյմս,https://zangakbookstore.am/media/products/300x0/b9369dee1e1267f614555b08ae5e6d7a.jpg,https://zangakbookstore.am/mokhraguyni-hisun-erangnery,"Երբ Գրականագիտության ուսանողուհի Անաստեյշա Սթիլը գնում է հարցազրույց վերցնելու խորհրդավոր երիտասարդ գործարար Քրիստիան Գրեյից, հանդիպում է գեղեցիկ, փայլուն , գրավիչ մի տղամարդու: Անմեղ Անան հանկարծ գիտակցում է, որ տենչում է այդ տղամարդուն, երազում մոտ լինել նրան: Իր հերթին Գրեյը չի կարողանում դիմադրել Անայի լուռ գեղեցկությանը և նույնպես տենչում է նրան, բայց իր սեփական պատկերացումների համաձայն: Էրոտիկ գրավիչ և խոր հույզեր առաջացնող «Հիսուն երանգներ» եռապատումը կգերի ձեզ, կդյութի և ընդմիշտ կմնա ձեզ հետ:",18.0,"Դրամա, Կատակերգություն"
1077,Հնազանդություն,Միշել Ուելբեք,https://zangakbookstore.am/media/products/300x0/eb1e3d481127e122e54456fa16481eb3(1).jpg,https://zangakbookstore.am/hnazandutyun,"Միշել Ուելբեքի «Հնազանդություն» վեպը, որի իրադարձությունները ծավալվում է 2022 թվականին, գուժում է Ֆրանսիայի մոտակա ճգնաժամը։ Ինքը` հեղինակը իր վեպի ժանրը բնորոշել է որպես «քաղաքական ֆանտաստիկա»։ Ժողովրդավարական ճանապարհով իշխանության է գալիս մուսուլման նախագահ, և պետությունը սկսեւմ է վայրկենապես փոխվել։ Մինչև ե՞րբ և մինչև ու՞ր։ Վեպի հերոսին համակած այդ տագնապը վերաճում է համամարդկային տագնապի։",16.0,"Կենսագրություն, Թրիլլեր"
1078,Հայ հին վիպաշխարհը,Սարգիս Հարությունյան,https://zangakbookstore.am/media/products/300x0/130ca9a0ffbad35dabddebf56a020f5c.jpg,https://zangakbookstore.am/hay-hin-vipashkharhy,,12.0,Unknown
1079,Հինգ վիպակ,Էռնստ Թեոդոր Հոֆման,https://zangakbookstore.am/media/products/300x0/877c481c4b23ee9afd056b86639b1d7c.jpg,https://zangakbookstore.am/hing-vipak,Ժողովածուն ներառում է 19-րդ դարի գերմանական գրականության ականավոր ներկայացուցիչներից մեկի՝ Էռնեստ Թեոդոր Ամադեուս Հոֆմանի (1776-1822) լավագույն ստեղծագործությունները:,16.0,"Պատմական գեղարվեստական գրականություն, Պոեզիա"
1080,Հուլիուս Կեսար,Վիլիամ Շեքսպիր,https://zangakbookstore.am/media/products/300x0/74f8d9f5d13e3a9c4b46471b81cab1da.jpg,https://zangakbookstore.am/hulios-kesar,"Տեքստային առումով այս հրատարակությունը Շեքսպիրի «Ընտիր երկեր»ի եռահատորյակում լույս տեսած դաշտենցյան թարգմանության և ապա երկհատորյակում ընդգրկված նույն թարգմանության վերանայված տարբերակի համադրությունն է: Ճշտվել է անունների տառադարձումը, կատարվել են թարգմանական և խմբագրականշտկումներ: Ի հավելում՝ ողբերգությյունն առաջին անգամ հայերեն տպագրվում է հետաքրքիր տեղեկություններ և մեկնություններ բովանդակող հանգամանալի ծանոթագ րություններով:",16.0,"Պոեզիա, Պատմական գեղարվեստական գրականություն"
1081,Հոգսը,Հերման Զուդերման,https://zangakbookstore.am/media/products/300x0/2cb91e2bb9031fcc52e1bab6832f5dfe.jpg,https://zangakbookstore.am/hogsy,"Գերմանացի գրող Հերման Զուդերմանի «Հոգսը» վեպը հայերեն առաջին անգամ լույս է տեսել ավելի քան հարյուր տարի առաջ՝ 1913 թվականին, Թիֆլիսում: Այս հրատարակության մեջ կատարվել են անհրաժեշտ խմբագրական միջամտություններ՝ պահպանելով, սակայն, թարգմանչի ժամանակին հատուկ ոճական-շարահյուսական որոշ ձևեր:",16.0,"Պոեզիա, Կենսագրություն"
1082,Խեցգետնի արևադարձը,Հենրի Միլեր,https://zangakbookstore.am/media/products/300x0/a20ed58bebd3b48017add438ce39d2f9.jpg,https://zangakbookstore.am/khetsgetni-arevadardzy,"Արդի գրականության անկյունաքարերից մեկը հռչակված այս վեպը, թոթափելով տաբուները, ոչ միայն ընդմիշտ փոխեց ամերիկյան գրականության դեմքը, այլև դարձավ նշանակալից ավանդ՝ ի նպաստ ազատ խոսքի:",18.0,"Պատմական գեղարվեստական գրականություն, Դրամա"
1083,Տղամարդու սերը,Կամիլ Լըմոնյե,https://zangakbookstore.am/media/products/300x0/0b2f36f9971bc6cfdfe08f417b14b6a6(1).jpg,https://zangakbookstore.am/tkhamardu-sery,"«Տղամարդու սերը» վեպը դատավարության է ենթարկվել իր անպարկեշտ բովանդակության և արծարծած իբր անբարոյական գաղափարների համար: Այնինչ, Լըմոնյեի վեպի հերոսները ուժեղ անհատականություններ էին, ովքեր ամբողջովին տրված էին սիրո պարգևած կրքինՙ այրվելով նրա կրակների մեջ: Նրանք փորձում էին ներդաշնակ լինել բնությանը, նրանց կյանքում գերակայում են բնազդները, իսկ ամենից շատ նրանք գնահատում են իրենց ազատությունը:",18.0,"Ռոմանս, Կատակերգություն"
1084,Կարմիր ժապավենը,Ժան-Քրիստոֆ Ռյուֆեն,https://zangakbookstore.am/media/products/300x0/a090a43443a2c97fe7364990cf7b2097.jpg,https://zangakbookstore.am/karmir-zhapaveny,"«Կարմիր ժապավենը» վեպ է պատերազմը, անկախ դրա ելքից, հոգեբանորեն չհաղթահարած մարդու մասին,մարդու, որի ներսում ծագած պատերազմը երբեք չի ավարտվի…",16.0,"Թրիլլեր, Դրամա"
1085,Տարրական մասնիկները,Միշել Ուելբեք,https://zangakbookstore.am/media/products/300x0/1eda1a1e3357d1768d98cb7990fa5d61.jfif,https://zangakbookstore.am/tarrakan-masniknery,"«Տարրական մասնիկներ» վեպը թեժ ու բուռն բանավեճերի ալիք է բարձրացրել հանրության լայն շրջանակներում երկու հազարամյակներիսահմանագծին՝ զգլխիչ հանդգնությամբ քողազերծելով «արևմտյան աշխարհի» մերօրյա զեխ, ցոփ ու շվայտ կենսափիլիսոփայական կործանարար ախտերը։",18.0,"Դրամա, Թրիլլեր"
1086,Փրկիչը տարեկանի արտում,Ջերոմ Դ․ Սելինջեր,https://zangakbookstore.am/media/products/300x0/d560e4725430ee8126ca24b75f95a8c7.jpg,https://zangakbookstore.am/prkichy-tarekani-artum,"Ամերիկյան հռչակավոր գրող Ջերոմ Դ. Սելինջերի հանրահայտ այս վեպը առաջին անգամ է հայ ընթերցողին ներկայացվում բնագրից կատարված թարգմանությամբ: Նախորդ հրատարակության «Տարեկանի արտում, անդունդի եզրին» վերնագրի փոխարեն առաջարկվող «Փրկիչը տարեկանի արտում» (“The Catcher in the Rye”) վերնագիրը առավել հարազատ է բնագրին, թեպետ կարող է ոչ միանշանակ ընկալվել:",16.0,"Կենսագրություն, Պոեզիա"
1087,Տիրուհին,Վլադիմիր Վոյնովիչ,https://zangakbookstore.am/media/products/300x0/d42810587f2f4d5998a5c1aa50b4f470.jfif,https://zangakbookstore.am/tiruhin,"«Տիրուհին» վիպակը հետաքրքիր կառուցվածքով ու մտահղացմամբ վիպակ է, որում հեղինակը, թվում է, դեպքերն ու իրադարձությունները ներկայացնում է որոշակի անվստահությամբ և կասկածանքով: Այն տպավորությունն է, թե նա ավելի շատ ցանկանում է լսել ընթերցողների տարբերակը:",16.0,"Կենսագրություն, Կատակերգություն"
1088,"Տուր ձեռքդ, պստլո",Գուրգեն Խանջյան,https://zangakbookstore.am/media/products/300x0/fe8dfa326f72fbd98c8eed275fc0dc4b.jpg,https://zangakbookstore.am/tur-dzerqd-pstlo,"Բուն իրականություն և ցանկալի իրականություն, ու երկուսում էլ ապրելու զարմանալի կարողություն, որը միևնույն ժամանակ դառնում է հոգեբանական անհաղթահարելի բեռ: Անցյալն անընդհատ կանչում է, գրավում, իսկ ներկան սպանում է անցյալի լավագույն հիշողությունները: Այս վեպը ժամանակների ու իրականությունների տարուբերումների մեջ մոլորված մարդու պատմություն է, որը այնուամենայնիվ ունակ է հաղթելու:",16.0,"Դրամա, Առեղծված"
1089,Կես վայրի,Սալլի Գրին,https://zangakbookstore.am/media/products/300x0/0b2f36f9971bc6cfdfe08f417b14b6a6.jpg,https://zangakbookstore.am/kes-vayri,"«Կես վայրին» բրիտանացի Սալլի Գրինի դեբյուտային եռագրության երկրորդ մասն է: Իրադարձությունները ծավալվում են ժամանակակից անգլիայում, որտեղ բնակություն են հաստատել բարի և չար վհուկներ: Եվ չնայած միմյանց հանդեպ ատելությունը` նրանց համախմբում է անբացատրելի վախը երիտասարդից, որի երակներով հոսում է երկու հակամարտող կողմի արյունը:",16.0,"Դրամա, Թրիլլեր"
1090,Վարդի անունը,Ումբերտո Էկո,https://zangakbookstore.am/media/products/300x0/0492c6c32ca1559457cc7fc99b2e2d4c.jfif,https://zangakbookstore.am/vardi-anuny,"Ումբերտո Էկոյի մեծ բեսթսելերը՝ «Վարդի անունը» (1980), որ բնորոշվել է իբրեւ XIV դարի դեկորներում ծավալվող փիլիսոփայական կամ աստվածաբանական դետեկտիվ, միջնադարյան աշխարհն իր բոլոր շերտերով ընդգրկող հանրագիտարանի արժեք ունի եւ դրա հետ մեկտեղ պոստմոդեռնիստական գրականության կոթողներից մեկի համարում: Ծննդյան 80 տարին բոլորելուն պես Էկոն վճռեց անդրադառնալ իր անդրանիկ վեպին` հրապարակելով իրեն մեծ գրողի համբավ բերած երկի վերամշակված տարբերակը: Նոր «Վարդի անունը», որտեղ հեղինակը բազմաթիվ խմբագրական ու լեզվական շտկումներ է արել, ինչ-ինչ կրճատումներ, մասնավորապես լատիներեն մեջբերումների առումով, լույս տեսավ 2013-ին, եւ ֆրանսերենից հետո հայերենը երկրորդ լեզուն է, որով թարգմանվել է: Հանգամանալի մեկնություններն ու ծանոթագրությունները շահեկանորեն առանձնացնում են այս հռչակավոր վեպի հայերեն հրատարակությունը այլ լեզուներով կատարված թարգմանություններից։",16.0,"Պոեզիա, Կենսագրություն"
1091,Վերոնացի երկու ազնվական (Լիակատար),,https://zangakbookstore.am/media/products/300x0/3889d99c2fcf518c7094beba45626f1d.jpeg,https://zangakbookstore.am/veronatsi-erku-aznvakan-liakatar,,12.0,Unknown
1092,Վերոնիկան որոշում է մեռնել,Պաուլու Կոելյու,https://zangakbookstore.am/media/products/300x0/37fca6a5b7639acc1accf06333be8156.jpg,https://zangakbookstore.am/veronikan-oroshum-e-mernel,"«Վերոնիկան որոշում է մեռնել» վիպակը Պաուլու Կոելյուի ամենահայտնի ու մեծ աղմուկ հանած ստեղծագործություններից է:Այն պատմություն է մարդու մասին, որը որոշելով մեռնել՝այնուամենայնիվ, մահվան հանդեպ դրսևորում է ապրելու աննկարագրելի կամք՝ ապացուցելով, որ ապրած յուրաքանչյուր օր հրաշք է:",16.0,"Դրամա, Կատակերգություն"
1093,Ստամբուլի հուշը,Ահմեդ Ումիթ,https://zangakbookstore.am/media/products/300x0/ef3191592d06aa05a203bd82006d8ebc(1).jpg,https://zangakbookstore.am/stambuli-hushy,"«Ստամբուլի հուշը» վեպը, գրված լինելով դետեկտիվ վեպի դասական բոլոր կանոններով, բարձրացնում է մշակութային կարևորության հարցեր: Պատմությունն ու ներկան ներդաշնակորեն ապրում են կողք կողքի և պատժվում են բոլոր նրանք, ովքեր խախտում են այդ ներդաշնակությունը: Սա վեպ է պաշտելի քաղաքի, սիրո, ընկերության և այդ ամենն անխաթար պահելու ողբերգական ձգտումների մասին:",16.0,"Առեղծված, Դրամա"
1094,Սխալների կատակերգություն,Վիլիամ Շեքսպիր,https://zangakbookstore.am/media/products/300x0/a0adaa818c0ac2ed649f61975f47ac69.jpeg,https://zangakbookstore.am/skhalneri-katakergutyun,,16.0,Unknown
1095,Խաղաղարարը,Լյուբկո Դերեշ,https://zangakbookstore.am/media/products/300x0/82253f08d413fde51f7dbb718fc61290.jpg,https://zangakbookstore.am/khakhakharary,"Լյուբկո Դերեշի այս գրքում զետեղված երեք վիպակները՝ «Ստեֆան Լյանգեի տարօրինակ պատմությունը», «Սուրբ Քրիստափոր, աղոթիր մեզ համար» եւ «Խաղաղարարը», հասնում են մի կետի, որից անդին դիմագծերով անվերջությանը նմանվող դատարկությունն է: Այն, ինչ արարչագործվել է, ապագա չունի։ Եվ եթե փորձում ես մտնել դրա մեջ պատմությունը ավարտվում է: Այնուհանդերձ, վերադարձի հնարավորությունից պիտի օգտվել։ Այս գիրքը գալիս է մեզ պատմելու հենց այդ վերադարձի առասպելը։",16.0,"Դրամա, Ֆանտաստիկա"
1096,Սարթորիս,Ուիլյամ Ֆոլքներ,https://zangakbookstore.am/media/products/300x0/0011a68a6dd4716f989633838f7a94d4.jpg,https://zangakbookstore.am/sartoris,"20–րդ դարի ամերիկյան գրականության ամենաազդեցիկ դեմքերից մեկի՝ Նոբելյան մրցանակակիր Ուիլյամ Ֆոլքների «Սարթորիս» վեպն առաջին անգամ հայերեն լույս է տեսել 2000 թվականին: Սա վեպի երկրորդ հրատարակությունն է, որը հարստացել է նոր ծանոթագրություններով: Վեպը գրողի փիլիսոփայական աշխարհայեցումի՝ որքան էլ զորեղ է Սարթորիս մարդը, բայց, միևնույնն է, անզոր է ժամանակի հարատև քաոսում, և նրբին հոգեբանական դիտարկումների՝ անդինատեսության կատարյալ արտահայտությունն է:",16.0,"Պոեզիա, Կենսագրություն"
1097,Խառնվածք,Ֆերդինանդ Բորդեվեյյք,https://zangakbookstore.am/media/products/300x0/edd1c7631c4a648407efd75bd99624ce.jpeg,https://zangakbookstore.am/kharnvatsq,"Վեպի հերոսը Ռոթերդամի աղքատ թաղամասերում մեծացած պատանի Կատադրոյֆեն է: Ինքնակրթությամբ եւ կամքի ահռելի ուժով նա փորձում է հասարակության ամենաստորին խավից բարձրանալ իրավաբանների ու գործարարների բարձր հասարակություն։ Առանց հոր մեծացած երիտասարդը սառը, գրեթե թշնամական հարաբերություն ունի մոր հետ: Բայց շուտով նա նաեւ բացահայտում է հորը՝ դատական կատարածու Դրեյվերհագենին, ով իր դաժանությամբ հայտնի է ողջ քաղաքին: Հայրը, պարզվում է, նաեւ իր պարտապանն է, ով ամեն գնով փորձում է որդուն սնանկության հասցնել եւ կործանել...",16.0,"Երիտասարդական, Դրամա"
1098,Սոլարիս,Ստանիսլավ Լեմ,https://zangakbookstore.am/media/products/300x0/9886b6f39fb2e11c7abf1527563aff65.jpg,https://zangakbookstore.am/solaris,"Լեհ գրող Ստանիսլավ Լեմի «Սոլարիս» վեպը համաշխարհային գիտաֆանտաստիկայի գլուխգործոցներից է, որտեղ հեղինակը կանխագուշակել է մեր քաղաքակրթության գլխավոր խնդիրը՝ գիտական և տեխնիկական մեծ առաջընթացի և մարդու հոգևոր-բարոյական անկման խոր հակասությունը՝ իր բոլոր աղետալի հետևանքներով:",16.0,"Կենսագրություն, Դրամա"
1099,Զազին մետրոյում,Ռեյմոն Քընո,https://zangakbookstore.am/media/products/300x0/05438fa4e09b575380241e18c3a2f4e4.jfif,https://zangakbookstore.am/zazin-metroyum,"Վեպում պատմվում է Զազի անունով 12-ամյա ֆրանսիացի աղջնակի մասին, որն առաջին անգամ եկել է Փարիզ և նպատակ ունի իրականացնել իր երազանքը՝ սեփական աչքերով տեսնել մետրոն: նա ինքնակորույս տեղաշարժվում է ամբողջ Փարիզով՝ ամեն անգամ հայտնվելով ծիծաղելի իրադարձությունների կենտրոնում:",16.0,"Դրամա, Թրիլլեր"
1100,Անհավատարմություն,Պաուլու Կոելյու,https://zangakbookstore.am/media/products/300x0/1f71127db895245ba5f727b0163e8cde.jpg,https://zangakbookstore.am/anhavatarmutyun,Պաուլու Կոելյուի նոր՝ «Անհավատարմություն» վեպը նույնպես արդեն հասցրել է դառնալ համաշխարհային բեսթսելլեր: Կրկին շեշտը դնելով գրավիչ սյուժեի ու տպավորվող ձևակերպումների վրա՝ Կոելյուն այս անգամ փորձում է կնոջ անունից ու կնոջ հոգեբանությամբ վերլուծել իրերն ու երևույթները:,18.0,"Դրամա, Կատակերգություն"
1101,Անասնաֆերմա,Ջորջ Օրուել,https://zangakbookstore.am/media/products/300x0/983419476e0c629e37850797676ce69c.jpg,https://zangakbookstore.am/anasnaferma,"«Անասնաֆերմա» վիպակը հրատարակվել է է 1945 թվականին: Այն կարելի է համարել երգիծական առակ-այլաբանություն, որտեղ Օրուելը պատկերել է 1917 թվականին Ռուսաստանում տեղի ունեցած Հոկտեմբերյան հեղաշրջման հեղափոխական սկզբունքների, գաղափարների ու ծրագրերի հետագա այլասերման ընթացքը, որն ի վերջո հանգեցրեց բռնապետության եւ տոտալիտարիզմի:",16.0,"Պատմական գեղարվեստական գրականություն, Կենսագրություն"
1102,Անբախտություն,Իմրե Կերտես,https://zangakbookstore.am/media/products/300x0/7dd0e4843a2b183da355783143ea6833(1).jpg,https://zangakbookstore.am/anbakhtutyun,"Հունգարացի գրող Իմրե Կերտեսի՝ 1975-ին լույս տեսած «Անբախտություն» վեպը Հոլոքոստի մասին գրված տաղանդավոր ստեղծագործություններից է: Ծագումով հրեա Կերտեսի վեպը 2002-ին արժանացավ Նոբելյան մրցանակի գրականության բնագավառում, որով մեկ անգամ ևս վավերացվեց «Անբախտության» կարևոր դերը համաշխարհային հոլոքոստապատումի համատեքստում:",16.0,"Կենսագրություն, Պոեզիա"
1103,Աքրայում գտնված ձեռագիրը,Պաուլու Կոելյու,https://zangakbookstore.am/media/products/300x0/cee6c9b8b53e7500faf2a807150f3945(1).jpg,https://zangakbookstore.am/aqrayum-gtnvats-dzeragiry,"«Աքրայում գտնված ձեռագիրը» Պաուլո Կոելյուի՝ արդեն ճանաչելի գրողական ձեռագրի ու ոճամտածողության հերթական ուշագրավ դրսեւորումն է, որտեղ հեղինակը կրկին շեշտը դնում է հավերժական արժեքների քարոզման ու գեղեցիկ մեկնաբանության վրա՝ մարդու մեջ դրանք պահպանված տեսնելու ցանկությամբ:",16.0,"Դրամա, Ֆանտաստիկա"
1104,Արտավազդ Շիդար,Գուրգեն Խանջյան,https://zangakbookstore.am/media/products/300x0/33a5e77160f2c4ad359c9c50cf12e6da.jpg,https://zangakbookstore.am/artavazd-shidar-1,Ժամանակակից հայ դրամատուրգիայի ամենաակնառու և ամենաբեմադրված հեղինակներից մեկի` Գուրգեն Խանջյանի պիեսների նոր ժողովածուն ամփոփում է նրա վերջին տարիների ստեղծագործությունները:,16.0,"Պոեզիա, Կենսագրություն"
1105,Ականջաբարձ,Իրակլի Սամսոնաձե,https://zangakbookstore.am/media/products/300x0/9c1a3dd1528fa246606e4ebce4549afb.jpg,https://zangakbookstore.am/akanjabardz,"Վրացական արդի գրականության լավագույն ներկայացուցիչներից մեկի՝ Իրակլի Սամսոնաձեի այս վեպը հետսովետական այսպես կոչված՝ անցումային արիների դժվարին ժամանակաշրջանն է վկայագրում: Բարոյահոգեբանական և արժեհամակարգային աղճատված իրականության մեջ Սամսոնաձեն մարդ, քաղաքացի, մտավորական մնալու դժվարին, բարձր առաքելության խնդիրն է դնում:",16.0,"Դրամա, Պատմական գեղարվեստական գրականություն"
1106,Ավելի մուգ հիսուն երանգները,Է.Լ. Ջեյմս,https://zangakbookstore.am/media/products/300x0/8aaefc2f7860816ea9df195ce63a80c2.jpg,https://zangakbookstore.am/aveli-mug-hisun-erangnery,"Սիրունատես, ներքին տվայտանքներով լի երիտասարդ գործարար Քրիստիան Գրեյի բացառիկ ցանկություններից և մռայլ գաղտնիքներից ցնցված՝ Անասթեյշա Սթիլը դադարեցնում է իրենց հարաբերությունները, որպեսզի նոր կարիերա սկսի սիեթլյան մի հրատարակչությունում: Բայց Քրիստիանի մասին մտքերը նրան հանգիտ չեն տալիս, և երբ նա առաջարկում է հանդիպել, Անասթեյշան չի կարողանում մերժել:",18.0,"Դրամա, Երիտասարդական"
1107,Ռադոբիս,Նաջիբ Մահֆուզ,https://zangakbookstore.am/media/products/300x0/5f30b9f7150b958d1c2a05f540efb015(1).jpg,https://zangakbookstore.am/radobis,"Նաջիբ Մահֆուզի «Ռադոբիս» վեպի համար հիմք է ծառայել Հին Եգիպտոսի 6-րդ դինաստիայի Մերենրա 2-րդ Նեմթիեմսաֆ փարավոնի կերպարը: Նա Պեպի 2-րդի և Նեյթ թագուհու որդին էր, Նիթոկրիս թագուհու եղբայրն ու ամուսինը և թագավորել է մ.թ.ա. 2219-2218 թթ.: Փարավոնի գահակալման կարճ ժամանակաշրջանը կապում են կամ նրա հիվանդության, կամ պետական հեղաշրջման հետ: Մահֆուզի վեպը բացահայտում է իրական պատճառները...",16.0,"Պատմական գեղարվեստական գրականություն, Դրամա"
1108,Ռոմեո և Ջուլիետ Լիակատար,Ուիլյամ Շեքսպիր,https://zangakbookstore.am/media/products/300x0/6706a33b8c335eef4ec964d57c70bcee.jpeg,https://zangakbookstore.am/romeo-ev-juliet-liakatar,,12.0,Unknown
1109,Լոլիտա,Վլադիմիր Նաբոկով,https://zangakbookstore.am/media/products/300x0/91657d4e027d6a31d0988fbf537aa99b(1).jpg,https://zangakbookstore.am/lolita-2,"Վլադիմիր Նաբոկովի «Լոլիտան»՝ անչափահաս աղջկա հանդեպ հասուն տղամարդուն համակած ամենակուլ ճակատագրական կրքի այս հուզախռով պատմությունը, բոլոր ժամանակների ամենաաղմկահարույց գրքերից մեկի համբավն ունի: Ի՞նչ է սա, արդեն տասնամյակներ շարունակ ջանում են հասկանալ գրականագետները. կլինիկական դեպքի նկարագրությո՞ւն, մարտահրավեր կեղծ բարեպաշտությա՞նը, ֆրոյդիստական վարժանքնե՞ր գրականության ասպարեզում (թեև Նաբոկովը հեգնալի արհամարհանքով էր վերաբերվում Ֆրոյդին), երգիծական պատո՞ւմ, թե՞ տրտմաթախիծ գիրք մենության և սիրո մասին: «Լոլիտա»-ի առեղծվածն անհնար է միանշանակորեն վերծանել:",18.0,"Ռոմանս, Առեղծված"
1110,Լոլիտա,Վլադիմիր Նաբոկով,https://zangakbookstore.am/media/products/300x0/909688348cf393e70822a0f84f277160.jpg,https://zangakbookstore.am/lolita-1,"Վլադիմիր Նաբոկովի «Լոլիտան»՝ անչափահաս աղջկա հանդեպ հասուն տղամարդուն համակած ամենակուլ ճակատագրական կրքի այս հուզախռով պատմությունը, բոլոր ժամանակների ամենաաղմկահարույց գրքերից մեկի համբավն ունի: Ի՞նչ է սա, արդեն տասնամյակներ շարունակ ջանում են հասկանալ գրականագետները. կլինիկական դեպքի նկարագրությո՞ւն, մարտահրավեր կեղծ բարեպաշտությա՞նը, ֆրոյդիստական վարժանքնե՞ր գրականության ասպարեզում (թեև Նաբոկովը հեգնալի արհամարհանքով էր վերաբերվում Ֆրոյդին), երգիծական պատո՞ւմ, թե՞ տրտմաթախիծ գիրք մենության և սիրո մասին: «Լոլիտա»-ի առեղծվածն անհնար է միանշանակորեն վերծանել:",18.0,"Ռոմանս, Առեղծված"
1111,Երկար մոլնը,Ալեն-Ֆուրնիե,https://zangakbookstore.am/media/products/300x0/a7f3687d308277927dc7e4ae6223886b.jpeg,https://zangakbookstore.am/erkar-molny,"Ֆրանսիացի գրող Ալեն-Ֆուրնիեի (Անրի Ֆուրնիե, 1886-1914) «Երկար Մոլնը» վեպը կառուցված է գրողի անմիջական տպավորությունների և հիշողությունների կենսական նյութի վրա: Դա վեպ է իդեալի և այն իրագործելու կամքի մասին, երազանքի ուժի մասին, որ ակտիվորեն ընթացք է տալիս կյանքին:",16.0,"Կենսագրություն, Դրամա"
1112,Դանդաղ վերադարձ տուն,Պետեր Հանդքե,https://zangakbookstore.am/media/products/300x0/e2a13c514e2d5277a30814a73adbf3d6.jpg,https://zangakbookstore.am/dandakh-veradardz-tun,"Ավստրիացի հանրահայտ գրող Պետեր Հանդկեի այս ժողովածուն ներառում է նրա արձակ լավագույն ստեղծագործությունները, որոնց մեծագույն մասը հայերեն է թարգմանվում առաջին անգամ:",16.0,"Պոեզիա, Կենսագրություն"
1113,Դավաճանություն,Դեյան Տրայկոսկի,https://zangakbookstore.am/media/products/300x0/7a7393f50e83101656764701cb69dfdc(1).jpg,https://zangakbookstore.am/davachanutyun,"Մակեդոնացի արձակագիր Դեյան Տրայկոսկու «Դավաճանություն» վեպը սիրո և կրքի, պատվի ու պարտականության, հայրենի հողի ու նրա հանդեպ պատասխանատվության՝ այդպես էլ չհստակվող և դրա պատճառով ողբերգություն պայմանավորող հոգեբանական դեգերումների պատմություն է:",16.0,"Դրամա, Ռոմանս"
1114,Դիասերը: Ս-ի մահը,Գաբրիել Վիտկոպ,https://zangakbookstore.am/media/products/300x0/37566aaff2973326c60caffb9e52c476.jpeg,https://zangakbookstore.am/diasery-s-i-mahy,"Առաջին անգամ հայ ընթերցողին է ներկայացվում իր անհաշտվողական կեցվածքով հայտնի ֆրանսիացի գրող Գաբրիել Վիտկոպի (1920-2002) արձակը: Գիրքն ընդգրկել է մի շարք լեզուներով քանիցս վերահրատարակված «Դիասերը» և հեղինակի կողմից իր «ամենագեղեցիկ տեքստը» որակված «Ս.-ի մահը» վիպակները՝ երկու արտասովոր ու առինքնող երկ, որոնցից ամեն մեկը կեցության մռայլ բավիղները թափանցելու յուրատեսակ հնարավորություն է տալիս և անխուսափելիորեն տանում դեպի Մահ:",18.0,"Կենսագրություն, Դրամա"
1115,Պրեզիդենտի կատուն,Գուրամ Օդիշարիա,https://zangakbookstore.am/media/products/300x0/0182fc37416de146d4f602e13865a5ac.jpg,https://zangakbookstore.am/prezidenti-katun,"Վրացի բանաստեղծ, արձակագիր Գուրամ Օդիշարիայի «Պրեզիդենտի կատուն»ինքնատիպ կառուցվածքով եւ հետաքրքիր սյուժեով վեպ է, որում ներկայացվում ու բացահայտվում է մի ամբողջ ժամանակահատվածի համապատկեր՝ բնորոշ կերպարներով եւ ապրելակերպով:",16.0,"Պոեզիա, Կատակերգություն"
1116,Պանտալեոնը և այցելուների ջոկատը,Մարիո Վարգաս Լյոսա,https://zangakbookstore.am/media/products/300x0/649ec91bb89018b6103f5425d39e5d77.jpg,https://zangakbookstore.am/pantaleony-ev-aytseluneri-jokaty,"2010-ին Նոբելյան մրցանակ շնորհվեց Մարիո Վարգաս Լյուսային ավելի արժևորելով այս վեպը: Լատինամերիկյան բումը համաշխարհային գրկանության ամենաուշարժան երևույթներից է, երևույթ, որի շնորհիվ գրականության աշխարհագրությունը հարստացավ մի տարածությամբ, ինչը մինչև հիմա այդ գրական առումով խոպան հող էր ընկալվել:",18.0,"Երիտասարդական, Պատմական գեղարվեստական գրականություն"
1117,Պստիկը,Ալֆոնս Դոդե,https://zangakbookstore.am/media/products/300x0/ffbc6892c59c9f2e5998c2dc57f4a8c7.jpg,https://zangakbookstore.am/pstiky,"«Պստիկը» Ալֆոնս Դոդեի առաջին վեպն է, որում արդեն իսկ առկա են այն կենտրոնական թեմաները, որոնք բնութագրական էին լինելու նրա ամբողջ ստեղծագործության համար: Կուրտիզանուհու հանդեպ «ճակակտագրական կրքի» մոտիվը, որ զուգադրվում է ֆիզիոլոգիական բնազդների անհաղթահարելի ուժին, ներկայացված է լավատեսական լույսի ներքո: Պատանի հերոսն, ի վերջո, գտնում է երջանկության բանալին:",16.0,"Դրամա, Կատակերգություն"
1118,Պատրանքով տարված,Ալիս Մանրո,https://zangakbookstore.am/media/products/300x0/0b76e1b53ccb6dd8495e0900adaef546.jpg,https://zangakbookstore.am/patranqov-tarvats,"Նոբելյան մրցանակի դափնեկիր Ալիս Մանրոյի «Պատրանքով տարված» գրքում ընդգրկված են պատմվածքներ, որոնք վերցված են նրա տարբեր ժողովածուներից: Պարզ պատմությունները, ներքին անսպասելի հուզական բռնկումները, կերպարներից հորդող անպատնելի տխրությունները Մանրոյի անսեթևեթ ոճի տարերի մեջ են առնում յուրաքանչյուր ընթերցողի:",16.0,"Պոեզիա, Դրամա"
1119,Վիպակներ և պատմվածքներ,Միխայիլ Բուլգակով,https://zangakbookstore.am/media/products/300x0/7fcd23e068865701fc7aacea1850ae34(1).jpg,https://zangakbookstore.am/vipakner-ev-patmvatsqner,"Ժողովածուում ընդգրկված է ռուս մեծ գրող Միխաիլ Բուկգակովի հանրահայտ եռագրությունը՝ «Դիվապատում», «Ճակատագրական ձվեր», «Շան սիրտ» վիպակները՝ նոր թարգմանությամբ, ինչպես նաև գրողի՝ 1920-ական թթ. մամուլում հրապարակված պատմվածքներն ու ֆելիետոնները՝ անհրաժեշտ ծանոթագրություններով ու հղումներով:",16.0,"Պոեզիա, Կենսագրություն"
1120,Պատերազմը կնոջ դեմք չունի,Սվետլանա Ալեքսիևիչ,https://zangakbookstore.am/media/products/300x0/d544252bf8e5a6846a70694b40d70113.jpg,https://zangakbookstore.am/paterazmy-knoj-demq-chuni,Պատերազմի մասին աշխարհում ամենահայտնի գրքերից մեկն է: «Մեր ժամանակ ստեղծված բազմաձայն ստեղծագործության՝ տառապանքի ու արիության հուշարձանի» համար Սվետլանա Ալեքսիևիչը 2015 թվականին արժանացել է գրականության Նոբելյան մրցանակի: «Պատերազմը կնոջ դեմք չունի» գիրքը պատերազմի անմարդկային պայմաններում գոյատևող կնոջ հոգևոր աշխարհն ինքնատիպորեն ներթափանցելու փորձ է:,16.0,"Կենսագրություն, Դրամա"
1121,Պենելոպե,Գոհար Մարկոսյան-Կասպեր,https://zangakbookstore.am/media/products/300x0/a4f17c1ec5a471f688bd3b0945a9f780.jpg,https://zangakbookstore.am/penelope-1,"Պատումի ժամանակը՝ անցած դարի 90-ականները: Պատումի վայրը՝ Երևանը: Պատումի հերոսուհին՝ Պենելոպեն, Գոհար Կասպեր-Մարկոսյանի թանկագին քույրիկը, ում մեկօրյա կյանքը ծիծաղաշարժ ու սրտաճմլիկ, հեգնական ու զգայական, անկեղծ ու խաղացկուն արկածաշար է հիշեցնում, որի գլխավոր թիրախը լոգասենյակն է, որը պետք է անպայման հաշվարկել-փնտրել-գտնել տաք, հոսող ջրի տակ (հրա՜շք) լողանալու (իսկ եթե երկու ձեռքով՝ կրկնակի՛ հրաշք) համար: Բայց մինչև բաղձալի նիր-ванна-ին հասնելը՝ վարպետությամբ հյուսված մեծ ու փոքր պատմությունների ինքնատիպ պենելոպյան գործվածքն է, որին, ստեղծման պահից արդեն, վերապահված էր դառնալ մերօրյա առասպելապատում:",16.0,"Կատակերգություն, Դրամա"
1122,Չկարդացած գրքերի փոխարեն,Արմեն Սարգսյան,https://zangakbookstore.am/media/products/300x0/f0f2f01be1085da884c4d51ad61949b2.jpg,https://zangakbookstore.am/chkardatsats-grqeri-pokharen,,16.0,Unknown
1123,Բաբելոնյան գրադարան,Խորխե Լուիս Բորխես,https://zangakbookstore.am/media/products/300x0/e7d5b059f6a4fabefbb4da451b7eddb8.jpg,https://zangakbookstore.am/babelonyan-gradaran,"Գրքում ներառված են XX դարի մեծագույն գրողներից մեկի` Խորխե Լուիս Բորխեսի պատմվածքների ժողովածուներից հինգը, որոնք ներկայացնում են հեղինակի յուրատիպ փիլիսոփայական խոհերը եւ ընթերցողին տեղափոխում ֆանտաստիկ մի աշխարհ, որը զերծ է ամեն կարգի պայմանականություններից: Բորխեսը կարողանում է ֆանտաստիկան հասցնել փիլիսոփայության մակարդակին եւ մետաֆիզիկան ու աստվածաբանությունը իջեցնել ֆանտաստիկայի մակարդակին:",16.0,"Պոեզիա, Գիտական ​​ֆանտաստիկա"
1124,Չի վաճառվում,Արփի Ոսկանյան,https://zangakbookstore.am/media/products/300x0/8ce270e44512edda29830c5a077f9038.jpg,https://zangakbookstore.am/chi-vacharvum,"Գրքում տեղ գտած պատմվածքները 20 տարվա ժամանակահատված են ընդգրկում՝ ներկայացնելով հեղինակի անցած ճանապարհը ուշ պատանեկությունից մինչեւ միջին տարիք, այդ ճանապարհին տեղի ունեցած աշխարհայացքային, գեղագիտական, ոճական փոփոխությունները։ Միաժամանակ գրքում երեւակվում է տվյալ ժամանակաշրջանի գրականության հետագիծը։",16.0,"Կենսագրություն, Պատմական գեղարվեստական գրականություն"
1125,Թիթեղյա թմբուկը,Գյունթեր Գրաս,https://zangakbookstore.am/media/products/300x0/5d852b36a384a1ab7432dee6edad528a.jpg,https://zangakbookstore.am/titekhya-tmbuky,"Նոբելյան մրցանակի դափնեկիր Գյունթե Գրացի «Թիթեղյա թմբուկը» վեպը որոշակի դարաշրջանում՝ նախապատերազմյան,պատերազմական շրջանի,ետպատերազմյան Գերմանիայում և Եվրոպայում մարդու երկվության,բարքերի անկման,մարդկային հասարակնության վրա ֆաշիստական գաղափարախոսության թողած կործանարար ազդեցության մասին է: Վեպի գլխավոր հերոսի՝ հիվանդ թզուկ Օսկարի հայացքով են դիտված մարդկությանը պատուհասած մեծ արհավիրքի՝ Երկրորդ աշխարհամարտի հասունացման,ընթացքի և ավարտի համայնապատկերը և անհատի ու հասարակության բարոյական արժեքների անկումը այդ համայնապատկերի վրա:",16.0,"Թրիլլեր, Կենսագրություն"
1126,Թունելը,Էռնեստո Սաբատո,https://zangakbookstore.am/media/products/300x0/96c15f38617842236b576002a17e1a62.jfif,https://zangakbookstore.am/tunely,"«Թունելը» վեպում Էռնեստո Սաբատոն իր հերոսի` նկարիչ Կաստելի գիտակցության միջոցով ապացուցում է, որ հույսը, որպես այդպիսին, գոյություն չունի, եւ որ մարդկային գիտակցությունը երբեք չի կարող հասնել անվերապահ կամ բացարձակ սիրո։",16.0,"Դրամա, Թրիլլեր"
1127,Որդան կարմիր,Ռուբեն Հովսեփյան,https://zangakbookstore.am/media/products/300x0/cf06f3671a57677976c68756f75c35b5.jpg,https://zangakbookstore.am/ordan-karmir,"Գրքում ընդգրկված են մեր ժամանակների լավագույն գրողներից մեկի՝ Ռուբեն Հովսեփյանի «Ճիչ»,«Հայոց թաղ», «Որդան կարմիր» վիպակները և «Ծիրանի ծառերի տակ» վեպը:",16.0,"Պոեզիա, Մանկական գրականություն"
1128,Որ չկորչես թաղամասում,Պատրիկ Մոդիանո,https://zangakbookstore.am/media/products/300x0/44a7e8a726ddb10292828b927f09d6a6.jpg,https://zangakbookstore.am/or-chkorches-takhamasum,"«Որ չկորչես թաղամասում» վեպը մի ճամփորդություն է մենությունից դեպի մենություն, իսկ հընթացս երևակվող դեպքերն ու դեմքերը պարզապես քաղաքային գունապնակ-կյանքի օբյեկտիվ իրողություններն են:",16.0,"Դրամա, Առեղծված"
1129,Ենոքի աչքը,Գուրգեն Խանջյան,https://zangakbookstore.am/media/products/300x0/15b5d31dfcdae2d415af56d4023f5acd.jpg,https://zangakbookstore.am/enoqi-achqy,"Ճակատագրեր, անհատականություններ, ներփակ բնավորություններ, որ հարաբերվում են վիպական ինքնատիպ տարածության մեջ՝ միմյանցից անկախ վերհանելով ընդհանրական խնդիրներ, իբրեւ առանցք ունենալով ապակե աչքի ամենատես ոսպնյակը:",16.0,"Դրամա, Գիտական ​​ֆանտաստիկա"
1130,Իմ անունը հիմա է,Աննա Արզումանյան,https://zangakbookstore.am/media/products/300x0/5903a3d5782312dc58357973491efa3d.jpg,https://zangakbookstore.am/im-anuny-hima-e,"Նյու Յորք այցելող կինը ըմբոշխնում է քաղաքի յուրահատուկ հմայքը: Պատահական մի հանդիպում սրճարաններից մեկում արթնացնում է նրա մեջ ցեղասպանության հիշողությունը, որն իր վերաիմաստավորումն է ստանում արգենտինահայ բանաստեղծուհու երևակայական աշխարհում:",16.0,"Դրամա, Երիտասարդական"
1131,Տիմոն Աթենացի,Վիլիամ Շեքսպիր,https://zangakbookstore.am/media/products/300x0/ff7e17261990de165316f92cf819e91b.jpg,https://zangakbookstore.am/timon-atenatsi-1,,16.0,Unknown
1132,Կույսի համաստեղություն,Սամվել Սևադա,https://zangakbookstore.am/media/products/300x0/da025ab92be288487dfa7e5d99cff70c.png,https://zangakbookstore.am/kuysi-hamastekhutyun-1,,16.0,Unknown
1133,Ակեղդամա,Վաչե Սարգսյան,https://zangakbookstore.am/media/products/300x0/08c0f9495e7ee39592d81b7ddcd72ac4.jpg,https://zangakbookstore.am/akekhdama-1,"Ակեղդամա վեպը սիբիրյան աքսորի խորհրդահայ գրականության անհայտ մնացած կոթողային նմուշ է: Հեղինակը վեպն սկսել է գրել 1960-ական թթ.` ՊԱԿ-ի ու գուլագյան ճամբարներում 16-ամյա ազատազրկումից վերադառնալուց հետո: Գեղարվեստական ատաղձով այս վկայագրության մեջ հեղինակը վերակերտում է աքսորի իր ընկերների կերպաներն ու վերաներկայում աքսորական իր փորձառությունը: Սարգսյանը ձերբակալվել է 1941 թ․, երբ տակավին պատանի սկսել էր դասավանդել Վերին Թալին գյուղի դպրոցում։ 1956 թ. խրուշչովյան քաղաքականության համատեքստում նա արդարացվում է և վերադառնալով աքսորից շարունակում հանրային ու գրական իր գործունեությունը` հարելով ժամանակի ազատական շարժումներին: Վեպի առաջին` Անկրկնելի պատմություն հատորը հրատարակվում է առաջին անգամ։ Հրատարակությունն ուղեկցվում է Վաչե Սարգսյանի կյանքի և գործունեության, ինչպես նաև աքսորական գրականության շուրջ՝ Սիրանուշ Դվոյանի քննական հետազոտությամբ։ Քննական այս հրատարակությունն ընդգրկում է նաև վեպի հրատարակության շուրջ փաստաթղթեր:",18.0,"Կենսագրություն, Պոեզիա"
1134,Երևան / Նյու Յորք,Մարինե Պետրոսյան,https://zangakbookstore.am/media/products/300x0/11ecdf09e42d17ec6a75fc4a6d78f50c.jpg,https://zangakbookstore.am/erevan-nyu-yorq,"Ուզում եմ երկու բառով բացատրեմ՝ ոնց ծնվեց «Երևան /Նյու Յորք» վերնագիրը։ Էս գրքում կան բանաստեղծություններ, որոնցում Նյու Յորքը ուղղակի ա հիշատակված՝ «Խաչատուրը Բրուքլինում», «Ես ու թագուհին Քվինսի փողոցներում»։ Կան նաև տեքստեր, որոնցում քաղաքի անունը չի նշված, բայց ես դրանք գրել եմ մտքումս Նյու Յորքն ունենալով։ Եվ իհարկե, կան տեքստեր, որոնցում դարձյալ քաղաքի անունը չի նշված, և քաղաքը Երևանն ա։ Գիրքը կազմելիս ուզում էի բանաստեղծությունները նենց դասավորեմ, որ նյույորքյանները իրար կողք հավաքվեն, երևանյանները՝ իրար կողք։ Ու հանկարծ նկատեցի, որ էդ երկու խմբի տեքստերը իրար ավելի շատ նման են, քան տարբեր։ Դրանք բոլորը սպասումի մասին են։ Սպասումի, որ շուտով ինչ-որ կարևոր բան ա պատահելու, որից հետո ամեն ինչ կփոխվի։ Հիմա, երբ գրում եմ էս տողերը, Երևանում 2018-ի հեղափոխությունն արդեն պատահել ա։ Էդ հեղափոխությունը ես հասկանում եմ որպես մի տեղաշարժ, որից հետո հայաստանցիներիս խնդիրները մի հարկ վեր են բարձրացել, նույն հարթության վրա են հայտնվել աշխարհի խնդիրների հետ։ Իսկ աշխարհի կենտրոնը էսօր Նյու Յորքն ա։ Դրա համար էլ՝ ԵՐԵՎԱՆ ՆՅՈՒՅՈՐՔ:",16.0,"Դրամա, Ֆանտաստիկա"
1135,Երրորդ սեռ,Ժան-Շա (Հովհաննես) Թեքգյոզյան,https://zangakbookstore.am/media/products/300x0/ec1f8ee602ddf043c034b735cc296de1.png,https://zangakbookstore.am/errord-ser-1,"Ժան-Շա (Հովհաննես) Թեքգյոզյանի «Երրորդ սեռ»-ը ֆեմինիստական վեպ է, որի հերոսները բարդ ճակատագրերով կանայք են՝ տարբեր տարիքների դերասանուհիներ, որ ապրում են վերջին հարյուրամյակի տարբեր ժամանակահատվածներում և հասարակարգերում: Սակայն նրանց դրաման նույնն է՝ սիրել և լինել սիրված, գնահատված և ապրել արժանապատիվ: Վեպի վերնագիրը վերագրվում է դերասանի մասնագիտությանը: Դերասանները չունեն սեռ, նրանք ո՛չ կին են, ո՛չ տղամարդ, նրանք կորցնում են իրենց իրական դեմքն ու սեռականությունը, քանի որ ստիպված են խաղալ դերեր և ոչ միայն բեմում, այլ նաև առօրյա կյանքում: Հասարակությունը չի ուզում ճանաչել և ընդունել նրանց իրական ԵՍը, հետևաբար խաղը չի ավարտվում բեմից դուրս: Ահա ինչու է գիրքը կոչվում «Երրորդ սեռ»:
Վեպի չորս գլուխները խոսում են չորս կանանց ձայներով, միմյանցից շատ տարբերվող, սակայն նույն գաղափարի շուրջ մտորող. կնոջը և հատկապես հանրային ճանաչում ունեցող կնոջը հասարակությունը այլ չափանիշներով է դատում և հեշտ թիրախ դարձնում: Դերասանուհիների կերպարները իրական են, և ընթերցողների ավագ սերնդին ծանոթ են ոչ միայն նրանց անունները, այլ նրանց կյանքի սկանդալային պատմությունները, որոնք և ներկայացված են վեպում: Սակայն հեղինակը ստիպում է կանանց խոսել այն մասին, ինչը նրանք երբեք չէին հանրայնացնի:",18.0,"Դրամա, Ռոմանս"
1136,Ողբերգություններ,Սոֆոկլես,https://zangakbookstore.am/media/products/300x0/2567ea59c2794b00b9076eeb6d574bf0.jpg,https://zangakbookstore.am/okhbergutyunner-1,"Գիրքն ընդգրկում է հույն մեծ ողբերգակ Սոֆոկլեսի (մ.թ.ա. 496–406) երեք նշանավոր «թեբեական» ողբերգությունները` «Էդիպուս արքա» (որի հիման վրա է առաջացել «էդիպյան բարդույթ» արտահայտությունը), «Էդիպուսը Կոլոնոսում» (Սոֆոկլեսի վերջին երկը) և «Անտիգոնե» (երեքն էլ` նոր թարգմանությամբ ու մանրակրկիտ ծանոթագրություններով. «Էդիպուսը Կոլոնոսում» ողբերգությունը հայերեն հրատարակվում է առաջին անգամ): Առաջաբանում ոչ միայն քննարկվում են բուն ողբերգությունները, այլև համառոտ ներկայացվում են Սոֆոկլեսի կյանքը, հին հունական թատրոնի առանձնահատկությունները և ողբերգությունների կառուցվածքային հատկանիշները:",16.0,"Դրամա, Պատմական գեղարվեստական գրականություն"
1137,Մադամ Կ-ն և թավշյա հեղափոխությունը,Էմանուել Դելլե Պիանե,https://zangakbookstore.am/media/products/300x0/26f933e885c5c25cc4f2b592fea75cf7.jpg,https://zangakbookstore.am/madam-k-n-ev-tavshya-hekhapokhutyuny,"Ժամանակակից շվեյցարացի դրամատուրգի կատակերգությունը լույս է տեսնում առաջին անգամ ֆրանսերեն բնագրով և հայերեն թարգմանությամբ մեկ գրքում։ Այն աչքի է ընկնում դինամիզմով, հումորով, և ինչ-որ իմաստով առնչվում է 2018 թվի հայաստանյան Թավշյա հեղափոխությանը։",18.0,"Կատակերգություն, Դրամա"
1138,"Ուշադրություն, սկսվում է",Ռաֆայել Նահապետյան,https://zangakbookstore.am/media/products/300x0/8bdf0745cbe8d772d73a9f54c1760f85.jpg,https://zangakbookstore.am/ushadrutyun-sksvum-e,"Ժողովածուն մեկտեղում է արդի հայ գրականության ամե¬նաինքնատիպ արձակագիրներից մեկի՝ Ռաֆայել Նահա¬պետ¬յանի (1946-2010) լավագույն պատմվածքների մի փունջ և «Ուշադրություն, սկսվում է...» վիպակը:",16.0,"Պոեզիա, Կենսագրություն"
1139,"Համբերություն քեզ, մարդ",Գուրգեն Խանջյան,https://zangakbookstore.am/media/products/300x0/cc1ff99dfcbf362217a5592a8432141c.jpg,https://zangakbookstore.am/hamberutyun-qez-mard,"«Համբերություն քեզ, մա՛րդ» ժողովածուն ամփոփում է Խանջյանի գրեթե բոլոր պատմվածքները, կոլաժներն ու էսսեները, որոնք ընդգրկված են եղել նրա նախորդ հիշատակված ժողովածուներում, ինչպես նաև նույն ժանրերի` ժողովածուներում չընդգրկված և գրական մամուլում հրապարակված ստեղծագործությունները: Գուրգեն Խանջյանն այս գրքով ամփոփում-ամբողջացնում է իր փոքր արձակի նկարագիրը:",16.0,"Պոեզիա, Կենսագրություն"
1140,Մեկ պատմվածք մատենաշար 2,"Իվան Բունին, Հայնրիխ Բյոլ, Վսեվոլոդ Գարշին",https://zangakbookstore.am/media/products/300x0/5fa9a675b89d3f47a76528411d9d9ff2.jpg,https://zangakbookstore.am/mek-patmvatsq-matenashar-2,Գիրքը պարունակում է երեք համաշխարհային հսկաների կարճ պատմվածքները։,16.0,"Պոեզիա, Գիտական ​​ֆանտաստիկա"
1141,Մեկ պատմվածք մատենաշար 1,Սամվել Բունիաթյան,https://zangakbookstore.am/media/products/300x0/66d92a17c10df8492be74c20675f9c71.jpg,https://zangakbookstore.am/mek-patmvatsq-matenashar-1,Սա պատմվածք է մարդու սպասելու իրավունքի մասին։,16.0,"Պոեզիա, Դրամա"
1142,Էլիկո,Էլյա Համբարձումյան,https://zangakbookstore.am/media/products/300x0/ecac48d070d872a90f74c0c8a36a3919.jpg,https://zangakbookstore.am/eliko,"Պատմվածքնnրի այս ժողովածուն ծաղկաքաղ է հեղինակի կյանքից՝ համեմված բազմաթիվ ծիծաղաշարժ դրվագներով, որոնք հնարավոր չէ ընթերցել առանց ժպիտի։ Գիրքը կարող է հետաքրքրել տարբեր տարիքի եւ տարբեր հետաքրքրությունների տեր ընթերցողներին։",16.0,"Կատակերգություն, Պոեզիա"
1143,"Ի՞նչ ասել այս մարմնի մասին և ինչ-որ բան, ինչ-որ մեկը",Վահե Գոդել,https://zangakbookstore.am/media/products/300x0/421e009a1a6051b7e1cf2f7cd2abbbbf.jpeg,https://zangakbookstore.am/inch-asel-ays-marmni-masin-ev-inch-or-ban-inch-or-meky,Վահե Գոդելը ժամանակակից ֆրանսիացի բանաստեղծ է։,16.0,"Ժամանակակից, Դրամա"
1144,Խաբկանք,Ժորժ Ռոդենբախ,https://zangakbookstore.am/media/products/300x0/dcf74a46e28264d0185f2d7aa3499b10.jpeg,https://zangakbookstore.am/khabkanq,"Սիմվոլիստական արձակի գագաթ համարվող այս ստեղծագործության սյուժեն Էվրիդիկեի առասպելի յուրօրինակ մշակումն է, որ հարստացել է պաշտամունքի առարկա դարձած խորհրդանիշներով՝ Բրյուգգե քաղաքը, որտեղ ծավալվում են վեպի և պիեսի գործողությունները և հանգուցյալ կնոջ մազերը, որ երկյուղածությամբ պահվում են բյուրեղապակյա տուփի մեջ։",16.0,"Ֆանտաստիկա, Կատակերգություն"
1145,Երկվորյակների եռապատում,Ագոտա Կրիստոֆ,https://zangakbookstore.am/media/products/300x0/a26a7da1a470cf3d05647619448d093a.jpg,https://zangakbookstore.am/erkvoryakneri-erapatum,"Հեղինակը երկվորյակ ղբայրնե Կլաուս և Լյուկասի ողբերգական ճակատագրով պատմում է Համաշխարհային երկրորդ պատերազմի և դրան հաջորդած տասնամյակների ընթացքում տեղի ունեցած դրամատիկ իրադարձությունների մասին: Հմուտ վիպասանին բնորոշ գրչով, նա ներկայացնում է պատերազմների և քաղաքական կատակլիզմների ծանր և անշտկելի հետևանքները: «Երկվորյակների եռապատումը» Ա. Կրիստոֆի երկրորդ գիրքն է հայերեն:",16.0,"Կենսագրություն, Պատմական գեղարվեստական գրականություն"
1146,Արվեստն աքսորյալ,Ժորժ Ռոդենբախ,https://zangakbookstore.am/media/products/300x0/4b48a6428f14bef6dcf0a6e89e260920.jpg,https://zangakbookstore.am/arvestn-aqsoryal,,16.0,Unknown
1147,Սիրո առասպելները,Դենի Դը Ռուժմոն,https://zangakbookstore.am/media/products/300x0/8f95cd8af62c8e4bd42273b7faa14d96.jpeg,https://zangakbookstore.am/siro-araspelnery,"«Սիրո առասպելները» Դենի դը Ռուժմոնի «Սերը և Արևմուտքը» ուսումնասիրության շարունակությունն է։ Հեղինակը XIX և XX դդ գրականությունների և կրոնների պատմության մեջ զննում է սիրո առասպելների արտացոլումը, բացահայտում է արևմտյան հոգեկերտվածքի գաղտնիքները և ապացուցում, որ առասպելները՝ որպես ցանկությունների, կրքերի և սիրո զորավոր համակարգողներ, հնարավորություն են տալիս դնելու էթիկայի և կրոնի ճշմարիտ խնդիրը - ազատության խնդիրը։",16.0,"Դրամա, Ռոմանս"
1148,Ռեժիմը խուճապի մեջ է,Կարեն Ղարսլյան,https://zangakbookstore.am/media/products/300x0/9bd7019ebee1832e1ee5dbd13e4dac1a.jpg,https://zangakbookstore.am/rezhimy-khuchapi-mej-e,"Վավերագրական տրագիկոմեդիա` 21 ու կես արար, 168 գործող անձ: Իրադարձությունները տեղի են ունենում Հայաստանի Հանրապետությունում 1994-2018թթ.:",16.0,"Պատմական գեղարվեստական գրականություն, Դրամա"
1149,Ճաշակ և կարծիք,Վարուժան Հովսեփյան,https://zangakbookstore.am/media/products/300x0/5feeede85165b6e43f62e747d29c9008(1).jpg,https://zangakbookstore.am/chashak-ev-kartsiq,"Այս փոքրիկ ժողովածուն ընդգրկում է հեղինակի վերջին տասը տարիների ընթացքում գրած բանաստեղծությունները՝ իր բնորոշմամբ սիրո, կյանքի, մահվան, մարդկանց և մարդկային մտածողությունից անդին այլ երևույթների մասին:",16.0,"Պոեզիա, Դրամա"
1150,Չարենցի կրակոցը,Հովիկ Չարխչյան,https://zangakbookstore.am/media/products/300x0/1df71506721833ba0fc9d4decdf0ef45.crdownload,https://zangakbookstore.am/charentsi-krakotsy,"Փաստագրական այս վեպը պատմում է հայ մեծ բանաստեղծ Եղիշե Չարենցի մասին: Նորահայտ փաստերի, վկայությունների ու վավերագրերի մմիջողով հեղինակը ներկայացնում է հանճարեղ գրողի թռիչքներով ու անկումներով լի կյանքի մի դրվագը` նորովի մատուցելով ինչպես Չարենցի մարդկային էությունը, այնպես էլ նրա ժամանակաշրջանն ու իրադարձությունների ընթացքը:",16.0,"Կենսագրություն, Պոեզիա"
1151,Մարգո թագուհին,Ալեքսանդր Դյումա,https://zangakbookstore.am/media/products/300x0/e458c72b02b82d231e67ee256d37e262.jpg,https://zangakbookstore.am/margo-taguhin,"Արկածային-պատմական ժանրի այս վեպում նկարագրված են XIV դարի յոթանասունական թվականների իրադարձությունները՝ Ֆրանսիայի պատմության ամենալարված, ամենաարյունահեղ քաղաքացիական կռիվների ժամանակաշրջանը։ Վեպը սկսվում է Բարդուղիմեոսյան գիշերվա նախօրեից և ավարտվում է Կարլոս IX-ի մահով։ Վեպում նկարագրված են Բարդուղիմեոսյան գիշերվա անցքերը, Հենրի Նավարացու և նրա հակառակորդների պայ քարը, Կատրին Մեդիչի թագուհու դավերը, XVI դարի ֆրանսիական արքունիքի բարքերը, պալատական դավադրությունները:",16.0,"Պատմական գեղարվեստական գրականություն, Դրամա"
1152,Սեր և էմիգրացիա,,https://zangakbookstore.am/media/products/300x0/4b4154d0ee7703995946e675c9078ec8.jfif,https://zangakbookstore.am/ser-ev-emigratsia,,16.0,Unknown
1153,Քրտնաձուկ,Մարգարիտ Դերանց,https://zangakbookstore.am/media/products/300x0/2fea2a1f7a92a4b0fa674a838ee5929b.jpg,https://zangakbookstore.am/qrtnadzuk,"Մարգարիտ Դերանցի «Քրտնաձուկ» ժողովածուն նախանշում է թեմատիկ նոր տարածություններ գրողի համար: Շարունակելով մնալ, այսպես կոչված՝ ոչ հայաստանյան իրականության գեղարվեստական տարածության մեջ, Դերանցն իրեն բնորոշ հոգեբանական նուրբ սուզումներով պատկերում է մարդկային զգացմունքների, կրքերի, հարաբերությունների մի ամբողջ պատկերասրահ, որտեղ դիմագիծ ու սկզբունքը պահպանելը դառնում է գերագույն մարտահրավեր:",16.0,"Պոեզիա, Դրամա"
1154,Կառափնարան,Չինգիզ Այթմատով,https://zangakbookstore.am/media/products/300x0/9e214202e37b4831c7f90daef762f9e7.jpg,https://zangakbookstore.am/karapnaran,"Ղրղզ նշանավոր գրող Չինգիզ Այթմատովի (1928-2008) «Կառափնարան» վեպը յուրօրինակ վեպ-նախազգուշացում է, որում հեղինակը խոսում է արդի մարդու հոգեկան ձեռքբերումների և կորուստների մասին, գնահատում մարդու բարոյական հատկանիշները իրենց զարգացման, իրական կյանքի փորձու թյունների մեջ:",16.0,"Կենսագրություն, Դրամա"
1155,Ակնթարթ,Ռուսա,https://zangakbookstore.am/media/products/300x0/24c65c86281536347ad10df74204ea08.jpg,https://zangakbookstore.am/akntart,Գիրքն ամփոփում է Ռուսայի եռատող բանաստեղծությունները և XVII-XVIII դդ. մի շարք ճապոնացի բանաստեղծներից նրա թարգմանած հոկկուները:,16.0,"Պոեզիա, Ժամանակակից"
1156,Ես տանն էի և սպասում էի անձրևի գալուն,Ժան-Լյուկ Լագարս,https://zangakbookstore.am/media/products/300x0/88fa44d8124e98fae81451a10fec6b0a.jpg,https://zangakbookstore.am/es-tann-ei-ev-spasum-ei-andzrevi-galun,"Ես տանն էի և սպասում էի անձրևի գալուն պիեսը հեղինակի խոհափիլիսոփայական ստեղծագործություններից է, որ ներկայացնում է կյանքի անցողիկության հարաբերականության տեսությունը՝ անդրշիրիմյան աշխարհից «վերադարձող» որդու կերպարով, որին կյանքից արտաքսել է հայրը: Պիեսը սյուժե չունի. գործողությունները գեղարվեստորեն մատուցվում են մոր և նրա չորս դուստրերի խորհրդածությունների միջոցով, որոնք, շոշափելով կյանքի ու բարոյականության ամենատարբեր հարցեր, սպասում են «վերադարձած» եղբոր արթնանալուն:",16.0,"Դրամա, Ռոմանս"
1157,Կորուսյալ ժամանակի որոնումներում,Մարսել Պրուստ,https://zangakbookstore.am/media/products/300x0/02eae47f9da7e30da08ac61bc6c515c9.jpg,https://zangakbookstore.am/korusyal-zhamanaki-oronumnerum,"20-րդ դարի սկզբին գրական աշխարհում մեծագույն երևույթ էր Մարսել Պրուստը, ով առաջին անգամ է ծավալուն կերպով ներկայանում հայ ընթերցողին: Գրքում ներկայացված են մի շարք վեպեր, որոնք հանդես են գալիս մեկ ընդհանուր վերնագրի տակ` 'Կորուսյալ ժամանակի որոնումներում': Հեղինակը վկայում է, որ վեպերի այս մեծ շարքը մտացածին չէ, քանի որ հոգու արտահայտումն է:",16.0,"Պատմական գեղարվեստական գրականություն, Դրամա"
1158,"Էսսեներ, հարցազրույցներ Գուրզադյան",Գրիգոր Գուրզադյան,https://zangakbookstore.am/media/products/300x0/a5ff55d6287da097be93fc7449a406bf.jpg,https://zangakbookstore.am/essener-hartsazruytsner,"Ականավոր աստղաֆիզիկոս Գրիգոր Գուրզադյանի այս ժողովածուն ներկայացնում է հեղինակի մտորումները, թե որն է այսօրվա մեր պատկերացումը տիեզերքի մասին, և որն է մարդու առաքելությունն այս Երկիր կոչված մոլորակի վրա: Մարդու ներկայությունը Երկրի վրա, հեղինակի կարծիքով, տիեզերական երևույթ է: Նա հնարավոր չի համարում մարդու այս տեսակի գոյությունը այլ աստղերի շուրջն առաջացած մոլորակների վրա: Գրքում մեծ տեղ է հատկացված մտքի թռիչքին, մշակույթի և արվեստի ասպարեզներում Երկրի վրա ստեղծված արժեքներին:",16.0,"Գիտական ​​ֆանտաստիկա, Դրամա"
1159,Ծառերին դեռ կախված էր առավոտը,Էլդա Գրին,https://zangakbookstore.am/media/products/300x0/b983662cf3c66d644192ddc794842758.jpg,https://zangakbookstore.am/tsarerin-der-kakhvats-er-aravoty,"Սույն ժողովածուում զետեղված գրեթե բոլոր պատմվածքները միավորվում են հատկանշական մի ընդհանրությամբ: Դա սեփական երկրի, սեփական կենսագրության ու սեփական ճակատագրի տնօրինումից ակամա զրկված, լուսանցքում հայտնված մարդու կերպարն է, նրա ապրումների հանրագիտարանը:",16.0,"Դրամա, Կատակերգություն"
1160,Ծաղրասարյակ սպանելը,Հարփեր Լի,https://zangakbookstore.am/media/products/300x0/54b24692b8f2abdd2ae4bbc494f4eb06.jpeg,https://zangakbookstore.am/tsakhrasaryak-spanely,"Վեպի գործողությունները ծավալվում են ամերիկյան մի փոքր քաղաքում համեստ մի ընտանիքի պատմության շուրջ: Իննամյա հերոսուհու աչքերով հետևելով վեպի իրադարձություններին` սկսում ես խորհրդածել այնպիսի լուրջ հարցերի շուրջ, ինչպիսիք են հանդուրժողականությունը, արդարադատությունը, բարությունը, խիղճն ու պարտքի զգացումը: Եվ ի վերջո, տող առ տող, վեպի ասես պարտադրող ինքնաքննության ճանապարհով համաձայնում ես երեխայի այն վերլուծությանը, որին նա հանգում է երեք տարվա փորձառության, իսկ դու` ընթերցանությունից ստացած հոգեկան փորձի արդյունքում. «Մենք դեռ էլի ենք մեծանալու, բայց մեզ սովորելու քիչ բան է մնացել... թերևս միայն հանրահաշիվ»:",16.0,"Դրամա, Կատակերգություն"
1161,Ֆարենհայթ 451,Ռեյ Բրեդբըրի,https://zangakbookstore.am/media/products/300x0/29d4de7b6640fc73c7a9b0c28275c38d.jpg,https://zangakbookstore.am/farenhayt-451,"Վեպի իրադարձությունները ծավալվում են ապագայում, երբ ամերիկյան հասարակության մեջ իշխող մտայնությամբ գրքերը մարդկանց դժբախտության աղբյուր են, և դրանք անխնա կրակի պետք է մատնել: Թաքստոցներում պահվող փոքրաթիվ գրքերը հայտնաբերվում ու հրապարակայնորեն ոչնչացվում են հատուկ այդ աշխատանքի համար ստեղծված հրկիզողների ջոկատի կողմից:
Հրկիզող Գայ Մոնթագն ու նրա կինը՝ Միլդրեդը, ապրում են ժամանցի ու զվարճանքի, հեռուստատեսությամբ քարոզվող սնամեջ հարաբերությունների թմբիրի մեջ մինչ այն պահը, երբ Մոնթագը որոշում է փրկել ու կարդալ գրքերը: Փախուստն անհոգի ու անմիտ իրականությունից մտածելու սովորույթին վերադառնալու միակ ճանապարհն է: Մոնթագը լքում է քաղաքը, որտեղ արդեն իսկ պատերազմ է սկսվել: Գետը նրան տանում է դեպի երկրի խորքը, որտեղ նրան դիմավորում են «գիրք–մարդիկ»:",16.0,"Դրամա, Թրիլլեր"
1162,Լիր արքա,Ուիլյամ Շեքսպիր,https://zangakbookstore.am/media/products/300x0/d154b1770036e5532fd48072b9b6c0f1.jpg,https://zangakbookstore.am/lir-arqa,"Շեքսպիրի «Լիր արքա»-ի այս պատկերազարդ հրատարակությունն ընդգրկում է ողբերգության նոր թարգմանություն անգլերեն բնագրից, գիտական մանրակրկիտ ծանոթագրություններ ու ընդարձակ առաջաբան, որտեղ քննարկվում են երկի աղբյուրներին, գրության ժամանակին, առաջին տպագիր օրինակներին, բովանդակությանն առնչվող և այլ խնդիրներ:",16.0,"Պոեզիա, Պատմական գեղարվեստական գրականություն"
1163,Ցասման ողկույզները,Ջոն Ստայնբեք,https://zangakbookstore.am/media/products/300x0/f1e9eae1c16b7267b94500f22e3ec217.png,https://zangakbookstore.am/tsasman-okhkuyzner,"Օքլահոմայի փոշու մրրիկներից ուժասպառ ու դժվարությամբ ընտանիք կերակրող հողագործները, չկարողանալով կատարել իրենց վարկային պարտավորությունները, դառնում են գործազուրկ ու հայտնվում գաղթի ճանապարհին: Նրանց աշխատանքի են կանչում Կալիֆորնիայի արգավանդ հողերի տերերը: Ջոուդների ընտանիքը, գալիք ծանր օրերի գիտակցումից համախմբված, փորձում է պահպանել իր գոյությունը` «երազանքի» արևմուտքում համտեսելով ցասման դառը ողկույզները:",16.0,"Դրամա, Թրիլլեր"
1164,Ինձ բացակա չդնեք,Համո Սահյան,https://zangakbookstore.am/media/products/300x0/7e01eb6ee166a20b57c5d9c682303d4a.jpg,https://zangakbookstore.am/indz-batsaka-chdneq,,12.0,Unknown
1165,Օդապարուկ թռցնողը,Խալեդ Հոսեյնի,https://zangakbookstore.am/media/products/300x0/956c01d6d9ac4ab49ebabfb72f8415a8.jpg,https://zangakbookstore.am/odaparuk-trtsnokhy,"Աֆղանստանի լեռները խաղաղ էին մի ժամանակ, և մայրաքաղաք Քաբուլը՝ հարուստ, բարեկեցիկ ու կանչող: Օդապարուկ թռցնելու ամենամյա մրցույթին սպասում էին բոլորը՝ անկախ ծագումից ու դիրքից: Ամիրի համար այդ մրցույթն իր հոր՝ Բաբայի ուշադրությունն ու հարգանքը նվաճելու միակ հնարավորությունն էր, և վերջապես նա հաղթում է իր ընկեր ու սպասավոր Հասանի զոհողության շնորհիվ: Հաղթանակն անդառնալիորեն փոխում է տղաների կյանքը՝ բաժանելով նրանց մինչև այն պահը, երբ Ամիրի համար «կրկին լավը դառնալու հնարավորություն կար»:",16.0,"Թրիլլեր, Երիտասարդական"
1166,Եվ արձագանքեցին լեռները,Խալեդ Հոսեյնի,https://zangakbookstore.am/media/products/300x0/80a3257d8c92637c6ac244f8f85b7e4f.jpg,https://zangakbookstore.am/ev-ardzaganqetsin-lernery,"Քաբուլ տանող փոշեպատ ճանապարհին երկու երեխա՝ եղբայր ու քույր, վերջին ժամերն են անցկացնում միասին: Հետո, ասես ոչինչ չի էլ եղել: Ոչ ոք այլևս չի հիշատակի եղբոր հոգածությամբ ու սիրով երջանիկ Փարիին: Աբդուլլան չի մոռանա: Քույրը չի հիշի: Նրանց կյանքի հետագա տարիները շրջանակվում են նվիրումի, անգթության և վերադարձի պատմություններով, մինչ Աֆղանստանում կյանքը շարունակվում է աղետալի շրջադարձերով լի:",16.0,"Ռոմանս, Դրամա"
1167,Ոչ մի շաբաթ առանց բանաստեղծության,,https://zangakbookstore.am/media/products/300x0/c0ac7968ad292416acdbcb68bc36c628.jpg,https://zangakbookstore.am/och-mi-shabat-arants-banastekhtsutyan,"«Ոչ մի շաբաթ առանց բանաստեղծության» ընտրանի–օրագիրը ներկայացնում է անցնող երկու և կես տասնամյակում գրական մամուլում, առանձին գրքերում ընդգրկված ու նաև անտիպ՝ 52 բանաստեղծի 52 բանաստեղծություն: Անկախության բանաստեղծության ընտրանի հրատարակելու նպատակը գրական պարբերականներում կամ գրադարակներում նիրհող գրքերում տեղ գտած և հանրության լայն շրջանակներին ու հատկապես նոր ընթերցողին անծանոթ անկախության շրջանի պոեզիայի ներկայացումն է նոր ձևաչափով:",12.0,"Պոեզիա, Ժամանակակից"
1168,Ծեր թագավորը իր աքսորավայրում,Առնո Գայգեր,https://zangakbookstore.am/media/products/300x0/640ad76c7fb578893c82a8e89352d4f2.jpg,https://zangakbookstore.am/tser-tagavory-ir-aqsoravayrum,"Ավստրիացի գրող Առնո Գայգերը (1968) «Ծեր թագավորը իր աքսորավայրում» գրքում պատմում է իր հոր մասին, ով, չնայած ալցհայմերի հիվանդությանը, չի կորցրել իր կենսունակությունն ու բանականությունը: Վեպում արծարծվում են ժամանակակից գրականության կարևոր թեմաները՝ ծերություն և հիվանդություն, հայրենիք և ընտանիք: Պատմությունը թույլ է տալիս հասկանալ, որ մարդը, չնայած հիվանդությանը, շարունակում է իր անցյալով, յուրահատկությամբ և արժանապատվությամբ մարդ մնալ:",16.0,"Դրամա, Կենսագրություն"
1169,"Հարյուրամյա ծերուկը, որ բարձրացավ պատուհանին և անհետացավ",Յունաս Յունասսոն,https://zangakbookstore.am/media/products/300x0/fa94382cd047499ba90e4569e0669610.png,https://zangakbookstore.am/haryuramya-tseruky-or-bardzratsav-patuhanin-ev-anhetatsav,"Շվեդ ժամանակակից գրող և լրագրող Յունաս Յունասսոնի (ծնվ. 1961 թ.) առաջին՝ «Հարյուրամյա ծերուկը, որ բարձրացավ պատուհանին և անհետացավ » վեպը լույս է տեսել 2009 թվականին և անմիջապես դարձել բեսթսելլեր, թարգմանվել երեսունից ավելի լեզուներով: Գրքի հիման վրա նկարահանվել է կինոնկար… Աշխույժ ոճով, ինքնատիպ հումորով, թրիլերի հնարքներով գրված այս վեպում հարյուրամյա մի շվեդի կյանքի ոդիսականով ներկայացվում են քսաներորդ դարի համաշխարհային պատմության կարևոր դրվագները, որով բացահայտվում են մեծ քաղաքականության և մարդկային հարաբերությունների բազմաթիվ կողմեր: Այս վեպից կիմանաք, թե ով է ստեղծել ատոմային ռումբը և փրկել գեներալ Ֆրանկոյին, փլուզել Խորհրդային Միությունը և տեկիլա խմել ԱՄՆ նախագահի հետ, պատճառ դարձել, որ Վլադիվոստոկը դառնա փակ քաղաք, և փրկել Մաո Ծե Դունի կնոջը…",16.0,"Կենսագրություն, Դրամա"
1170,Գիշերն անույշ է,Ֆրենսիս Սքոթ Ֆիցջերալդ,https://zangakbookstore.am/media/products/300x0/d5f7d3cb7785c7a6525ee0c8eec0a821.jpg,https://zangakbookstore.am/gishern-anuysh-e,"Մարդկային տարօրինակ ու կործանարար հարաբերությունների պատմություն, որտեղ կարեկցանքը վերաճում է սիրո, իսկ սերը՝ դառնում ճահիճ՝ դեպի անդունդը քաշելով հույսերը, երազներն ու լույսերը: Ֆիցջերալդի այս վեպը գրեթե մեկ դար հեռավորությունից ընթերցողին է կանչում իր հակասական հարցերով ու փշրված երջանկության հմայքով:",16.0,"Դրամա, Թրիլլեր"
1171,Կյանքի սիրույն,Ալիս Մանրո,https://zangakbookstore.am/media/products/300x0/b786f16ceeb37ac4486ce06eaaa25cc9.jpg,https://zangakbookstore.am/kyanqi-siruyn,"Ալիս Մանրոյի այս պատմվածքներում կանադական գյուղաքաղաքների անորսալի կյանքն է: Գնացքում, լքված անվավոր կցասայլում, ինչ–որ մի եկեղեցու հետևորդի կամ ծեր զույգի տանը տեղի ունեցող իրադարձությունները երբևէ չեն հավակնում ստեղծելու մեկ այլ իրականության պատրանք: Նոր կյանքի խոստումով կամ անցյալի պատկերներով տարված այս մարդիկ որքան էլ անբացատրելի, կտրուկ քայլերի դիմեն, պարզապես շարունակելու են ապրել: Ալիս Մանրոն ապրում է նրանց հետ՝ նայելով առաջ՝ դեպի ավարտը, և անսպասելիորեն շրջվում է դեպի մանկություն, որպեսզի եզրափակի ժողովածուն ինքնակենսագրական պատմություններով:",16.0,"Ռոմանս, Դրամա"
1172,Ընթերցողը,Բերնհարդ Շլինկ,https://zangakbookstore.am/media/products/300x0/f13a67ef6c0c081edc9880fdde2823aa.png,https://zangakbookstore.am/yntertsokhy,"Գերմանացի գրող Բերնհարդ Շլինկի «Ընթերցողը» վեպը տասնհինգամյա պատանու և երեսունվեցամյա կնոջ սիրո պատմություն է, որն ընդհատվում է այդ կնոջ անսպասելի անհետացումով: Տարիներ անց պատանին, որն արդեն իրավաբանություն էր ուսանում, կնոջը հանդիպում է դատարանում: Պարզվում է, որ նա հսկիչ է եղել համակենտրոնացման ճամբարում: Վեպում յուրօրինակ ձևով քննարկվում են հոլոքոստի, նացիոնալ-սոցիալիստական ժամանակների իրողությունները, մեղքի և քավության խնդիրը:",18.0,"Դրամա, Ռոմանս"
1173,Զիմուլտան,Ինգեբորգ Բախման,https://zangakbookstore.am/media/products/300x0/c771bbb6ff00a4d45618def13882ff0b.jpg,https://zangakbookstore.am/zimultan,"Արևմտյան արդիականացումը կարծես համընդհանուր ապրվող մոլուցք է Ինգեբորգ Բախմանի այս պատմվածքներում: Դեպի «բաց» աշխարհ նետվող նրա կերպարները կորցնում են լեզու, երկիր և ինքնություն, ընտրում են «ոչինչ»-ը, նախընտրում են անել «ոչինչ», ասել բառեր, որոնք գեղեցիկ են հնչում և ոչինչ չեն ասում: Եվ ի՞նչ. «ընդամենը խորաթափանցություն են ձեռք բերում՝ ըմբռնելու համար, թե ինչ է կատարվում իրականում»: Բանաստեղծ ու արձակագիր Բախմանը նաև փիլիսոփայության դոկտոր էր: Նրա վերջին շրջանի ստեղծագործությունը, ամփոփված «Զիմուլտան» (1972) ժողովածուում, հագեցած է հղումներով առ գերմանալեզու փիլիսոփայությունը և, մասնավորապես, Լեզվի փիլիսոփայությունը: Զիմուլտան, այսինքն՝ համաժամանակ, կնոջ «լեզվով» հեղինակը խոսում է լեզվի, թերևս՝ անձնաշխարհի կորստի մասին:",16.0,"Դրամա, Կատակերգություն"
1174,Աղավնիները թռչում են,Մելինդա Նադյ Աբոնի,https://zangakbookstore.am/media/products/300x0/56a78f010dbf1ffcde80030c88b4f882.jpg,https://zangakbookstore.am/akhavninery-trchum-en,"Վեպը Կոչիշ ընտանիքի մասին է, որը Հարավսլավիայում հունգարական փոքրամասնություն է կազմում և արտագաղթում է Շվեյցարիա: Իրենց օրինակելի վարքի և աշխատասիրության շնորհիվ նրանք քաղաքացիություն են ստանում և բավական եկամտաբեր սրճարան են աշխատեցնում: Դուստրերը՝ Իլդիկոն և Նոմին, մեծանում են երկու մշակույթների միջև, հրապուրվում մեկ Վոյվոդինայում կորցրած հայրենիքով, մեկ շվեյցարական հասարակության մաս կազմելու ցանկությամբ: Երկար ժամանակ է անցնում, մինչև Իլդիկոն հասկանում է, որ շվեյցարական անվրդով, իդեալական կյանքի հետևում պարզորոշ թշնամանք կա օտարների հանդեպ: Մելինդա Նադյ Աբոնին գրավիչ և զգացմունքային պատմում է, թե ինչ դժվարությունների հետ է կապված ինտեգրացիան:",16.0,"Դրամա, Ռոմանս"
1175,Եթե հատիկը չմեռնի,Անդրե Ժիդ,https://zangakbookstore.am/media/products/300x0/599dc23423803390a99cbb38b9c4b24a(1).jpg,https://zangakbookstore.am/ete-hatiky-chmerni,"Ֆրանսիացի գրող, դրամատուրգ, Նոբելյան մրցանակի դափնեկիր Անդրե Ժիդի «Եթե հատիկը չմեռնի» (1920) վիպակը ինքնակենսագրական ժանրի ամենացայտուն օրինակներից է, որտեղ նա, հոգևորի ու մարմնականի առճակատման և իր ներքին պայքարի մասին խոսելով, ներկայացնում է նաև այդ ժամանակաշրջանի հայտնի գրողների և արվեստագետների մի ամբողջ աստղաբույլ: Այս գիրքը ժամանակին մեծ աղմուկ է առաջացրել Օ. Ուայլդի վերաբերյալ արված մի քանի սենսացիոն խոստովանությունների պատճառով:",16.0,"Պոեզիա, Դրամա"
1176,Երփներանգ շղարշը,Սոմերսեթ Մոըմ,https://zangakbookstore.am/media/products/300x0/acb6824b6bbc2a24db560edb5574aeaf.jpg,https://zangakbookstore.am/erpnerang-shkharsh,"Վեպը քննարկում է Անգլիայի պատմության այն բեկում նային շրջանը, երբ կանայք թեպետ ունեին ընտրելու իրա վունք, սակայն, ճնշվելով նախապաշարումներից եւ նախկին ավանդույթների անբեկանելիությունից, ըստ էության զրկված էին այդ ընտրությունն իրականացնելու հնարավորությունից: Պատմության հերոսուհին՝ Քիթին, տեղի տալով մոր հորդոր ներին, ամուսնանում է երիտասարդ բժշկի հետ, ում հանդեպ անտարբեր է, եւ շուտով սիրավեպ է սկսում մեկ այլ տղամար դու հետ. հետեւանքները լինում են ավելի քան անսպասելի ու անդառնալի: Ի վերջո Քիթին հասկանում է, որ աղջիկներին պետք է դաստիարակեն ոչ թե որպես հեզ ու անխելք տանտի կիններ, այլ լայնախոհ ու անկախ անհատականություններ:",16.0,"Ռոմանս, Դրամա"
1177,Մեծն Գեթսբի,Ֆրենսիս Սքոթ Ֆիցջերալդ,https://zangakbookstore.am/media/products/300x0/649f4e50700ae6768fe21a9c0ee72641.jpg,https://zangakbookstore.am/metsn-getsbi,"«Մեծն Գեթսբի» վեպը ամերիկացի գրող Ֆ. Ս. Ֆիցջերալդի գլուխգործոցն է: Այն համարվում է ամերիկյան գրականության «ջազի դարը» բնորոշող ստեղծագործություն: Այդ ժամանակաշրջանը, որ ընդգրկում է Առաջին աշխարհամարտի ավարտից մինչև 1930–ականների Մեծ ճգնաժամի տարիները, իր անվանումը ստացել է հենց Ֆիցջերալդի կողմից: Վեպը 20-րդ դարում անգլերենով գրված 100 լավագույն գրքերի ցանկում զբաղեցրել է երկրորդ տեղը:",16.0,"Պատմական գեղարվեստական գրականություն, Կենսագրություն"
1178,Վերք Հայաստանի,,https://zangakbookstore.am/media/products/300x0/dd8461814226c108f17d184f40e4a7a8.jpg,https://zangakbookstore.am/sasuntsi-davit-verq-hayastani,,12.0,Unknown
1179,"Ես, մուսան և անդունդը",Վրեժ Իսրայելյան,https://zangakbookstore.am/media/products/300x0/9bc1f4e5d80e2eac07736f738383fc94.jpg,https://zangakbookstore.am/es-musan-ev-andundy,"Արդի հայ արձակի տաղանդավոր ու ինքնատիպ դեմքերից մեկի՝ Վրեժ Իսրայելյանի (1949-2013) այս ժողովածուն իր բնույթով ընտրանի է, որում ընդգրկված են արձակագրի լավագույն պատմվածքները:",16.0,"Պոեզիա, Կենսագրություն"
1180,Անունս Արամ է,Ուիլյամ Սարոյան,https://zangakbookstore.am/media/products/300x0/f79a4049b9ff374fe2dd80a1cd507ba7.jpg,https://zangakbookstore.am/anuns-aram-e,"«Անունս Արամ է» պատմվածքների շարքը Սարոյանի մանկական ու պատանեկան հիշողությունների արձագանքն է՝ յոթնամյա տղայի բացահայտումներից մինչև տասնյոթամյա պատանու ներաշխարհը։ Ծայրից ծայր զուտ սարոյանական՝ զարմանալի խանդավառությամբ, խրոխտությամբ ու գաղտնախորհուրդ թախիծով շաղախված, նուրբ հումորով ներծծված պատմություններ՝ հարազատ փոքրիկ քաղաքի զավեշտալի մարդկանց և դրանց դիմակայող՝ Սարոյանների հերսոտ ու հպարտ ընտանիքի մասին։ Պատմվածքները թարգմանված են գրքի երկրորդ՝ հեղինակի լրամշակումներով հրատարակությունից։",12.0,"Կատակերգություն, Պոեզիա"
1181,Թեթև տարեք,Էլֆիք Զոհրաբյան,https://zangakbookstore.am/media/products/300x0/e22c77dc449fe1fa5b281c10376d9d95.jfif,https://zangakbookstore.am/tetev-tareq-1,"Արդի հայ դրամատուրգիայում իր ուրույն տեղն ունի Էլֆիք Զոհրաբյանը, որի ինքնատիպ պիեսները հաճախ են բեմադրվում պետական, ուսանողական թատրոնների կամ անտեպրիզային բեմերում: Նրա բազմաժանր թատերագրությունն աչքի է ընկնում դինամիկ երկխոսություններով, հեգնանքով, նուրբ, անգլիական հումորով, բազմաշերտությամբ, գաղափարական հագեցվածությամբ, սատիրիկ տարրերով, դասականի ու արդիականի համադրմամբ։ Գիրքը հետաքրքրություն է ներկայացնում ոչ միայն բեմադրության, այլ նաեւ ընթերցանության համար:",16.0,"Կատակերգություն, Պոեզիա"
1182,Թեթև տարեք,Էլֆիք Զոհրաբյան,https://zangakbookstore.am/media/products/300x0/2c2141f0402e0c4c81667352b9b8f27a.jfif,https://zangakbookstore.am/tetev-tareq,"Արդի հայ դրամատուրգիայում իր ուրույն տեղն ունի Էլֆիք Զոհրաբյանը, որի ինքնատիպ պիեսները հաճախ են բեմադրվում պետական, ուսանողական թատրոնների կամ անտեպրիզային բեմերում: Նրա բազմաժանր թատերագրությունն աչքի է ընկնում դինամիկ երկխոսություններով, հեգնանքով, նուրբ, անգլիական հումորով, բազմաշերտությամբ, գաղափարական հագեցվածությամբ, սատիրիկ տարրերով, դասականի ու արդիականի համադրմամբ։ Գիրքը հետաքրքրություն է ներկայացնում ոչ միայն բեմադրության, այլ նաեւ ընթերցանության համար:",16.0,"Կատակերգություն, Պոեզիա"
1183,Անհնարինը հնարավոր,Արփի Վանյան,https://zangakbookstore.am/media/products/300x0/ddd72d5be8be83879d541f91a03031d2.jpeg,https://zangakbookstore.am/anhnariny-hnaravor,"Վերջապես. ահա եւ տարվա ամենասպասված գիրքը: Այս մասին են վկայում ընթերցողների գրառումները սոցիալական կայքերում: Ընթերցելով այս գիրքը` դուք երբեմն կարտասվեք, երբեմն կսկսեք ծիծաղել, կտխրեք, կուրախանաք: Գիրքը ոչ ոքի անտարբեր չի թողնի: Զգուշացնում ենք՝ գրքից հնարավոր չէ կտրվել։ Դուք երազում եք գնալ անցյալ եւ ուղղել ձեր սխալները, դուք երազո՞ւմ եք մեկնել ապագա, եւ այն դարձնել լուսավոր՝ հաշվեք, որ այս գիրքը ձեր ժամանակի մեքենան է, ձեր ճանապարհային ուղեցույցը: Եթե ցանկանում եք իրականացնել ձեր ամենամեծ երազանքը, եթե ուզում եք դառնալ երջանիկ, հարուստ ու հաջողակ, ապա հաշվեք, որ դուք ձեր ձեռքին բռնել եք կախարդական փայտիկ: Ընդամենը 20 օր է անհրաժեշտ, որպեսզի այն, ինչ մինչեւ հիմա համարել եք անհնարին` դառնա հնարավոր:",16.0,"Դետեկտիվ, Ֆանտաստիկա"
1184,Կախվածություն,Սյունե Սևադա,https://zangakbookstore.am/media/products/300x0/4f26531e07b7151dce226174da70f4d7.jfif,https://zangakbookstore.am/kakhvatsutyun,"Այստեղ պետք է լիներ գրքից որևէ մեջբերում: Կամ կենսագրական տվյալներ՝ գոյության սկզբնաթվի, կրթօջախներում տանջվելուս-ավարտելուս մասին: Կենսագրություն՝ աղջիկ եմ, որը տանը ոտաբոբիկ է քայլում: Գրքի մասին՝ այս ժողովածուն հարցերի փնտրտուք է, իսկ պատասխանները ներսում են: Պատասխանները միշտ ներսում են: Բացեք գիրքը:",16.0,"Դրամա, Դետեկտիվ"
1185,Դար կորստյան,Վարդան Գրիգորյան,https://zangakbookstore.am/media/products/300x0/60cd39284d7fd62f2b9ab62355f2834a.jpg,https://zangakbookstore.am/dar-korstyan,,16.0,Unknown
1186,Մանյա այրք,Վարդան Գրիգորյան,https://zangakbookstore.am/media/products/300x0/06b796065c43ecc47198bb3f2b885b34.jpg,https://zangakbookstore.am/manya-ayrq,,16.0,Unknown
1187,Կոմս Մոնտե Քրիստո 2,Ալեքսանդր Դյումա,https://zangakbookstore.am/media/products/300x0/b1c6b93a1cc251018023aceba8f39d3b.jpg,https://zangakbookstore.am/koms-monte-qristo-2,"«Կոմս Մոնտե-Քրիստո» վեպն արկածային ժանրի լավագույն ստեղծագործություններից է՝ գրված 1844-1845 թթ.: Հեղինակը գրքի սյուժեն ու գլխավոր հերոսի անունը մտահղացել է Միջերկրական ծովով շրջագայելիս, երբ տեսել է Մոնտեքրիստո կղզին ու լսել այնտեղ թաքնված բազմաթիվ գանձերի մասին: Վեպի սկզբում հանդիպում ենք մի սովորական երիտասարդի, որը «Փարավոն» նավի նավապետի օգնականն էր, ուներ սիրելի աղջիկ՝ Մերսեդես անունով, և ապրում էր տասնութ-քսան տարեկան բոլոր երիտասարդներին բնորոշ նպատակներով ու երազանքներով: Դեռ վաղ տարիքից վտանգի դեմ պայքարելու սովոր Դանտեսը ոչ մի կերպ չի կարողանում պայքարել աշխարհում գոյություն ունեցող անարդարության դեմ ու «ընկերների» կազմակերպած դավադրության հետևանքով հայտնվում է Իֆ ամրոց-բանտում, որտեղից ելք կարող էր լինել միայն հրաշքի դեպքում:",16.0,"Թրիլլեր, Ֆանտաստիկա"
1188,Ոչ մի շաբաթ առանց Թումանյանի,Հովհաննես Թումանյան,https://zangakbookstore.am/media/products/300x0/66ab68ac9dae7d1c2ebc4f6492c43ca8.jpg,https://zangakbookstore.am/och-mi-shabat-arants-tumanyani,"«Զանգակ» հրատարակչությունը, շարունակելով իր «Ոչ մի շաբաթ առանց բանաստեղծության. ընտրանի–օրագիր» նախագիծը (2017, 2018), Հովհաննես Թումանյանի 150–ամյա հոբելյանին ընդառաջ ներկայացնում է «Ոչ մի շաբաթ առանց Թումանյանի» գիրքը: Պահպանելով արդեն հրատարակված ժողովածուների ձևաչափը, այն է՝ շաբաթվա օրերը ներառող, ամենօրյա նշումների համար նախատեսված հատված և գրական մաս, նոր ժողովածուում ընդգրկված են Հովհաննես Թումանյանի ստեղծագործությունները, նաև շաբաթվա որոշակի օրերի հետ կապված նրա կյանքի դրվագներ, կարևոր իրադարձություններ, հատվածներ նամակներից, հուշերից, լուսանկարներ և այլն: Գրքում ընդգրկված նյութերին ծանոթությամբ ընթերցողը կարող է հետևել երևելի հայի, հանճարեղ բանաստեղծի և մեծ մարդու կյանքի ու ստեղծագործության ընթացքին: Տեսնել բնության, արվեստի ու մարդկանց հետ շփումներից ծնվող հիացմունքն ու ներշնչանքը, նաև հայ իրականության, կյանքի ու կենցաղի տարբեր երևույթներից առաջացած հիասթափությունները:",12.0,"Պոեզիա, Դրամա"
1189,Դոկումենտալ պոեզիա,Վարդան Դանիելյան,https://zangakbookstore.am/media/products/300x0/d738301fb79e3bbfcf7a15113256ba1c.jpg,https://zangakbookstore.am/dokumental-poezia,"Վարդան Դանիելյանի «Դոկումենտալ պոեզիան» մի ամբողջ սերնդի կենսափուլ ամփոփող ժամանակի, կարելի է ասել՝ գաղջահայաստանի պոետիկ փաստավավերագրումն է՝ տրամադրությամբ դառը, բայց սուր հումորով ու ինքնահեգնանքով, սովետ–հետսովետական կարոտախտ արթնացնող շերտերով, լեզվով ու պատումով: Բայց եւ անհայտ է մնում, թե դոկումենտալ կինոյի սցենարի ու պոեզիայի միջժանրային սինթեզով ստեղծված այս տեքստերն իբրեւ հեղինակի վրիպած ֆիլմեր են գոյացել, թե իբրեւ վավերագրված բանաստեղծություններ:",16.0,"Պոեզիա, Կատակերգություն"
1190,Խազագրումներ ըստ ծնեբեկի,Էդուարդ Հարենց,https://zangakbookstore.am/media/products/300x0/fd635ea6d05bf06bd9d1d6c3e0d81bac.jpg,https://zangakbookstore.am/khazagrumner-yst-tsnebeki,,16.0,Unknown
1191,Ճանապարհորդություն սիրուց առաջ,Լևոն Շահնուր,https://zangakbookstore.am/media/products/300x0/02226aeb5433fad2d8937bccc9a6b7df.jpg,https://zangakbookstore.am/chanaparhordutyun-siruts-araj,"«Ճանապարհորդություն. Սիրուց առաջ» վեպում կյանքի եւ մահվան նշաններն են։ Հեղինակը կիրառել է բազմաթիվ ոճեր, ճարտարապետական եւ մաթեմատիկական պատկերներ, սյուժեն փոփոխական է, ընթացքը հաճախ հեղինակի համար էլ անակնկալ: Դատարկված տղամարդու՝ իր շարունակությունը արգանդում թողած ԱՆՄԱՐԴԱԲՆԱԿԻ, եւ սերմը կրող Քրիստի շարժի ու դադարի մասին է։ Գրվածքն ինչ-որ տեղ անհայտ ուժինն է: քնած Ադամինը, վերջինս աչքի տակով թաքուն նայում է կնոջ մարմնին, որն արարվելիս ամբողջովին մերկ էր ու կտոր-կտոր քարտեզագրվում էր ննջողի մարմնին...",18.0,"Ռոմանս, Դրամա"
1192,Այլ ոտնահետքեր,Հովհաննես Երանյան,https://zangakbookstore.am/media/products/300x0/064c4c9b47f31a565add5664b6f88a46.jpg,https://zangakbookstore.am/ayl-otnahetqer,"Ժողովածուն Հովհաննես Երանյանի վեցերորդ գիրքն է: Այն ընդգրկում է գրողի նախկինում լույս տեսած «Միակ ոտնահետքեր», «Զինադադար», «Մարդահամար» և «Ողորմություն Ֆրոսիային» գրքերի լավագույն պատմվածքներն ու վիպակները, ինչպես նաև հիշյալ գրքերի վերաբերյալ տարբեր տարիներին լույս տեսած մի քանի գրախոսականներ:",16.0,"Պոեզիա, Կենսագրություն"
1193,Տան դուռը,Հուսիկ Արա,https://zangakbookstore.am/media/products/300x0/aeaffe0d827048c79a21dbb94253a886.jpg,https://zangakbookstore.am/tan-dury,"«Տան դուռը» ժողովածուն ամփոփում է Հուսիկ Արայի վերջին չորս տարվա չափածո ստեղծագործությունները: Նորանկախ պետականության արժևորումն է, Նոր Հայաստանի շոշափվող իրողությունը, նաև հեղափոխության և պատերազմի արանքում կորած սերնդի ողբերգությունն ու արժեքների անկումը: Մեր օրերի մարդու հայացքով է քննվում Ցեղասպանության թեման: Գրքում առանձին շարքերով ընդգրկված են նաև սիրային բանաստեղծություններ և սաղմոսներ:",16.0,"Պոեզիա, Ռոմանս"
1194,21 պատմվածք,"Անի Ասատրյան, Աշոտ Գաբրիելյան, Արա Զարգառյաան, Անրի Գրիգորյան, Արփի Ոսկանյան",https://zangakbookstore.am/media/products/300x0/44dba26cf4e6757dc6067f9a25a5bd18.jpg,https://zangakbookstore.am/21-patmvatsq,Ժողովածուն ընդգրկում է Անտարես հրատարակչության ԱՐՁԱԿ-2013 պատմվածքի մրցույթի եզրափակիչ փուլ անցած 21 պատմվածքը:,16.0,"Պոեզիա, Ժամանակակից"
1195,Սերը Մոսկվայում,Վահրամ Մարտիրոսյան,https://zangakbookstore.am/media/products/300x0/818bd52c4a3631758518821fee3bef82.jfif,https://zangakbookstore.am/sery-moskvayum,"Կարող է զարմանալի թվալ, բայց... հայ արձակում սիրավեպեր չկան: Կամ այնքան հազվադեպ են, որ դժվար է միանգամից հիշել։ Վահրամ Մարտիրոսյանի նոր վեպի վերնագրի երանգը հուշում է, որ սերը ամենաանհավանական արկածն է, որ կարող է պատահել Մոսկվայում, բայց այն իսկապես սիրո պատմություն է։ Վեպի հերոսները սիրահարվում են իրար եւ երջանիկ են միասին, ասես անկշռելիության թաղանթում, մինչ այն ճեղքում ու ներս է թափանցում իրականությունը՝ երեկ աշխարհակալ-միաձույլ - այսօր ազգային հակասություններից, սոցիալական անարդարությունից ու բռնություններից ծվատվող մեգապոլիսը։",16.0,"Ռոմանս, Դրամա"
1196,Պենելոպե,Գոհար Մարկոսյան-Կասպեր,https://zangakbookstore.am/media/products/300x0/299a706ee3e52b7eb9b66d9cc6597043.jpg,https://zangakbookstore.am/penelope,"Պատումի ժամանակը՝ անցած դարի 90-ականները: Պատումի վայրը՝ Երևանը: Պատումի հերոսուհին՝ Պենելոպեն, Գոհար Կասպեր-Մարկոսյանի թանկագին քույրիկը, ում մեկօրյա կյանքը ծիծաղաշարժ ու սրտաճմլիկ, հեգնական ու զգայական, անկեղծ ու խաղացկուն արկածաշար է հիշեցնում, որի գլխավոր թիրախը լոգասենյակն է, որը պետք է անպայման հաշվարկել-փնտրել-գտնել տաք, հոսող ջրի տակ (հրա՜շք) լողանալու (իսկ եթե երկու ձեռքով՝ կրկնակի՛ հրաշք) համար: Բայց մինչև բաղձալի նիր-ванна-ին հասնելը՝ վարպետությամբ հյուսված մեծ ու փոքր պատմությունների ինքնատիպ պենելոպյան գործվածքն է, որին, ստեղծման պահից արդեն, վերապահված էր դառնալ մերօրյա առասպելապատում:",16.0,"Կատակերգություն, Դրամա"
1197,Վարք սևագրության,Ավագ Եփրեմյան,https://zangakbookstore.am/media/products/300x0/389ad169af1c66a8376fde84203f6941.jpg,https://zangakbookstore.am/varq-sevagrutyan,"Ավագ Եփրեմյանի նոր ժողովածուն ներառում է նրա լավագույն բանաստեղծությունները, որոնք ի մի բերվելով մեկ ընդհանուր համատեքստի մեջ վկայագրում են անհատի ու բանաստեղծության վարքը, որ սեւագիր լինելով միայն՝ կարող են փաստել կատարելության հեռանկարի առկայությունը։",16.0,"Պոեզիա, Ժամանակակից"
1198,Գերեզմանիա,Հովհաննես Գրիգորյան,https://zangakbookstore.am/media/products/300x0/c69ca80a1809f04a816c70a4fe6d238d.jpg,https://zangakbookstore.am/gerezmania,"«Գերեզմանիա» վիպակը բավականին ուշագրավ գործ է՝ իր մտահղացմամբ, խիստ կոլորիտային կերպարներով, միջավայրով, որը Հին քաղաքն է՝ իր սովորական կենցաղով ու խիստ սովորական տոնով, պատմվող արտասովոր դեպքերով, ինտրիգային պատմություններով...",16.0,"Կատակերգություն, Դրամա"
1199,Լաչպլեսիս,Անդրեյ Պումպուր,https://zangakbookstore.am/media/products/300x0/7435cc9910f258fcb6f77c5b5bbcdcc4.jpg,https://zangakbookstore.am/lachplesis,,16.0,Unknown
1200,Ոտքի դատարանն է գալիս,Պերճ Զեյթունցյան,https://zangakbookstore.am/media/products/300x0/08f69dd454f5a80967e361c169ddb423.jpg,https://zangakbookstore.am/otqi-datarann-e-galis,"Փաստագրական դրամա հեղինակային միջամտություններով, երկու մասից բաղկացած:",16.0,"Դրամա, Առեղծված"
1201,Մահամնա,Ստեփան Զորյան,https://zangakbookstore.am/media/products/300x0/287ca35fe112a0362c4813964cc7439f.jpg,https://zangakbookstore.am/mahamna,"Ժողովածուն բովանդակում է գրողի սկսած, կիսատ և անավարտ գեղարվեստական երկերը, օրագրերի մի մասը, երկերի անտիպ հատվածներ, դրվագներ «Դեպքեր և դեմքեր» շարքից, ինչպես նաև մոմերիալ նյութեր գրողի արխիվից։",16.0,"Պոեզիա, Կենսագրություն"
1202,Երբ ժամն էր ընտրության,Անտոն Դոնչև,https://zangakbookstore.am/media/products/300x0/c4a71c658ed31b09ff1a4d92984ff37b.png,https://zangakbookstore.am/erb-zhamn-er-yntrutyan,"Պատմավեպի համար նյութ է ծառայել 17-րդ դարում բուլղար ժողովրդի մղած հերոսական պայքարը, երբ օսմանյան զավթիչները բռնի մահմեդականացման էին ենթարկում երկրի հարավում ապրող խաղաղ ազգաբնակչությանը:",16.0,"Պատմական գեղարվեստական գրականություն, Կենսագրություն"
1203,Առանի և այլ վայրերի օրագիրը,Նիկոլա Բուվիե,https://zangakbookstore.am/media/products/300x0/8136b2616bcdf7ba74d27f7deeccbcd7.jpeg,https://zangakbookstore.am/arani-ev-ayl-vayreri-oragiry,,16.0,Unknown
1204,Բառերի ոսկին,Կոստան Զարյան,https://zangakbookstore.am/media/products/300x0/2da00be0e08ae330c1fd4533304bcb5c.jpg,https://zangakbookstore.am/bareri-oskin,"Կոստան Զարեան «Բառերի ոսկին» խորագիրը կրող այս ժողովածուն ընդգրկում է «Օրերի պսակը» (1922) գիրքը, մամուլում տպագրված բանաստեղծությունները, «Օրերի պսակը» խորագրով երկրորդ՝ անտիպ գիրքը, ինչպես նաև այլ անտիպ բանաստեղծություններ, որոնք մեծ ծավալ են կազմում: Ընթեցողը հնարավորություն ունի առաջին անգամ տեսնելու մեծ բանաստեղծի քնարական պոեզիայի ամբողջական պատկերը:",16.0,"Պոեզիա, Կենսագրություն"
1205,Արտույտների ագարակը 1,Անտոնիա Արսլան,https://zangakbookstore.am/media/products/300x0/96cc3bd29643064576d93ee61f6b456e.jpg,https://zangakbookstore.am/artuytneri-agaraky-1,,16.0,Unknown
1206,Արտույտների ագարակը 2,Անտոնիա Արսլան,https://zangakbookstore.am/media/products/300x0/1149450f3c482433baec6dfaf80138ef.jpg,https://zangakbookstore.am/artuytneri-agaraky-2,,16.0,Unknown
1207,Ուլը կաթի մեջ,Յուրի Պոլյակով,https://zangakbookstore.am/media/products/300x0/abc2f89d83934ff9f08d4b09b62de1a0.jpeg,https://zangakbookstore.am/uly-kati-mej,"Տղամարդը ինչքան էլ հեգնաբար, անգամ ցինիզմի օգնությամբ պաշտպանվել կանացի հմայքից, միևնույնն է՝ դատապարտված է: Մի անգամ կհանդիպի այն միակ սիրուն, որին երբեք չի կարողանա մոռանալ:",16.0,"Ռոմանս, Դրամա"
1208,Ալպեր և պիրենեյներ,Վիկտոր Հյուգո,https://zangakbookstore.am/media/products/300x0/2230bf60b6ac486e1b27929d19826b57.jpeg,https://zangakbookstore.am/alper-ev-pireneyner,"Գրքում ամփոփված են ֆրանսիացի մեծանուն գրող Վիկտոր Հյուգոյի (1802-1885) Ալպյան լեռներում եւ Պիրենեյներում ճամփորդական ուղեւորությունների ընթացքում կատարած գրառումներն ու նամակները, որոնցում բացահայտվում են նրա փիլիսոփայական խոհերը` ընթերցողին ներկայացնելով պատմական, քաղաքակրթական ու մշակութային անցյալի որոշ շերտերի գեղարվեստական պատկերավոր նկարագիրը։",16.0,"Պատմական գեղարվեստական գրականություն, Պոեզիա"
1209,Թաթարական անապատ,Դինո Բուցցատի,https://zangakbookstore.am/media/products/300x0/01f95e6837d68c0fa26588be0e95ba01.jpg,https://zangakbookstore.am/tatarakan-anapat,,16.0,Unknown
1210,Ժանդարմը,Մարկ Մուստյան,https://zangakbookstore.am/media/products/300x0/135fc372dcaa8624d83f2c1789f0f768.jpg,https://zangakbookstore.am/zhandarmy,"Էմմեթ Քոննը իր կյանքի ավարտին մոտեցող ծերունի է։ Նա՝ Առաջին աշխար­ համարտի վետերանը, վիրավորվելու պատճառով կորցրել է հիշողությունը։ հր շրջապատի համար նա պարզապես զառամյալության շեմին խճճված՝ դուրս ու Ներս է անում։ Բայց Նրանք չգիտեն, որ էմմեթին պաշարել են հուշերը դեպքերի, որ նա և ուրիշները ուրացել են, կամ թերևս՝ մոռացել։
Էմմեթի երազներում նա Թուրքիայից հայերին ուղեկցող ժանդարմ է։ Նրանցից մեկը երիտասարդ մի կին Արաքսին գրավում ու գերում էնրան։ Բայց հետո գաղթն ավարտվում է ու պատերազմը բաժանում է նրանց։ Էմմեթը վիրավորվում է։ Ցոթ տասնամյակ անց, երբ անցյալի ու Ներկայի սահմաններից նրա կառչումը փլուզվել է սկսում, էմմեթը վերջին ճամփորդության է ելնում՝ գտնելու Արաքսիին ու մուրալու նրա Ներումը։",16.0,"Թրիլլեր, Կենսագրություն"
1211,Գրանդ,Յանուշ Լեոն Վիշնևսկի,https://zangakbookstore.am/media/products/300x0/19e2e7e2b46a35c5c4cf087854c190a9.jpeg,https://zangakbookstore.am/grand-2,"Հյուրանոցները փոխում են մարդկանց: Փորձությունների ենթարկում, հրահրում ու մղում սահմանների հատման: հենց այսպիսի տարածք է դառնում Սոպոտի «Գրանդ» հյուրանոցը, որտեղ խաչվում են տարբեր ժամանակներ ու մարդկային ճակատագրեր: Յանուշ Լեոն Վիշնևսկին իր ընթերցողին ուղեկցում է հյուրանոցում իջևանած մարդկանց սենյակներով ու ճակատագրերով, ցուցադրում նրանց մտքերն ու ապրումները: Բոլորովին տարբեր ժամանակներում ու տարբեր մարդկանց հետ տեղի ունեցած իրադարձությունները, թվում է, կապված չեն իրար, սակայն դրանց միավորում է սերը, որը փոխում է հերոսների կյանքը:",16.0,"Դրամա, Թրիլլեր"
1212,Գրանդ,Յանուշ Լեոն Վիշնևսկի,https://zangakbookstore.am/media/products/300x0/2e708840de578ec0b4f5f3b7026e14e7.jpeg,https://zangakbookstore.am/grand-1,"Հյուրանոցները փոխում են մարդկանց: Փորձությունների ենթարկում, հրահրում ու մղում սահմանների հատման: հենց այսպիսի տարածք է դառնում Սոպոտի «Գրանդ» հյուրանոցը, որտեղ խաչվում են տարբեր ժամանակներ ու մարդկային ճակատագրեր: Յանուշ Լեոն Վիշնևսկին իր ընթերցողին ուղեկցում է հյուրանոցում իջևանած մարդկանց սենյակներով ու ճակատագրերով, ցուցադրում նրանց մտքերն ու ապրումները: Բոլորովին տարբեր ժամանակներում ու տարբեր մարդկանց հետ տեղի ունեցած իրադարձությունները, թվում է, կապված չեն իրար, սակայն դրանց միավորում է սերը, որը փոխում է հերոսների կյանքը:",16.0,"Դրամա, Թրիլլեր"
1213,Քառյակը,Մարկ Արեն,https://zangakbookstore.am/media/products/300x0/54bb6513338533aea64dab7178626a7d.jpg,https://zangakbookstore.am/qaryaky,"«Քառյակը» վեպի հերոսները չորս ընկերներ են՝ երևանցիներ Խաչատուրը, Տիգրանը, Արտեմը և մոսկվացի Անդրեյը: Մասնակցում են Սպիտակի երկրաշարժի հետևանքների վերացմանը, մարտնչում հանուն Արցախի ազատագրության, այնուհետև՝ համեմատաբար խաղաղ ժամանակներում, պայքարում ավազակախմբերի դեմ… Նրանց կյանքում փորձանքների ու փորձությունների պակաս չկա, սակայն ոչինչ չի կարողանում տրոհել այդ քառյակը:",16.0,"Արկածային, Թրիլլեր"
1214,Ապրելու ժամանակը և մեռնելու ժամանակը,Էրիխ Մարիա Ռեմարկ,https://zangakbookstore.am/media/products/300x0/75ace01af0fda62ec7360e30404e5f58.jpg,https://zangakbookstore.am/aprelu-zhamanaky-ev-mernelu-zhamanaky,"«Ապրելու ժամանակը և մեռնելու ժամանակը» վեպը գերմանացի հռչակավոր գրող Է. Մ. Ռեմարկի հանրահայտ հակառազմական գործերից է: Երկրորդ համաշխարհային պատերազմ: Գերմանական զորքը Ռուսաստանում: Շշուկներ նահանջի մասին: Պատերազմ՝ ճակատում, պատերազմ՝ տանը, պատերազմ՝ սրտերում և ուղեղներում, և ամենակարևորը՝ սեր, որ զինվորին տուն վերադարձնող խարիսխ պիտի լինի: Էռնստ Գրեբերի՝ գերմանացի զինվորի խոհերը պատերազմի անհեթեթության մասին հոգեբանական լուրջ մարտահրավեր են ժամանակի աբսուրդին, պատմության կրկնությանը:",16.0,"Կենսագրություն, Դրամա"
1215,Մորու բացատ որբանոցը,Թովմա քահանա Անդրեասյան (Վահան),https://zangakbookstore.am/media/products/300x0/e74f8a4c8847c12f9f0c24ba25889864.jpg,https://zangakbookstore.am/moru-batsat-orbanotsy,"Մարդ արարածն այս աշխարհում լքված է: Ոմանք չեն գիտակցում այդ և ապրելու համար տարբեր իմաստներ են գտնում` փող, իշխանություն, հաճույքներ: Ոմանք գիտակցում են այդ և փնտրում են իրենց ծնողին:",16.0,"Դրամա, Ֆանտաստիկա"
1216,Փոշոտված էջեր,Էդուարդ Ավագյան,https://zangakbookstore.am/media/products/300x0/592579c3b28f6cde33b0e932723be014.jpg,https://zangakbookstore.am/poshotvats-ejer-1,"Այս գրքում ներկայացված են անվանի գրող Էդուարդ Ավագյանի անտիպ բանաստեղծությունները, որոնք նա գրել է իր կյանքի տարբեր ժամանակահատվածներում: Էդուարդ Ավագյանը 40-ից ավելի գրքերի, բազմաթիվ թարգմանությունների (Պետրարկա, Կամմոես, Շելլի, Ջ. Լոնդոն, Ն. Նեկրասով, Ա. Պուշկին և այլք) ու հրապարակումների հեղինակ է, հայտնի լրագրող և հրապարակախոս, մշակույթի վաստակավոր գործիչ, գրողների և լրագրողների միությունների անդամ, «Դերենիկ Դեմիրճյանի անվան», «Գրական բեղմնավոր գործունեության և վաստակի համար» մրցանակների դափնեկիր, «Էրեբունի-Երևան-2001» գրական ստեղծագործական մրցույթի «Լավագույն գրական ստեղծագործության հեղինակ» հաղթող, «Սիմոն Սիմոնյանի անվան» «Հայ գրականության բարեկամներ» մշակութային մրցանակի դափնեկիր «Աստծո մարդը» (1997թ.) վեպի համար, ՀՀ գրողների միության ոսկե մեդալակիր էր: Այս բանաստեղծությունները յուրահատուկ են նայև այն պատճարով, որ Էդուարդ Ավագյանը արցակագիր էր և գրում չապածո միայն իր համար՝ հոգու գախտնիությունը իրակացնելու համար:",18.0,"Պոեզիա, Կենսագրություն"
1217,Ծանոթ գիր անծանոթ գրչով,,https://zangakbookstore.am/media/products/300x0/a3f755637a72f073dd8bfc47e9e905ac.png,https://zangakbookstore.am/tsanot-gir-antsanot-grchov,"Գիրքը ներառում է գերմանական դասական գրականության հեղինակների արձակ և չափածո ստեղծագործություններ՝ ամբողջական կամ հատվածաբար, որոնք առաջին անգամ են թարգմանվել հայերեն «Յունիվերս» լեզվի կենտրոնի «Թարգմանչական իմ առաջին քայլերը» ծրագրի շրջանակում: Գիրքը նպատակ ունի բացահայտելու սկսնակ թարգմանիչների և խրախուսելու նրանց:",16.0,"Պոեզիա, Կենսագրություն"
1218,Հավերժական վերադարձ,Վարդան Գրիգորյան,https://zangakbookstore.am/media/products/300x0/0882f70fc368feab63daadf838194aed.jpg,https://zangakbookstore.am/haverzhakan-veradardz,"«Հավերժական վերադարձը» տաղանդավոր արձակագիր Վարդան Գրիգորյանի (1950-1989) առաջին պատմավեպն է՝ լույս տեսած 1981-ին: Պատմավեպի դիպաշարի առանցքում հայոց պատմության VII դարի գուցե ոչ այնքան գլխավոր, որքան պատմական արժեքով նշանակալից ու բախտորոշ իրադարձություններն են՝ պավլիկյան շարժում, բյուզանդացիների հակազդեցություն: Գրականագետ Սևակ Արզումանյանի բնորոշմամբ՝ «պատմության խորը ճանաչողությամբ Վարդան Գրիգորյանը բացում է անցյալի ծալքերը, իրողությունները մաքրում կրոնական ու պատմական կաղապարներից, քննում ճշմարտության և ազատության հավերժական գաղափարների տեսանկյունից»:",16.0,"Պատմական գեղարվեստական գրականություն, Դրամա"
1219,Արշակ Երկրորդ,Պերճ Զեյթունցյան,https://zangakbookstore.am/media/products/300x0/29fd589af9c062dbf2267316f970b486.jpg,https://zangakbookstore.am/arshak-erkrord,"Պերճ Զեյթունցյանի (1938-2017) «Արշակ Երկրորդ» պատմավեպը ժանրի ամենաինքնատիպ և նորարարական դրսևորումներից է հայ գրականության մեջ: Գրողի պատմահայեցողության թիրախում 4-րդ դարի դեպքերն են, Արշակ Երկրորդ թագավորի տիրապետության շրջանը, երբ վճռվում էր հայկական ամուր պետականությունը պահպանելու կենսական հարցը:",16.0,"Պատմական գեղարվեստական գրականություն, Դրամա"
1220,Ապուշի կյանքը,Րյունոսկե Ակուտագավա,https://zangakbookstore.am/media/products/300x0/665e99464401b97466dc2f7bc976d81f.jpg,https://zangakbookstore.am/apushi-kyanqy,"Սույն ժողովածուն ընդգրկում է Ակուտագավայի ինքնակենսագրական երկրը, էսսեները և ասույթները, որոնք ինքնատիպ են թե կառուցվածքային, թե ոճական առումով և ներկայացնում են բարձր խոհափիլիսոփայական և գեղարվեստական արժեք:",16.0,"Պոեզիա, Կատակերգություն"
1221,Տղամարդու ներսում,Թամրիկո Շոլի,https://zangakbookstore.am/media/products/300x0/5109e765a1dc29f65fcbc08369defaea.jpg,https://zangakbookstore.am/tkhamardu-nersum,"Փորձելով գտնել իր նախկին հարաբերությունների անհաջողությունների պատճառները՝ հեղինակը 201 անկեղծ հարցազրույցներ է անցկացրել տղամարդկանց հետ։ Սակայն ճշմարտությունը, որ նրանք չվախեցան պատմել, տվեց բոլորովին այլ հարցերի պատասխաններ․ ճշմարտություն, որից հետո կյանքն այլևս երբեք նախկինը չի լինի։",18.0,"Դրամա, Ռոմանս"
1222,Օրհանի ժառանգությունը,Ալին Օհանեսյան,https://zangakbookstore.am/media/products/300x0/93dc502b9fc03336593052e51efaac08.png,https://zangakbookstore.am/orhani-zharangutyuny,"Երբ Օրհանի փայլուն ու էքսցենտրիկ պապին (մարդ, որ քիլիմներ գործելով, մի ամբողջ կարողություն է ստեղծել), մահացած են գտնում ներկի տակառի մեջ, Օրհանը ժառանգում է նրա՝ տասնամյակներով կերտած գործը: Բայց պապի կտակն ավելի շատ հարցեր է բարձրացնում, քան պատասխաններ տալիս: Քեմալն ընտանեկան կալվածը կտակել է անծանոթի` տարեց մի կնոջ, որն ապրում է հազարավոր մղոններ հեռու` Լոս Անջելեսի հայկական մի ծերանոցում: Այս կնոջ գոյությունն ու անցյալի գաղտնի լինելը ավելի են խորացնում այն առեղծվածը, թե Օրհանի պապն ինչու պիտի Թուրքիայի իրենց տունը, որդու կամ թոռան փոխարեն, կտակեր մի անծանոթ կնոջ: Զինված միմիայն Քեմալի հին նկարչական ալբոմներով ու անարդարությունը շտկելու ձգտմամբ` Օրհանը բարձրանում է Լոս Անջելես թռչող ինքնաթիռ: Լոս Անջելեսում բազում հանդիպումներից հետո նա ոչ միայն ջրի երես է հանում ութսունյոթամյա Սեդայի պատմությունը, որը վերջինս այնքան զգուշորեն թաքցնում էր, այլեւ բացահայտում, որ Սեդայի անցյալը սպառնում է իր` Օրհանի ապագային։ Պատմվելու դեպքում Սեդայի պատմությունը կարող է չեղարկել այն ժառանգությունը, որ Օրհանի ընտանիքի բարգավաճման հենքն է: Օսմանյան կայսրության վերջին տարիների ու 1990-ականների միջեւ ժամանակի մեջ հետ ու առաջ գնալով` Օրհանի ժառանգությունը ասք է կրքոտ սիրո, անասելի սարսափների, անհավատալի տոկունության` ընտանիքին հետապնդող ծպտված պատմությունների մասին։",16.0,"Դրամա, Թրիլլեր"
1223,Սարդը,Անրի Թրուայա,https://zangakbookstore.am/media/products/300x0/ed085718c87a552ea46506d0cfc25b51.jfif,https://zangakbookstore.am/sardy,"Զգույշ եղեք, որ չանեք, ինչպես անում է սարդը, որը բոլոր լավ մսերը թույնի է վերածում:",16.0,"Գիտական ​​ֆանտաստիկա, Առեղծված"
1224,Բաց հանգույցներ,Նվարդ Վարդանյան,https://zangakbookstore.am/media/products/300x0/537af3645a69434340ebf5d34bfa340c.jpg,https://zangakbookstore.am/bats-hanguytsner,"Քաղաքով մեկ հռնդալով անցնում էր` մոտոցիկլետը: Փողոցներում հատ ու կենտ մարդիկ էին մնացել: Վարդուհին չգիտեր՝ ինչպես թաքցնել դեմքը, քամին էլ, հակառակի պես, մազերը ծածանում էր, ետ նետում, ամբողջովին բացելով եւ ցուցադրելով դեմքը։ Մարդիկ կանգ էին առնում, նայում էին։ Չէր հասցնում որսալ նրանց դեմքի արտահայտությունը. ծիծաղում էին իրենց վրա, զարմանու՞մ էին, խղճու՞մ էին երիտասարդ աղջկան ու տղային, թե՞ ցասում էր բոցկլտում նրանց աչքերի մեջ։",16.0,"Կատակերգություն, Ֆանտաստիկա"
1225,Խաբել ՀայՌուսգազարդին,Նարեկ Թոփուզյան,https://zangakbookstore.am/media/products/300x0/27b4bfed7ba0999623ea14a94d8855b8.jpeg,https://zangakbookstore.am/khabel-hayrusgazardin,,16.0,Unknown
1226,Մարտին Իդեն,Ջեք Լոնդոն,https://zangakbookstore.am/media/products/300x0/48076501ffc62ab69ce4fa9eed0c82e2.jpg,https://zangakbookstore.am/martin-iden,"1909 թվականին լույս տեսած «Մարտին Իդեն» վեպը Ջեք Լոնդոնի լավագույն ստեղծագործություններից է: Ինքնակենսագրական հենքով գրված այս վեպը տաղանդավոր մարդու պատմություն է, որն անցնում է գրական անմահության տանող երկար ու դժվար մի մի ճանապարհ՝ դրսևորելով համառություն, նպատակասլացություն և աշխատասիրություն:",16.0,"Դրամա, Պոեզիա"
1227,Ես մինչ քեզ,Ջոջո Մոյես,https://zangakbookstore.am/media/products/300x0/56b4c4317f5b9735f7a596c21e4ec06b.png,https://zangakbookstore.am/es-minch-qez,"Կյանքում լինում են շրջադարձային պահեր, վայրկյաններ, որոնք անկախ մեր կամքից փոխում են այն ամենը, ինչ հետո է լինելու, այն ամեն ինչը, որ մենք կզգանք ու կհասկանանք այդուհետ: Լուիզայի և Ուիլի հանդիպումը գուցե կենցաղային դիպված է, մեկի համար՝ ծանր ֆինանսական պայմաններից դուրս գալու հնարավորություն, մյուսի համար՝ պարտադրված կենսական անհրաժեշտություն, իսկ գուցե պատահականություններ չեն լինում. բոլոր պարագաներում նրանց հանդիպումը գլխիվայր է շրջում երկուսի կյանքն էլ, և ամենամթում երևում է ընտրության հնարավորություն՝ կողքինի կյանքը դարձնելու ավելին, քան նա կարող է պատկերացնել:",16.0,"Դրամա, Թրիլլեր"
1228,Չապրած օրեր,Լեռ Կամսար,https://zangakbookstore.am/media/products/300x0/01c6f065c83f1f490c40b46c3e32bb3a.jpg,https://zangakbookstore.am/chaprats-orer,"Ժողովածուն ընդգրկում է Լեռ Կամսարի՝ 1945, 1946 և 1947թթ․ աքսորում գրած անտիպ օրագրությունը։ Անհատի պաշտամունքի տարիներին ստեղծված քաղաքական սատիրայի հազվագյուտ տարեգրություն է։",16.0,"Կենսագրություն, Պատմական գեղարվեստական գրականություն"
1229,Մահապուրծ օրագիր,Լեռ Կամսար,https://zangakbookstore.am/media/products/300x0/14524b888bc71b4c17c334e97001df29.jpeg,https://zangakbookstore.am/mahapurts-oragir,Ժողովածուն ընդգրկում է Լեռ Կամսարի՝ (1925-1935թթ․) գրած անտիպ օրագրությունը։ Խորհրդային տարիներին ստեղծված քաղաքական սատիրայի հազվագյուտ տարեգրություն է։,16.0,"Կենսագրություն, Պատմական գեղարվեստական գրականություն"
1230,Ծերուկների մանկապարտեզ,Լեռ Կամսար,https://zangakbookstore.am/media/products/300x0/8d67c6742f5347a169b63c68b6cff245.jpeg,https://zangakbookstore.am/tserukneri-mankapartez,Ժողովածուն ընդգրկում է Լեռ Կամսարի կյանքի վերջին երկու տարիների (1964-65թթ)․ երգիծական մանրապատումները։,16.0,"Երիտասարդական, Պոեզիա"
1231,Միայնակը,Լեռ Կամսար,https://zangakbookstore.am/media/products/300x0/6923a378309c96b37dee95846c9403a4.jpeg,https://zangakbookstore.am/miaynaky,Ժողովածուն ընդգրկում է Լեռ Կամսարի «Կարմիր օրեր» օրագրության 1 տարին՝ 1961թ․-ը։,16.0,"Ժամանակակից, Գիտական ​​ֆանտաստիկա"
1232,"Քանի ուշ չէ, ասեմ",Գոհար Եղիազարյան,https://zangakbookstore.am/media/products/300x0/229cb72e024ee434b735d7f632253101.jpg,https://zangakbookstore.am/qani-ush-che-asem,"Գրքի տարբեր բաժիններում հեղինակն ստեղծել է քնարական մի աշխարհ, որի զգացմունքային հիմնահանգույցը մայր-զավակ հարաբերությունն է: Գեղարվեստական զուսպ ընդհանրացումներով բանաստեղծուհին գտել է ինքնարտահայտման տարաբնույթ միջոցներ: Բոլոր խոհերն ու մտորումները մոր, ընտանիքի, ծնող-զավակ բանաստեղծական ընկալումների արտահայտություններ են:",12.0,"Դրամա, Պոեզիա"
1233,Իմ ձայնը,Ջիդի Մաջիա,https://zangakbookstore.am/media/products/300x0/b7ad8f095bce2da50226953fc325691e.jpg,https://zangakbookstore.am/im-dzayny-1,Պեոզիայի և արվեստի Եվրոպական «Հոմեր» մեդալի ասպետ Ջիդի Մաջիայի սույն ժողովածուն ի հայտ է բերում չինական պոեզիայի առանձնահատկություններն ու դրանցում առկա համաշխարհային միտումները:,12.0,"Պոեզիա, Դրամա"
1234,Աշուղական երգեր,Նահապետ Քուչակ,https://zangakbookstore.am/media/products/300x0/a9934e93d4d5411b27ad3d7b495da2af.jpg,https://zangakbookstore.am/ashukhakan-erger,"Քուչակ Վանեցին կամ Նահապետ Քուչակը 16-րդ դարի աշուղ է, ում անունը հայագիտության ﬔջ թյուրիմացաբար կապվել է հայրենների երգաշխարհի հետ: Նրա աշուղական երգերն առանձին ժողովածուով չեն տպագրվել: Սույն գրքում տպագրվել են Քուչակի հայերեն, ինչպես նաև թուրքերեն երգերը, վերջինները` հայատառ թուրքերենով և հայերեն զուգադիր թարգմանությամբ: Գիրքը հասցեագրվում է բանասերներին, պատմաբաններին, ուսանողներին և կարող է ծառայել որպես ուսուﬓ ական օժանդակ ձեռնարկ բուհերի բանասիրական ֆակուլտետի ուսանողների համար:",12.0,"Պոեզիա, Պատմական գեղարվեստական գրականություն"
1235,Գևորիկներ,Գևորգ Թումանյան,https://zangakbookstore.am/media/products/300x0/9386fa8e83244191d2ec3a11cc033a89.crdownload,https://zangakbookstore.am/gevorikner-1,"Բանաստեղծությունն իբրև խաղարկուն մտածողություն՝ ահա Գևորգ Թումանյանի բնագրի հիմնական առանձնահատկությունը: Սեղմ տարածությունն ու ասելիքի ձևակերպման լակոնիկ ոճը համեմված առօրեկանի հասնող հումորային շերտերով նրբահյուսում են մի գեղարվեստական աշխարհ, որտեղ մեզ ծանոթ իրերն ու երևույթները նոր տարազներով ու բովանդակությամբ են մեկնաբանվում:",12.0,"Կատակերգություն, Պոեզիա"
1236,Չսիրելուց երկու օր անց,Ռուզան Ազիզյան,https://zangakbookstore.am/media/products/300x0/ea94ab9adc40a62321637be05f225895.jpg,https://zangakbookstore.am/chsireluts-erku-or-ants,"«Չսիրելուց երկու օր անց» ժողովածուն մարդկային կյանքի ամենակարևոր զգացմունքներից մեկի՝ սիրո և սիրո բացակայության մասին է: Երիտասարդության հախուռն ապրումներին հաջորդող հասուն սիրո մասին պատմող բանաստեղծությունները վերապրում են զգացմունքների հասունացման այն փուլը, երբ սերը եղել ու վերջացել է՝ իր հետևից թողնելով ձմեռային սառնություն, անգույն հոգեվիճակ, սակայն հիշողության մեջ երբեմն բռնկվող առկայծումները դեռևս վերհիշում են նրա ջերմությունը՝ որպես երբեմնի այրող գույն՝ սփոփելով ու առաջ մղելով կյանքի հետագա հորձանուտում:",16.0,"Ռոմանս, Դրամա"
1237,Ժանտախտը,Ալբեր Կամյու,https://zangakbookstore.am/media/products/300x0/2743db64038f5b0e35d60aa175663843.jpeg,https://zangakbookstore.am/zhantakhty,,16.0,Unknown
1238,Մահացու հյուրախաղ,Հովհաննես Երանյան,https://zangakbookstore.am/media/products/300x0/0f19a186022fd4610001cdcd2a310e35.jpg,https://zangakbookstore.am/mahatsu-hyurakhakh,"Մեկամսյա հյուրախաղ, որի սկիզբն անցնում է թատերական, ավարտը` կյանքի օրենքներով։ Սիրողական թատերախմբի տասը սովետական քաղաքացի՝ ջահել, ազնիվ ու արկածասեր, ճակատագրական այդ ամառ մայրաքաղաքից մեկնում են մարզային հյուրախաղի: Ակամա հատելով թշնամի դարձած հարեւան պետության սահմանը՝ խումբը հյուրախաղի ավարտին բեմի փոխարեն ստիպված էր խաղալ կյանքի ու մահվան եզրագծի վրա: Պայքարելով հանուն կյանքի, նրանցից յուրաքանչյուրը ժամանակ է գտնում քննելու իր ապրած տարիները։ Նրանք միմյանց մեջ բացահայտում են քաջություն ու վախկոտություն, անձնվիրություն եւ ուրացում։ Թեեւ տասից ինը վերադառնում են երկիր, բայց նրանց բոլորի ճակատագիրն արդեն անշտկելիորեն բեկված էր:",16.0,"Դրամա, Ռոմանս"
1239,Կորեական դելիկատես,Համբարձում Համբարձումյան,https://zangakbookstore.am/media/products/300x0/aeafe49dd57aa269dbe25c4eb4a1096e.jfif,https://zangakbookstore.am/koreakan-delikates,"«Կորեական դելիկատես» ժողովածուն Համբարձում Համբարձումյանի առաջին գիրքն է։ Նրանում ընդգրկված պատմվածքները թեպետ գրվել են տարբեր ժամանակներում, բայց ամբողջացնում են Համբարձումի գրողական ձեռագրի բոլոր յուրահատկությունները` պատումի անսեթեւեթ ու անբռնազբոսիկ ոճ, «մանկական զվարթախոհությամբ» լեցուն սյուժեներ, չափազանց կոլորիտային, տպավորող ու տեքստից տեքստ «թափառող» հերոսներ։",16.0,"Պոեզիա, Կենսագրություն"
1240,Դանիելի գիրքը,Նարինե Կռոյան,https://zangakbookstore.am/media/products/300x0/b7afafed5c6a6e9d3d5a2d1f166bfb13(1).jpg,https://zangakbookstore.am/danieli-girqy,"Դանիելի գիրքը հանգուցյալ աշխարհում մի մարդու արկածների մասին է: Նրան ընկերակցում է իր Հրեշտակը, ով քննադատաբար է մոտենում այդ մարդու` նախկինում գործած մեղքերին, բայց ակնհայտորեն դառնում է նրա իրավապաշտպանը: Հրեշտակի և մարդու հարաբերությունները շատ բարդ են, բայց միևնույն ժամանակ նրանք շատ կապված են իրար հետ: Գալիս է այն պահը, երբ մարդն ուզում է պաշտպանել իր հրեշտակին ավելի բարձր դասի հրեշտակների հետ վեճում: Պատմվածքը և′ հուզիչ է, և′ հումորային: Վերջում հրեշտակը ուղարկվում է երկիր մոլորակ այնտեղ մահկանացուի կյանք վարելու:",19.0,"Դրամա, Սարսափ"
1241,Չենք ասում ինչքան գիտենք,Սլավիկ Չիլոյան,https://zangakbookstore.am/media/products/300x0/8445fbd67475144d71fb2850bb9bbea9.jpg,https://zangakbookstore.am/chenq-asum-inchqan-gitenq,,16.0,Unknown
1242,Անտիպ,Դավիթ Հովհաննես,https://zangakbookstore.am/media/products/300x0/a1bf3ba96278a7643223904be0b895a6.jpeg,https://zangakbookstore.am/antip,"Այս բանաստեղծությունները շուրջ քառասուն տարի դուրս են մնացել Դավիթ Հովհաննեսի՝ մինչ այժմ տպագրված ժողովածուներից (ամենատարբեր պատճառներով, հիմնականում՝ գրաքննչական), եւ լույս են տեսնում առաջին անգամ: 
Սա իր տեսակի մեջ ինքնին մի աննախադեպ ու եզակի երեւույթ է մեզանում եւ, անկասկած՝ կշարժի ընթերցողի հետաքրքրությունը, ինչը եւ այս հրատարակության նպտակն է, թեեւ՝ ոչ միակն ու ոչ առաջնայինը:",16.0,"Պոեզիա, Կենսագրություն"
1243,Շերլոք Հոլմս։ Հրաժեշտի խոնարհումը 6,Արթուր Կոնան Դոյլ,https://zangakbookstore.am/media/products/300x0/429ffdc50c2c19b14f7f02e3b26459cf.jpg,https://zangakbookstore.am/sherloq-holms-mas-6,"«Հրաժեշտի խոնարհումը» ժողովածուն լույս է տեսել 1917 թ.-ին և ընդգրկում է ութ պատմվածքներ: Վերջին պատմվածքը կրում է ժողովածուի վերնագիրն ու պատմում է Հոլմսի վերջին գործի մասին՝ սերտորեն կապված Առաջին համաշխարհային պատերազմի հետ: ​​1927 թ.-ին հրատարակված և տասներկու պատմվածքից բաղկացած «Հոլմսի արխիվը» ժողովածուն վերջինն է հանրահայտ խուզարկուի արկածների մասին պատմող ժողովածուներից: Այս պատմվածքներում ընթերցողը հնարավորություն է ստանում լրիվ այլ՝ հոգեբանական տեսնակյունից բացահայտելու Հոլմսին. Վերջինս, բժիշկ Ուոթսոնի խոսքերով, ոչ միայն հզոր ուղեղ, այլ նաև հզոր սիրտ ունի:",12.0,"Կենսագրություն, Պոեզիա"
1244,"Շերլոք Հոլմս։ Բասկերվիլների շունը, Սարսափի հովիտը 5",Արթուր Կոնան Դոյլ,https://zangakbookstore.am/media/products/300x0/27abafd5f5e38902d50e99214d1f4950(1).jpg,https://zangakbookstore.am/sherloq-holms-mas-5,"«Բասքերվիլների շունը» ստեղծագործությունը առաջին անգամ լույս է տեսել 1902 թվականին: Իրադարձությունները կատարվում են Դարթմուրում՝ Դևոնշիրի կոմսությունում: Հոլմսին հանձնարարված է բացահայտել սըր Չարլզի սպանությունը՝ հիմնված դիվային շան մասին անցյալի սարսափելի պատմությունների վրա: ​«Սարսափի հովիտը», որն առաջին անգամ լույս է տեսել 1915 թվականին, ներկայացնում է պրոֆեսոր Մորիարթիի չարիք գործելու հերթական փորձերից մեկը: Թվում է՝ Հոլմսն ու Ուոթսոնը չափազանց ուշ են դեպքի վայր հասել, ու ամեն ինչ ավարտված է, բայց պատմությունն ամբողջովին բացահայտելու համար Հոլմսը պետք է դեպի անցյալ գնա ու բացահայտի սպանության իրական դրդապատճառներն ու մութ կողմերը:",12.0,"Առեղծված, Դետեկտիվ"
1245,Շերլոք Հոլմսի հուշերը 3,Արթուր Կոնան Դոյլ,https://zangakbookstore.am/media/products/300x0/bbb3e873ff68b554aec3689149f02345.jpg,https://zangakbookstore.am/sherloq-holms-mas-3,"«Հոլմսի հուշագրությունները» ժողովածուն ներառում է սըր Արթուր Քոնան Դոյլի՝ խուզարկու Շերլոք Հոլմսի մասին պատմող պատմվածքները. առաջին անգամ տպագրվել է 1893թ.: Քոնան Դոյլը նախատեսել էր, որ այն պետք է Հոլմսի մասին պատմվածքների վերջին ժողովածուն լինի, այդ իսկ պատճառով եզրափակող «Վերջին գործը» ստեղծագործության մեջ տեղեկանում ենք, որ Հոլմսը մահանում է, սակայն պատմվածքներն իրենց շարունակությունն են ունենում հաջորդ հատորներում:",12.0,"Կենսագրություն, Դրամա"
1246,Շերլոք Հոլմսի վերադարձը 4,Արթուր Կոնան Դոյլ,https://zangakbookstore.am/media/products/300x0/833ee5af7fc2213169a48078891d623c.jpg,https://zangakbookstore.am/sherloq-holms-mas-4,"«Շերլոք Հոլմսի վերադարձը» սըր Արթուր Քոնան Դոյլի ժողովածուներից է. բաղկացած է տասներեք պատմվածքներից: Գիրքն առաջին անգամ տպագրվել է 1905 թվականին: Այն բանից հետո, երբ Հոլմսը «մահացավ» «Վերջին գործը» պատմվածքում (1893թ.), սա առաջին ժողովածուն էր:",12.0,"Պոեզիա, Դրամա"
1247,Դավիթ Հովհաննես,Դավիթ Հովհաննես,https://zangakbookstore.am/media/products/300x0/4814d051acc44ec2f0cf9e97e83da1d3.jpeg,https://zangakbookstore.am/davit-hovhannes,"Այս միհատորյակով ընթերցողն առաջին անգամ պիտի ծանոթանա Դավիթ Հովհաննեսի ստեղծագործական շուրջ 50 տարվա սկզբին ու ընթացքին: Տարիներ շարունակ բանաստեղծի ժողովածուները տպագրվել են աղճատված, խաթարված ու քարհանված` տարբեր պատճառներով, հիմնականում Գլավլիտի (գրաքննչության), ինչպես նաեւ որոշ խմբագիրների անողորմ ու անպատիժ ձեռքով: Այս ժողովածուում նախնական տեսքով վերականգնված են ոչ միայն հեղինակի առանձին բանաստեղծություններն ու բանաստեղծական շարքերը, այլեւ ամբողջացվել են ժամանակին արդեն իսկ լույս տեսած ժողովածուները, լրացվել համատեքստից դուրս մնացած (դուրս թողնված) բանաստեղծություններով։ Տարբեր տարիների հենց այդ ժողովածուներից եւ անտիպ թղթերից էլ ահա կատարվել է լայն ընտրություն եւ ի մի բերվել ներկա հատորում` հեղինակային ծանոթություններով ու տողատակերով (ըստ անհրաժեշտության)։",16.0,"Պոեզիա, Կենսագրություն"
1248,Ութը տող,Դավիթ Հովհաննես,https://zangakbookstore.am/media/products/300x0/5fec71abf7027360a49d7aa387189c00.jpg,https://zangakbookstore.am/uty-tokh,"Ժողովածուում զետեղված են «Տագնապներ» շարքի XII–XXXIII գլուխները (վերջին երկուսը՝ անտիպ), որոնք առավել մոտ են մեր ժամանակներին, եւ ընդգրկում են համահայկական, - միայն եւ զուտ համահայկական, - իրականության ողջ տիեզերքը՝ իր հոգեւորով եւ նյութականով, քաղաքականությամբ եւ բարոյականությամբ, կենցաղով ու բարքերով, ինչու չէ՝ նաեւ գինյոլով ու ողբերգությամբ, – այո, այո, ողբերգությամբ, — որի միջից տեղ-տեղ յուրյանց կանաչ-կարմիր գլխիկն են բարձրացնում հայու հավերժական հույսի ծիլերը... 
Լեզուն եւ մետաֆորը, ինչպես միշտ, տիպիկ հեղինակային են՝ կոշտ եւ անակնկալ, դիպուկ եւ ճշգրիտ` տոհմիկ մեր ոսկեղենիկի նոր, այլազան դրսեւորումներից մինչեւ առօրյա, քաղաքային, ժարգոնային եւ նույնիսկ բարբառային խոսվածքը:",16.0,"Կենսագրություն, Դրամա"
1249,Մոբի Դիք,Հերման Մելվիլ,https://zangakbookstore.am/media/products/300x0/a18951b5dcf858067fed35c09c6edfaf.jpg,https://zangakbookstore.am/mobi-diq,"Ամերիկացի դասական Հերման Մելվիլի «Մոբի Դիք կամ Ճերմակ կետաձուկը» վեպը (1851թ.) պատմում է այն մենամարտի մասին, որ մարդկային բնավորությունն ու կամքը մղում են ճշմարտության ու արդարության որոնումներին խանգարող ռոմանտիկական խորհրդանիշով մարմնավորված չար ուժերի դեմ:",16.0,"Դրամա, Կատակերգություն"
1250,"Հայրիկ, դու խենթ ես",Ուիլյամ Սարոյան,https://zangakbookstore.am/media/products/300x0/fc8a4f3a2894fca03e08cee5816523bc.jpg,https://zangakbookstore.am/hayrik-du-khent-es,"«Հայրիկ, դու խենթ ես» վիպակը (1957), որ ներկայացվում է վերանայված թարգմանությամբ, Ուիլյամ Սարոյանի գրական ժառանգության մարգարիտներից մեկն է: Տասնամյա տղայի պատումը, միահյուսվելով գրող հոր հետ ծավալվող խորունկ զրույցներին, այս լուսավոր ու իմաստուն գործը դարձնում է կյանքի և աշխարհի տիպիկ սարոյանական մանրակերտ, ըստ էության՝ սեղանի գիրք ամեն տարիքի ընթերցողի համար:",16.0,"Պոեզիա, Կենսագրություն"
1251,Յակուբյան շենքը,Ալաա ալ-Ասուանի,https://zangakbookstore.am/media/products/300x0/cd96b6635bc7fc7653bd3a5a9e4fe02f.jpg,https://zangakbookstore.am/yakubyan-shenqy,"21-րդ դարի ամենաաղմկահույզ արաբալեզու վեպը հեղինակին համաշխարհային ճանաչում բերեց: Միայն արաբերենով 9 անգամ հրատարակվեց, ապա թարգմանվեց 34 լեզվով: Կահիրե. հսկա մեգապոլիսի կենտրոն ու մի շենք: Այստեղ բնակվում են վեպի հերոսները: Այստեղ է նաև դոկտոր ալ-Ասուանին ստոմատոլոգիական կաբինետը: Տարբեր մարդիկ, տարբեր ճակատագրեր, սեր և կիրք, կոռուպցիա և ահաբեկչություն... Կահիրեի շուրջ կեսդարյա կյանքի համայնապատկեր`«Յակուբյանի շենքը» վեպում:",16.0,"Կենսագրություն, Պատմական գեղարվեստական գրականություն"
1252,Էքզյուպերի․ Երկերի ժողովածու,Անտուան դը Սենտ-Էքզյուպերի,https://zangakbookstore.am/media/products/300x0/b7988a7c6c7484f2b0529a6376b02f10.jpg,https://zangakbookstore.am/erkeri-zhokhovatsu,"Այս հատորում զետեղված են Ֆրանսիայի աշխարհահռչակ արձակագիր Անտուան դը Սենտ-Էքզյուպերիի «Գիշերային թռիչք», «Մարդկանց երկիր», «Ռազմական օդաչու», «Նամակ պատանդին», «Փոքրիկ Իշխանը» վիպակները՝ բնագրային թարգմանությամբ: Երկերի հաջորդականությունն ընտրված է ըստ ժամանակագրական կարգի:",14.0,"Պոեզիա, Կենսագրություն"
1253,Դոնկիխոտասպան իմ հայրենիք,Վահե Արսեն,https://zangakbookstore.am/media/products/300x0/a7ec914deec92b092d378c791a35bf0e.png,https://zangakbookstore.am/donkikhotaspan-im-hayreniq,"«Կանաչ աստվածների վերադարձը» հայտնի ժողովածուից տասնմեկ տարի անց հրատարակվող այս գրքում Վահե Արսենը շարունակում է մեր իրականության նշանագրումը՝ հասարակական հակասությունների, մարդու և բռնապետության բախման, պատերազմի ու անհատի միայնության, մոռացված զգայությունների ու սիրո փնտրումի թեմաների իրացումներով: Ձևախեղված իրերի ու հարաբերությունների, իմաստազուրկ բառերի ու քաղաքական լոզունգների միջև խարխափող հերոսը շատ սուր արձագանքում է մեր իրականության վերջին տասնամյակի ցավոտ իրադարձություններին՝ մարտի 1–ից մինչ ապրիլյան պատերազմ: Ընդվզում է երեսպաշտության ու անբարոյականության դեմ, խիզախում բարձրաձայնել առկա հոգևոր ճգնաժամի, դրա պատճառների և կործանարար հետևանքների մասին:",16.0,"Կենսագրություն, Ռոմանս"
1254,Փեակների տարաբախտություն,Դիանա Համբարձումյան,https://zangakbookstore.am/media/products/300x0/2e67e909d51212a0de9285f6e5bdb857.jpg,https://zangakbookstore.am/peakneri-tarabakhtutyun,"Ծնվելիս մարդը չգիտի գլխի գալիքը, մեռնելիս` նույնպես: Ապրելիս մարդը որոնում է ծննդի ու մահվան գաղտնիքը` կյանքը լցնելով երջանկության ու դժբախտության հարափոխությամբ: Ինչու և ինչպես է լինում լինելինը: Հարցերը պատասխաններ են որոնում` փեակների տարաբախտությունը երևակայելով մի հայ ընտանիքի պատմությամբ` երկփեղկված Հայաստանի ու Շվեդիայի միջև:",16.0,"Դրամա, Առեղծված"
1255,Անհայտի սահմանը,Մերուժան Տեր-Գուլանյան,https://zangakbookstore.am/media/products/300x0/a03707776290b67e9bb20c6f4a5dbc22.jpg,https://zangakbookstore.am/anhayti-sahmany,"էսսեների այս ժողովածուն հեղինակի տասներորդ գիրքն է: Այն կարող էր կոչվել «Հազար օրերի միջով»: Կարող էր կոչվել նաեւ «Անհայտի ափին», բայց ճիշտ է, թերեւս, Անհայտի սահմանը, որի դիմաց այս գրքում կանգնած է հեղինակը - մենակ։ 
Եվ կարդալով գիրքը` ընթերցողը վստահորեն իրեն մենակ չի զգա հայտնվելով անհայտի ափին։",16.0,"Պոեզիա, Կենսագրություն"
1256,Էնեական,Պուբլիուս Վերգիլիուս Մարո,https://zangakbookstore.am/media/products/300x0/dd813c3475eb1fa7f26f270a4f2cfaba.jfif,https://zangakbookstore.am/eneakan,"Գիրքն ընդգրկում է անտիկ գրականության գլուխգործոցներից մեկի՝ Հոմերոսի «Իլիական»-ի ու «Ոդիսական»-ի հետ «մեծ եռյակը» կազմող գրական երրորդ կոթողի՝ Պուբլիուս Վերգիլիուս Մարոյի (մ.թ.ա. 70-19) «Էնեական»-ի՝ լատիներեն բնագրից արևելահայերեն առաջին ամբողջական թարգմանությունը՝ ընդարձակ առաջաբանով և ծանոթագրություններով: Արկածալից դեպքերով, բանաստեղծական վառ և նկարեն պատկերներով ու մարդկային հարաբերություննների հուզիչ դրվագներով լի այս երկը, որ պատմում է Հռոմի հիմնադրման առասպելական նախապատմությունը՝ ընթերցվում է կլանված ուշադրությամբ: Այն հիացմունքի առարկա է եղել թե՛ անտիկ աշխարհում, թե՛ միջնադարում և Վերածննդի շրջանում և թե՛ նոր ու նորագույն ժամանակներում: Իբրև էպոսի անգերազանցելի նմուշ՝ «Էնեական»-ը շարունակում է մեզ գերել ու առինքնել նաև այսօր:",16.0,"Պատմական գեղարվեստական գրականություն, Պոեզիա"
1257,Տղամարդը,Ռամյու Ֆերդինանդ,https://zangakbookstore.am/media/products/300x0/2efcd12d10de9288e24c73a075cb74d5.jpg,https://zangakbookstore.am/tkhamardy,"Գիրքը ներառում է Շ.Ֆ. Ռամյուի երեք պատմվածք, որոնք աչքի են ընկնում իրենց խորությամբ ու դրամատիզմով, և պատկերավոր լեզվով։",14.0,"Դրամա, Կատակերգություն"
1258,Ամերիկյան թրթիռներ,Գրիշ Դավթյան,https://zangakbookstore.am/media/products/300x0/9e4046c9babb39073100b490064707c5.jpg,https://zangakbookstore.am/amerikyan-trtirner,"Բանաստեղծությունների ժողովածուն հեղինակի տասնմեկերորդ գիրքն է, որ ամփոփում է ԱՄՆ-ում հորինված ստեղծագործությունները, զգացված ու ապրված ամենախայտաբղետ բնանյութերով:",16.0,"Պոեզիա, Կենսագրություն"
1259,Հեղնար աղբյուր,Մկրտիչ Արմեն,https://zangakbookstore.am/media/products/300x0/042936b8e9ee1221ab1ce41b250c7eac.jpg,https://zangakbookstore.am/hekhnar-akhbyur,"Վեպն արտացոլում է ավանդական Գյումրիի արհեստավորության կյանքն ու կենցաղը, ըմբռնումները մարդու կոչման, առաքինության, սիրո ը ընտանիքի մասին:",16.0,"Ռոմանս, Դրամա"
1260,Սպանդանոց համար հինգ,Կուրթ Վոնեգութ,https://zangakbookstore.am/media/products/300x0/025085e28edd4e3ad6bab8c899c541de.jpg,https://zangakbookstore.am/spandanots-hamar-hing,"«Սպանդանոց համար հինգ» վեպը, ըստ էության, Կուրթ Վոնեգութի վերաբերմունքն է «պատերազմ» կոչված երևույթի հանդեպ: Պատերազմը դիտարկելով իբրև արդարության վերականգման փորձի հույս, Վոնեգութն այն միտքն է զարգացնում, որ արդարությունը, որպես այդպիսին, հնարավոր չէ վերականգնել, որովհետև այն երբեք գոյություն չի ունեցել: Մյուս կողմից՝ գրելով պատերազմի մասին, Վոնեգութն, ըստ էության, ցույց է տալիս, որ պատերազմի մասին վեպ հնարավոր չէ գրել:",16.0,"Թրիլլեր, Դրամա"
1261,Հրանտ,Գևորգ Տեր-Գաբրիելյան,https://zangakbookstore.am/media/products/300x0/ae16e9d5cc35ccb0b15b12bdeeaddcde.jpg,https://zangakbookstore.am/hrant,"Վիպակը հիմնված է հեղինակի հուշերի վրա` Հրանտ Մաթևոսյանի հետ հանդիպումներից և շփումներից, սակայն իրենից ներկայացնում է ազատ ստեղծագործություն և չի հավակնում փաստագրական լինել: Այն ընդգրկում է մտորումներ Հայաստանի 1960-1980-ականների մասին, և, իր այս հայերեն տարբերակում, հեղինակի փոփոխվող կարծիքների հյուսվածքն է աշխարհի ու Հրանտի մասին` 1980-ականների, 2007-ի և 2017-ի տեսանկյուններից:",16.0,"Դրամա, Կենսագրություն"
1262,Ելման Կոնյե,Էդուարդ Հարենց,https://zangakbookstore.am/media/products/300x0/9dc66a09770bc41000444d2fe783618f.jpg,https://zangakbookstore.am/elman-konye,"Բանաստեղծությունների այս ժողովածուն Էդուարդ Հարենցի` լեզվին վերաբերմունքի ու նրա հանդեպ պատկառանքի, սիրո և ընդդիմության, կասկածի ու խոր հավատի հերթական դրսևորումն է: Յուրաքանչյուր բանաստեղծությամբ Հարենցը ձգտում է էլ ավելի խորքով ճանաչել լեզուն, և յուրաքանչյուր բանաստեղծույամբ` լեզուն ինքն էլ բացահայտում է իր թաքնված կարելիությունները:",16.0,"Ռոմանս, Դրամա"
1263,Վերջին սերը Կոստանդնուպոլսում,Միլոռադ Պավիչ,https://zangakbookstore.am/media/products/300x0/11a819a8ca5169a42a0347e09032deef.jpg,https://zangakbookstore.am/verjin-sery-kostandnupolsum,"Միլոռադ Պավիչի ամենահայտնի գործերից մեկը՝ «Վերջին սերը Կոստանդնուպոլսում» վեպը (1994), բալկանյան մոգական ռեալիզմի շնչով գրված պատում է նապոլեոնյան պատերազմների դարաշրջանում երկու հակամարտ սերբ գերդաստանի միահյուսվող ճակատագրերի մասին և միաժամանակ սիրո ռոմանտիկ ոդիսական: Քանի որ գրքի հենքն է դարձել միջնադարում առաջ եկած Տարոն՝ բախտագուշակության մի գաղտնախորհուրդ եղանակ, վեպի գլուխների հերթականությունն ու սյուժետային ընթացքը կարող են շարունակ փոփոխվել՝ ըստ Տարոյի խաղաթղթերի դասավորության, որն ընթերցողին հնարավորություն է ընձեռում ոչ միայն մասնակցել պատումի համահեղինակը դառնալու գրավիչ խաղին, այլև խաղաթղթերի մեկնությունները կարդալով՝ սեփական բախտը գուշակել:",16.0,"Ռոմանս, Կենսագրություն"
1264,Դարձ,Էջե Թեմելքուրան,https://zangakbookstore.am/media/products/300x0/8eeb11ce909aacc6901a479e9ef0e5d5.jfif,https://zangakbookstore.am/dardz,Էջե Թեմելքուրանի «Դարձ» վեպը 1980 թվականի հեղաշրջմանը նախորդող իրադարձությունների խտացումն է Անկարայում ապրող երեխաների՝ Ալիի ու Այշեի աչքերով: Երեխաների տեսանկյունից պատմվող աշխարհն ու նրանց երեւակայության ներքո ծավալվող կարեւոր իրադարձությունները վեր են հանում նաեւ Թուրքիայում միջդասային եւ քաղաքական մի շարք այլ կարեւոր խնդիրներ ընթերցողների համար։,16.0,"Կենսագրություն, Դրամա"
1265,Հիպի,Պաուլու Կոելյու,https://zangakbookstore.am/media/products/300x0/ea0110407b773169774f01cc05cded38(1).jpg,https://zangakbookstore.am/hipi,"«Սույն գրքում տեղ գտած պատմություններն իմ անձնական փորձառության մասն են… կատարված ամեն բան իրական է». այսպես է սկսվում ժամանակակից թերևս ամենահանրաճանաչ գրողի՝ Պաուլու Կոելյուի նոր վեպը: Իսկ այն հեռավոր 70-ականներին նա դեռևս երազում էր գրող դառնալ, նախաձեռնում էր վտանգավոր ճանապարհորդություններ, պայքարում էր սեփական վախերի դեմ և գլխովին սուզվում ազատության այն մթնոլորտի մեջ, որն աշխարհով մեկ սփռել էր հիպիների շարժումը:",18.0,"Կենսագրություն, Թրիլլեր"
1266,Քառյակներ։ Օմար Խայամ,Օմար Խայամ,https://zangakbookstore.am/media/products/300x0/ae8d98c880fb9e129c87937c58ec2e44.jpg,https://zangakbookstore.am/qaryakner,"Օմար Խայամը (1040-1129) Իրանական պոեզիայի փառքը հանդիսացող չորս նշանավոր բանաստեղծներից մեկն է (Ֆիրդուսի, Սաադի, Հաֆեզ, Խայյամ): Լինելով իր ժամանակի անվանի գիտնականներից մեկը՝ մեծ փիլիսոփա, մաթեմատիկոս, աստղագետ ու տոմարագետ, նա այսօր աշխարհով մեկ հայտնի է ամենից առաջ որպես արևելյան մեծանուն իմաստուն, ում հատուկ է լայն մտահորիզոնը, խորն ու պրպտուն միտքը, ընդա մենը մի քանի տողի մեջ ասելիքը սեղմ ու դիպուկ, գեղեցիկ ու տպավորիչ ձևակերպելու զարմանալի կարողությունը: Ահա ինչու արդեն քանի՜ հարյուրամյակ ողջ աշխարհում նրա ստեղծագործության ու անձի հանդեպ հետաքրքրությունը չի մարում. Խայամի իմաստախոսությունները թարգմանվել ու թարգմանվում են գրեթե բոլոր լեզուներով՝ չափածո և արձակ, ուղեկցում ընթերցողական նորանոր սերունդների, մղելով նորից ու կրկին խո րանալ, խորհել առաջին հայացքից կարծես թե շատ պարզ ու մատչելի, բայցև մշտապես նոր մտածումների դուռ բացող խորիմաստ տողերի շուրջ:
Մեզանում ևս թարգմանիչները անդրադարձել են Խայամին, դեռևս 19-րդ դարասկզբից:",16.0,"Ժամանակակից, Դրամա"
1267,Ցավեր բռնողը,Լևոն Շահնուր,https://zangakbookstore.am/media/products/300x0/6fa04cd8b43f5a8916233710b7040b27.png,https://zangakbookstore.am/tsaver-brnokhy,"Պատմվածքների հերոսները ժամանակների և տարածությունների մեջ մոլորված մարդիկ են, որոնք փորձում են հասկանալ իրենց շրջապատող իրականությունը, շերտատել, կեղևազրկել այն: Նետվելով մտածումների ու զգայությունների խավար անդունդը՝ ձգտում են պեղելու լույսը: Փորձում են հասնել ու ճանաչել կեցության խորքերը, հասկանալ իրականության ու մտածումների գաղտնի խորհուրդները, սակայն էլ ավելի են խճճվում հիվանդ բառերի ու իրականությունը նկարագրող սահմանափակ հասկացությունների մեջ:
Հեղինակը նոր ու անսովոր տեսանկյուններով, փիլիսոփայական խորհրդածություններով, հաճախ հակաուտոպիական պատումներով ու հմայական-ծիսական ոճավորմամբ ձգտում է ներթափանցելու կեցության խորքերը, պատկերելու աշխարհն ու այն կազմող իրերն ու մարդկանց ընդունված պայմանականություններից անդին:",16.0,"Դրամա, Ֆանտաստիկա"
1268,Մի ամբողջ կյանք,Ռոբերտ Սիթալեր,https://zangakbookstore.am/media/products/300x0/854390d11c73fcc7cb05ab538e323076.png,https://zangakbookstore.am/mi-ambokhj-kyanq,"Անդրեաս Էգերի կյանքը կապված է ալպյան ձյունածածկ լեռներին, ինչպես ձյունը լեռան և կաթիլը ջրի հետ: Այդ կաթիլները, ինչպես մթության մեջ փայլող աչքեր, հաճախ կյանքի ու մահվան առկայծումներ են Էգերի կյանքում: Արդիականացումը նորակառույց ճոպանուղու հետ արդեն մուտք է գործել այս հեռավոր հովիտ, բայց Անդրեաս Էգերի տարիները, որոնք վերուվար են սահում, մնում են անփոփոխ, ինչպես ձյունե լեռները:",16.0,"Դրամա, Ֆանտաստիկա"
1269,Լույսը ձախ կողմից,Հենրիկ Էդոյան,https://zangakbookstore.am/media/products/300x0/0e5d944b98b491020038587f5764f51b.png,https://zangakbookstore.am/luysy-dzakh-kokhmits,Ժողովածուն ընդգրկում է Հենրիկ Էդոյանի 2016-2018 թվականներին գրված բանաստեղծությունները:,16.0,"Պոեզիա, Ժամանակակից"
1270,Գնացք դեպի Արևմուտք,Արտյոմ Գրիգորյան,https://zangakbookstore.am/media/products/300x0/95496b96db04a3688e9415ce3f5e6145.jpg,https://zangakbookstore.am/gnatsq-depi-arevmutq,"Երեխաների երեւակայության ֆենոմենի ամենամռայլ եւ ամենաարտասովոր կերպարներն ու դեպքերը թաղ վում են հասունությամբ եւ շնչում հուշերում: 
Ինչը կարող է վերադարձնել նրանց: Առեղծվածային անցյալը տասնչորս տարի անց վերադառնում է՝ մեկ ընդհանուր պատմության շուրջ միավորելով յոթ տարբեր ճակատագրեր: 
«Գնացք դեպի Արեւմուտք»-ը ֆանտաստիկա չէ, սա վեպ է, որում ընթերցողը հնարավորություն ունի հետեւելու դինամիկ եւ լարված սյուժեին՝ որսալով այն սահմանագիծը, որտեղ ավարտվում է իրականությունը եւ սկսվում միստիկան:",16.0,"Ֆանտաստիկա, Դրամա"
1271,Սերը պատերազմի կրակներում,Ժաննա Հակոբյան,https://zangakbookstore.am/media/products/300x0/659875d37b165efe50362ad653d458e6.jpg,https://zangakbookstore.am/sery-paterazmi-kraknerum,,16.0,Unknown
1272,Սին: անհաղորդություն,Առաքել Սեմիրջյան,https://zangakbookstore.am/media/products/300x0/da68db28dd42dc59e5402e0479b88b8e.jpg,https://zangakbookstore.am/sin-anhakhordutyun,,16.0,Unknown
1273,Բրուտի երկրորդ աշակերտը,Հովհաննես Երանյան,https://zangakbookstore.am/media/products/300x0/5fb0868cdb72384e3202a47a2a82f890.jpg,https://zangakbookstore.am/bruti-erkrord-ashakerty,,16.0,Unknown
1274,Չորս խոսք Վահագն Գրիգորյանին,Երվանդ Տեր-Խաչատրյան,https://zangakbookstore.am/media/products/300x0/789732dc57837c133f62987d047b5d29.jpg,https://zangakbookstore.am/chors-khosq-vahagn-grigoryanin,,16.0,Unknown
1275,Երրորդ աղջիկը,Ագաթա Քրիստի,https://zangakbookstore.am/media/products/300x0/2a74ee03497788a6f07f293c3759dd0b.jpg,https://zangakbookstore.am/errord-akhjiky,"«Երրորդ աղջիկը» վեպն առաջին անգամ տպագրվել է 1966-ին։
Այս անգամ Էրքյուլ Պուարոյին սովորականից առավել տարօրինակ մի գործ է սպասում գլուխ բերել, քանի որ ամեն բան սկսվում է անսպասելի այցելուի՝ Նորմա Ռեսթրիքի ասած մի պարզ, բայց միևնույն ժամանակ առաջին հայացքից անհեթեթ թվացող նախադասությունից. «Հնարավոր է՝ սպանություն եմ գործել»։ Ու թեև հենց նույն պահին աղջիկը հրաժարվում է Պուարոյի ծառայություններից՝ համարելով նրան շատ ծեր, վերջինս որոշում է պարզել ճշմարտությունը։ Ու ամեն բացահայտված նոր փաստ, որ իրականում ավելի ու ավելի է խճճում առաջին հայացքից պարզ թվացող իրադարձությունների շարքը, գործի հետ առնչություն ունեցող մարդկանց ով լինելն ու նրանց արարքների դրդապատճառները, ի վերջո օգնում է Պուարոյին այդ մեծ գլուխկոտրուկի յուրաքանչյուր մասնիկ դնել իր տեղում, և ընթերցողի առջև հայտնվում է լիովին անսպասելի մի պատկեր։",12.0,"Դետեկտիվ, Առեղծված"
1276,Մեռնող կենդանին,Ֆիլիպ Ռոթ,https://zangakbookstore.am/media/products/300x0/9f5ed963a68876688f8a08b041de00d9.jpg,https://zangakbookstore.am/mernokh-kendanin,"Պրոֆեսորի և նրա ուսանողուհու սիրավեպի շուրջ հյուսված այս պատումը շոշափում է Ֆիլիպ Ռոթ գրողի համար հույժ կարևոր այնպիսի թեմաներ, ինչպիսիք են կյանքն ու մահը, անհատի ազատությունն ու մարդկանց կաղապարված մտածողությունը, սերն ու սեքսը: 2001-ին լույս տեսած վեպը լիովին հաստատում է Միլան Կունդերայի այն բնութագիրը, թե «Ռոթը ժամանակակից էրոտիկայի մեծ պատմագիրն է»:",16.0,"Դրամա, Կենսագրություն"
1277,Վկայություն,Հրանտ Ալեքսանյան,https://zangakbookstore.am/media/products/300x0/82c9a26252243bd3007d404c6e4fd279.jpg,https://zangakbookstore.am/vkayutyun,Հրանտ Ալեքսանյանի նոր ժողովածուում ամփոփված են վերջին տարիների ստեղծագործությունները: Բանաստեղծի հայեցումներն առավելապես սևեռված են ազգային տարուբերումներին և անհատի դիմակայությանը։ Զգալի տեղ են զբաղեցնում նաև արդի ու պատմական ժամանակների փոխհյուսված պատկերավորումները: Գիրքը բաղկացած է յոթ բաժնից։,16.0,"Պոեզիա, Պատմական գեղարվեստական գրականություն"
1278,Ներսը և դուրսը․ բանաստեղծություններ,Զավեն Բեկյան,https://zangakbookstore.am/media/products/300x0/9eeadbd06a6e7e019a5e60974cfbfba5.jpg,https://zangakbookstore.am/nersy-ev-dursy-banastekhtsutyunner,"Ժողովածուն ընդգրկում է Զավեն Բեկյանի՝ տարբեր տարիներին մամուլում հրապարակված, ինչպես նաև անտիպ խոհագրությունները, հոդվածներին ու գրախոսությունները։",,"Պոեզիա, Կենսագրություն"
1279,ա-մսագիր / #19(25) /2024,,https://zangakbookstore.am/media/products/300x0/92fb8f23f0beeccc3f3c47fc9ff35d98.jpeg,https://zangakbookstore.am/a-msagir-1925-2024,,16.0,Unknown
1280,"Ցտեսություն, Լիլիկ",,https://zangakbookstore.am/media/products/300x0/933f4415a0e1f11517d0269b577ea849.jpeg,https://zangakbookstore.am/tstesutyun-lilik,,16.0,Unknown
1281,Սպիտակ գիշերներ,Ֆյոդոր Դոստոևսկի,https://zangakbookstore.am/media/products/300x0/961acbd0ea4038936160dd34d2e58650.jpeg,https://zangakbookstore.am/spitak-gisherner,,16.0,Unknown
1282,Վաչագան Վարդանյան․ Երկերի ժողովածու երկու հատորով,Վաչագան Սարգսյան,https://zangakbookstore.am/media/products/300x0/4fe531ebfa5a4287e99ea1fb86fecd63.jpeg,https://zangakbookstore.am/vachagan-vardanyan-erkeri-zhokhovatsu-erku-hatorov,,16.0,Unknown
1283,Սրտի աչքը,Ռուզան Միրզոյան,https://zangakbookstore.am/media/products/300x0/554b63baa65f69f7a7a01bba990daabf.jpeg,https://zangakbookstore.am/srti-achqy,,16.0,Unknown
1284,"Սահմանից հարավ, արեգակից արևմուտք",Հարուկի Մուրակամի,https://zangakbookstore.am/media/products/300x0/28fe4477b292b81c700f332bfcc6b585.jpeg,https://zangakbookstore.am/sahmanits-harav-aregakits-arevmutq,,16.0,Unknown
1285,Սեղանի գիրք,Պոլինա Ղուլյան,https://zangakbookstore.am/media/products/300x0/31e110707e1aee4b381ffb02534c4d90.jpeg,https://zangakbookstore.am/sekhani-girq,,16.0,Unknown
1286,Մեզ անծանոթ Վարդանանց պատերազմը,Համլետ Դավթյան,https://zangakbookstore.am/media/products/300x0/c5f16b69adda50404527f00759443fba.jpg,https://zangakbookstore.am/mez-antsanot-vardanants-patreazmy,"Գրքում նորովի է լուսաբանված Հայաստանյայց Առաքելական եկեղեցու դերակատարությունը հայ ժողովրդի կյանքում։ Եկեղեցին, ի սկզբանե ձգտելով առանձնահատուկ դիրքի, իր գործունեությունը նպատակաուղղել է հոգևոր իշխանության ամրապնդմանն ու հայության նկատմամբ բացարձակ իրավունքների ձեռքբերմանը, ինչը հաճախ հանգեցրել է պետականության թուլացմանն ու ի վերջո կորստին, իսկ հայ ժողովուրդը վերածվել է պարզապես եկեղեցու շուրջ համախմբված կրոնական համայնքի։ Այդ ամենի հետևանքներն առ այսօր զգալի են։ Միանգամայն նոր մեկնաբանություններ են տրված Վարդանանց պատերազմի, Ավարայրի ճակատամարտի պատճառներին ու հետևանքներին առնչվող հարցերին, Վարդան Մամիկոնյանի և Վասակ Սյունու կերպարներին։",16.0,"Պատմական գեղարվեստական գրականություն, Կենսագրություն"
1287,Չիլիական նոկտյուրն,Ռոբերտո Բոլանյո,https://zangakbookstore.am/media/products/300x0/b530f455f687a66251be4a03478d00c2.jpeg,https://zangakbookstore.am/chiliakan-noktyurn,,16.0,Unknown
1288,ա-մսագիր #18(24) / 2024/1,,https://zangakbookstore.am/media/products/300x0/10e6b1d486038c4ea68a9e993d25428a.jpeg,https://zangakbookstore.am/a-msagir-1824-20241,,18.0,Unknown
1289,Նիգյար,Նիգյար Մհերյան,https://zangakbookstore.am/media/products/300x0/e97728d48c4bef12ebbdebb0d611b7a2.jpg,https://zangakbookstore.am/nigyar,,16.0,Unknown
1290,Նոր դարի ժառանգները,Միքայել Այգենց,https://zangakbookstore.am/media/products/300x0/43cc17e1214701604883f3eab93cbc20.jpeg,https://zangakbookstore.am/nor-dari-zharangnery,,16.0,Unknown
1291,Ագռավաքար,Վրեժ Սարուխանյան,https://zangakbookstore.am/media/products/300x0/174489eb570e8276fdb83eb0c290b36b.jpg,https://zangakbookstore.am/agravaqar-1,,16.0,Unknown
1292,Իսկ եթե դա ճիշտ էր․․․,Մարկ Լևի,https://zangakbookstore.am/media/products/300x0/b0f55af26628ba7f6464e0eefa633db0.jpg,https://zangakbookstore.am/isk-ete-da-chisht-er,"Ֆրանսիացի գրող Մարկ Լևիի առաջին գիրքն է. լույս է տեսել 2000 թվականին՝ նրան արժանացնելով «Գոյա-առաջին վեպ» մրցանակի: Այն մեծ հետաքրքրություն է առաջացրել ընթերցողների շրջանում և համարվում է ամենից շատ վաճառվող գրքերից մեկը: Միայն 2003 թ. Ֆրանսիայում վաճառվել է 212800 օրինակ:

Վեպի հիմքում կոմայի առեղծվածն է՝ ֆիզիկապես «մահացած» ուղեղով մարդու գիտակցական կյանքի շարունակությունը, հոգու գոյության զարմանալի խորհրդավոր երևույթը: Վեհանձնության, սիրո, նվիրվածության, մարդասիրության լավագույն դրսևորումներով են օժտված վեպի գլխավոր հերոսները:",16.0,"Դրամա, Գիտական ​​ֆանտաստիկա"
1293,Երեկոյան ժամերգություն,Թրեվոր Զահրա,https://zangakbookstore.am/media/products/300x0/9a0e3f25bde7c77835a9ecc6f6774930.jpg,https://zangakbookstore.am/erekoyan-zhamergutyun,,16.0,Unknown
1294,Հաուլի քայլող ամրոցը,Դիանա Ուին Ջոնս,https://zangakbookstore.am/media/products/300x0/f508720a00aa26859fe61d15d9b1c1de.jpeg,https://zangakbookstore.am/hauli-qaylokh-amrotsy,,8.0,Unknown
1295,Կիլիկյան Հայաստանի երևելիները,Հայկ Խաչատրյան,https://zangakbookstore.am/media/products/300x0/b973a53bbd34b995866e2ade93c27a65.jpg,https://zangakbookstore.am/kilikyan-hayastani-erevelinery,"Պատմավեպում արտացոլվում է Փոքր Ասիայի հարավ-արևելքում, Միջերկրական ծովի հյուսիսարևելյան ափին 1080-1375 թվականներին գոյատևած Կիլիկյան Հայաստանի գեղարվեստական պատմությունը, հայկական պետական ինքնության համար կիլիկիահայերի երեք հարյուր տարվա հերոսամարտը աշխարհի զորեղների դեմ:",16.0,"Պատմական գեղարվեստական գրականություն, Կենսագրություն"
1296,Տրդատ Մեծի խաչը,Հայկ Խաչատրյան,https://zangakbookstore.am/media/products/300x0/1563bdd0aada9441200c6b09b8b4879d.jpg,https://zangakbookstore.am/trdat-metsi-khachy,"Պատմավեպի դեպքերը տեղի են ունենում 301-305 թվականներին, երբ քրիստոնեությունը Հայաստանում հաստատվում է որպես պետական կրոն և հին ու նոր հավատները բախվում են իրար: Վեպի հերոսը, որը մեծ ցնցումից ձեռք է բերում գանձեր հայտնաբերողի հատկություն, ընկնելով արկածային այլազան իրավիճակների մեջ, հանգում է այն համոզման, որ ոսկին և ամեն տեսակ գանձ եղծում են մարդկային հոգին, մարդուն հեռացնում մարդկայինից: Երջանկությունը պիտի որոնել միայն հոգու մաքրության ակունքներում-սա է գրքի գաղափարական հենքը:",16.0,"Ֆանտաստիկա, Դրամա"
1297,Փնտրիր ներսում,Հայկ Բաղդյան,https://zangakbookstore.am/media/products/300x0/2ab7d2a144904d642e6bbde379f552a9.jpeg,https://zangakbookstore.am/pntrir-nersum,,16.0,Unknown
1298,Եղնիկներ,Ոսկեհատ Հովհաննիսյան,https://zangakbookstore.am/media/products/300x0/a25927c916d5b3ef92eb3bafebba7ebb.jpg,https://zangakbookstore.am/ekhnikner,,16.0,Unknown
1299,Բանաստեղծություններ․ Սարգիս Գալոյան,Սարգիս Գալոյան,https://zangakbookstore.am/media/products/300x0/e368c4373b3e5c50432c3207a27249f9.jpg,https://zangakbookstore.am/banastekhtsutyunner-sargis-galoyan,,16.0,Unknown
1300,Լուռ վկան,Ագաթա Քրիստի,https://zangakbookstore.am/media/products/300x0/3c035cb70e78052b4187784d2b34ac33.jpg,https://zangakbookstore.am/lur-vkan,"Ագաթա Քրիստիի «Լուռ վկան» վեպը առաջին անգամ հրատարակել է Անգլիայի Collins Crime Club-ը 1937 թվականին: Նույն տարում հրատարակվել է նաև Միացյալ Նահանգներում՝ «Պուարոն հաճախորդ է կորցնում» վերնագրով: Վեպում հանրահայտ բելգիացի խուզարկու Էրքյուլ Պուարոն փորձում է պարզել, թե ով է սպանել ծեր միսս Արնդելին, իսկ այդ ամենն ընթերցողին ներկայացնում է կապիտան Արթուր Հասթինգսը:",16.0,"Դետեկտիվ, Առեղծված"
1301,Անտոն,Սվետլանա Կարապետյան,https://zangakbookstore.am/media/products/300x0/edc3452fe98dd32873bd9f80f779bf5b.jpeg,https://zangakbookstore.am/anton,,16.0,Unknown
1302,Զաքարե,Տիգրան Պետրոսյանց,https://zangakbookstore.am/media/products/300x0/50aa12c8b4fa1fdaf0aa51026a1f402a.jpg,https://zangakbookstore.am/zaqare,,16.0,Unknown
1303,10 րոպե 38 վայրկյան այս տարօրինակ աշխարհում,Էլիֆ Շաֆաք,https://zangakbookstore.am/media/products/300x0/c4b8e24d6bf05e8ee804a824164b58fc.jpg,https://zangakbookstore.am/10-rope-38-vayrkyan-ays-tarorinak-ashkharhum,"Գիրքը ներկայացնում է Տեկիլա Լեյլայի հիշողությունները դաժան սպանությունից հետո, երբ սիրտը դադարում է բաբախել, բայց միտքը դեռ արթուն է ևս 10 րոպե և 38 վայրկյան: Մտքում սավառնում են հուշերը վաղ մանկության և պատանեկության տարիների, հավատարիմ ընկերների ու կորցրած սիրո մասին՝ պարուրված ծանոթ դառն ու քաղցր բույրերով ու համերով:",16.0,"Ռոմանս, Դրամա"
1304,Noli Nocere,Արմեն Եգանյան,https://zangakbookstore.am/media/products/300x0/97897a7f6f1eaa208a34c64b7e8ef337.jpeg,https://zangakbookstore.am/noli-nocere,,16.0,Unknown
1305,Մարմար,Հասմիկ Մելիք-Սարգսյան,https://zangakbookstore.am/media/products/300x0/af8eaee879ccbc2ffc2da7d7a662c146.jpeg,https://zangakbookstore.am/marmar,,16.0,Unknown
1306,Վարպետը և Մարգարիտան․ նոր,Միխայիլ Բուլգակով,https://zangakbookstore.am/media/products/300x0/7caeedefec4157f1772b02f5e650f4d0.jpg,https://zangakbookstore.am/varpety-ev-margaritan-nor,"Ռուս մեծ գրողի դարակազմիկ այս վեպի հայերեն նոր հրատարակությունն ընթերցողին է ներկայացվում վերամշակված թարգմանությամբ, հարուստ ծանոթագրություններով և Արմեն Աթանյանի՝ վեպի թեմաներով արված կտավների վերատպություններով:",16.0,"Պոեզիա, Կենսագրություն"
1307,Թալինթ Պֆեսթ,Գևորգ Տեր-Գաբրիելյան,https://zangakbookstore.am/media/products/300x0/e83417d006fef2656acae9060694594c.jpeg,https://zangakbookstore.am/talint-pfest,,16.0,Unknown
1308,Խորհրդավոր բանալին. Ագաթա Օդլի,Լինա Ջոնս,https://zangakbookstore.am/media/products/300x0/eb6b5b278f338d8336d41ca1ba8431e1.jpeg,https://zangakbookstore.am/khorhrdavor-banalin-agata-odli,,8.0,Unknown
1309,Հայուհին,Ծովինար Խաչատրյան,https://zangakbookstore.am/media/products/300x0/41e933ca3bec37badd5f9501459817f1.jpeg,https://zangakbookstore.am/hayuhin,,16.0,Unknown
1310,Թերեզան,Զավեն Օհանյան,https://zangakbookstore.am/media/products/300x0/b4185029f3b4fec8779e2118fae422b7.jpg,https://zangakbookstore.am/terezan,,16.0,Unknown
1311,Արթնացնող ժամացույց,Պարույր Սևակ,https://zangakbookstore.am/media/products/300x0/cc8933a424e7d8033ba6444c10be8723.jpg,https://zangakbookstore.am/artnatsnokh-zhamatsuyts,,16.0,Unknown
1312,Жизни любви родина моя,Հովհաննես Ալեքյան,https://zangakbookstore.am/media/products/300x0/eb6d72c17940df2f95d6a8349fbf6e13.jpg,https://zangakbookstore.am/zhizni-lyubvi-rodina-moya,,16.0,Unknown
1313,Դժոխքի արահետներով,Վաղարշակ Շահինյան,https://zangakbookstore.am/media/products/300x0/8096d4a9d305285abbbbccdddc8cbe46.jpg,https://zangakbookstore.am/dzhokhqi-arahetnerov,,16.0,Unknown
1314,Կայեն,Ժոզե Սարամագու,https://zangakbookstore.am/media/products/300x0/7727066884e3573d8a5b981cf0cd188b.jpg,https://zangakbookstore.am/kayen,"Ժոզե Սարամագուի «Կայեն» վեպը Կայենի ու Աբելի մասին աստվածաշնչյան պատմության յուրաբնույթ վերարտադրումն է, որտեղ հեղինակը ներկայացնում է դեպքերի իր մեկնաբանությունը՝ անցկացնելով դրանք մարդկային զգացմունքների և բարոյական երկընտրանքների պրիզմայով: Վեպն աստվածաշնչյան պատմությունների բազմաշերտ խճանկար է, որ մարդկային էության, մեղքի և բարոյականության մասին խոր մտորումների և ներքին բանավեճերի տեղիք է տալիս:",16.0,"Դրամա, Կենսագրություն"
1315,Ցասում,Ալեքս Մայքլիդիս,https://zangakbookstore.am/media/products/300x0/41ddae5576ab565613236f241139dc46.jpg,https://zangakbookstore.am/tsasum,"Հին ընկեր, նախկին կինոաստղ Լանա Ֆարրարը մեր խմբին հրավիրում է փոքրիկ կղզի՝ ժամանակ անցկացնելու:

Եղանակը տաք կլինի, արևոտ: Հանգստանալու և շփվելու հրաշալի հնարավորություն կստեղծվի։ Եվ, ո՞վ գիտե, գուցե որոշ գաղտնիքներ ջրի երես դուրս գան հունական այս դրախտում: Չէ՞ որ այս մասնավոր կղզում ամեն ինչ այնպես չէ, ինչպես թվում է. ո՛չ Լանան, ո՛չ նրա հյուրերը, ոչ էլ, հաստատ, մարդասպանը, որը ցասումով հյուսում է իր հանցանքի ծրագիրը: 

Բայց ո՞վ եմ ես:

Անունս Էլիոթ Չեյզ է, ու ես ձեզ կպատմեմ ամեն ինչ: Այսպիսի պատմություն դուք երբեք չեք լսել:",16.0,"Ֆանտաստիկա, Դրամա"
1316,Երջանկության օազիսը. Оазис счастья,Իվետ Ալեքսանդեր,https://zangakbookstore.am/media/products/300x0/f01bcc4b916085b624bfb556a9dec208.jpg,https://zangakbookstore.am/erjankutyan-oazisy-oazis-schastya,,16.0,Unknown
1317,Ճանապարհ դեպի հավերժություն,Ամալյա Աթոյան,https://zangakbookstore.am/media/products/300x0/80e3c5667f79bf2e57be71b401573203.jpg,https://zangakbookstore.am/chanaparh-depi-haverzhutyun,,16.0,Unknown
1318,"Նրան, ով նամակներ չի կարդում",Օֆելի Դալաքյան,https://zangakbookstore.am/media/products/300x0/80f6e4fa826c704f5bedce5dabb2cd9d.jpeg,https://zangakbookstore.am/nran-ov-namakner-chi-kardum,,16.0,Unknown
1319,Սերը կգտնի քեզ,Օֆելի Դալաքյան,https://zangakbookstore.am/media/products/300x0/0094d26f110881552f1522004f256dda.jpeg,https://zangakbookstore.am/sery-kgtni-qez,,16.0,Unknown
1320,Ընտրանի։ Պոետիկ օրագիր,Լիլիթ Սարգսյան,https://zangakbookstore.am/media/products/300x0/b7b9ff57c914988741a4afdbfe6cf838.jpeg,https://zangakbookstore.am/yntrani-poetik-oragir,,16.0,Unknown
1321,Հոգու Անատոմիա,Սոնա Աղաբաբյան,https://zangakbookstore.am/media/products/300x0/9d6a4be925decbc1aea2f961955d4e8a.jpeg,https://zangakbookstore.am/hogu-anatomia,,16.0,Unknown
1322,Վերադարձ,Վառլեն Ալեքսանյան,https://zangakbookstore.am/media/products/300x0/269c76109e71ebc613539e3e320fc516.jpeg,https://zangakbookstore.am/veradardz-5,,16.0,Unknown
1323,Վիպական ժամանակների կնճիռը,Վառլեն Ալեքսանյան,https://zangakbookstore.am/media/products/300x0/eb6f4fad95a5f4e695577a6ed3618471.jpeg,https://zangakbookstore.am/vipakan-zhamanakneri-knchiry,,16.0,Unknown
1324,Իմ խենթ երազանք,Ալեքս Այվազյան,https://zangakbookstore.am/media/products/300x0/b1d46f6f07f26e65adf7b35b67272f98.jpg,https://zangakbookstore.am/im-khent-erazanq,,16.0,Unknown
1325,ՆորԵրգ․ բանաստեղծությունների ժողովածու,Աշոտ Ավետիսյան,https://zangakbookstore.am/media/products/300x0/3542f6d0f566b24a8a9d88ab5267bf21.jpg,https://zangakbookstore.am/norerg-banastekhtsutyunneri-zhokhovatsu,,16.0,Unknown
1326,44 կյանք,Մարիանա Մարուքյան,https://zangakbookstore.am/media/products/300x0/f7560394ac6186ba57f852711350efe1.jpeg,https://zangakbookstore.am/44-kyanq,,16.0,Unknown
1327,Դիմադրություն,Արամ Տեր-Սահակյան,https://zangakbookstore.am/media/products/300x0/c3d319be91dfc2c65a42a1dd52256247.jpeg,https://zangakbookstore.am/dimadrutyun,,16.0,Unknown
1328,Շեմին - կոշտ,Դավիթ Հակոբյան,https://zangakbookstore.am/media/products/300x0/23c52232341016c40db0be8329334c57.jpeg,https://zangakbookstore.am/shemin-kosht,,16.0,Unknown
1329,Շեմին - փափուկ,Դավիթ Հակոբյան,https://zangakbookstore.am/media/products/300x0/eea8e3e229e3c96f6666e091c5004e01.jpeg,https://zangakbookstore.am/shemin-papuk,,16.0,Unknown
1330,Две столицы: Мосва-Ереван Երկու մայրաքաղաքներ։ Մոսկվա-Երևան,,https://zangakbookstore.am/media/products/300x0/3fca351083238ee63a41de4803c98161.jpeg,https://zangakbookstore.am/dve-stolitsi-mosva-erevan-erku-mayraqakhaqner-moskva-erevan,,16.0,Unknown
1331,Արա Գեղեցիկ և Շամիրամ,Զորայր Խալափյան,https://zangakbookstore.am/media/products/300x0/fa627f70ca94458b2208fdb64916aa89.jpg,https://zangakbookstore.am/ara-gekhetsik,"Թեպետ «Արա Գեղեցիկ և Շամիրամ» վիպասքը հեղինակն անվանել է սիրավեպ, սակայն այն հավասարապես դիտարկելի է նաև պատմավեպի ժանրային տիրույթում: Գրականագիտության մեջ այս վեպի առիթով կիրառվել է «դիցաբանական սիրավեպ» ժանրային բնորոշումը: Ըստ էության, այս վեպում Զորայր Խալափյանը մի կողմից՝ ընդարձակում է մեզ հայտնի առասպելի այսպես կոչված՝ սյուժետային սահմանները՝ փորձելով ստեղծել նոր ու ճշմարտանման առասպել, մյուս կողմից՝ վեպի բազմաթիվ կերպարներ ու իրադարձություններ հավաստի են՝ այդ կերպ առասպելի ստեղծումը վերածելով նաև պատմության գեղարվեստականացման:",14.0,"Պատմական գեղարվեստական գրականություն, Կենսագրություն"
1332,Հավաքորդը,Ջոն Ֆաուլզ,https://zangakbookstore.am/media/products/300x0/59ead926ffe9d6133c46edede4adf09a.jpg,https://zangakbookstore.am/havaqordy,"Եվրոպական գրականության հռչակավոր նմուշների մեկը՝ «Հավաքորդը», Ջոն Ֆաուլզի առաջին հրատարակված վեպն է, որը մեծ համբավ բերեց նրան՝ համեստ դասավանդողից վերածելով լուրջ գրողի: Ձևով սա կամերային հոգեբանական թրիլեր է (թիթեռների հավաքորդ մոլագարն առևանգում է իր հավանած աղջկան՝ ապագա նկարչուհու, և փակի տակ պահում նրան՝ ասես դարձնելով իր հավաքածուի ամենակարևոր նմուշը), բայց հեղինակը սյուժետային այս հենքի վրա հմուտ ճարտարապետի պես բազմաշերտ կառույց է բարձրացրել: Հերոսների սուր անտագոնիզմը մի շարք պլաններ ունի՝ սոցիալական (դասային անհավասարություն), հոգեբանական, գրական ու մշակութաբանական (զուգորդում Շեքսպիրի «Փոթորիկ» պիեսի հետ, դատողություններ արվեստի, մասնավորապես կերպարվեստի մասին) և ընդգրկուն փիլիսոփայական ասպեկտներ: Ի լրումն՝ գիրքը գրված է մերթ մի, մերթ էլ մյուս կերպարի անունից, որոնք լիովին տարբեր մարդիկ են իրենց աշխարհընկալմամբ ու պատկերացումներով:",16.0,"Կենսագրություն, Դրամա"
1333,Նիկողոս Սարաֆեան․ Ի խույզ կորուսյալ միջավայրի,Դավիթ Մոսինյան,https://zangakbookstore.am/media/products/300x0/ca4d45656cd82b126ac134fdc212b710.jpg,https://zangakbookstore.am/nikokhos-sarafean-i-khuyz-korusyal-mijavayri,,16.0,Unknown
1334,Ակորդներ պատերազմի սիմֆոնիայից,Նոնա Բադալյան,https://zangakbookstore.am/media/products/300x0/43eb19184073c72094292125d4939593.jpg,https://zangakbookstore.am/akordner-paterazmi-simfoniayits,,16.0,Unknown
1335,Սիրո և այլ դևերի մասին,Գաբրիել Գարսիա Մարկես,https://zangakbookstore.am/media/products/300x0/4e9f6707a7f891ca165f6ad820b34814.jpg,https://zangakbookstore.am/siro-ev-ayl-deveri-masin,"XVIII դարի ստրկատիրական Ամերիկայի շքեղության և անկման մեջ է հյուսվել Սյերվա Մարիայի՝ 12-ամյա մարքիզուհու տխուր պատմությունը, որը տատի միջոցով փոխանցվել է մեծանուն գրողին և դարձել վեպ: Ծնվելուց ի վեր ծնողներից մերժված փոքրիկ մարքիզուհին կատաղած շան կծոցի պատճառով ընկնում է դիվահարության կասկածի տակ, փակվում մենաստանում և իր ապրած կարճ կյանքի ընթացքում բախվում ժամանակի նախապաշարմունքներին ու տգիտությանը, կրոնավորների անհասկացողությանն ու անողոքությանը, Ինկվիզիցիայի սարսափներին ու անհույս սիրո անսահման ցավին։",16.0,"Ռոմանս, Թրիլլեր"
1336,Խոսքի գույնը - Цвет слова,Նոնա Գաբրիելյան,https://zangakbookstore.am/media/products/300x0/5c2640c006e7e0d83a9353e3f5d2612d.jpeg,https://zangakbookstore.am/khosqi-guyny-tsvet-slova,,16.0,Unknown
1337,Հուշատետրը,Նիկոլաս Սփարքս,https://zangakbookstore.am/media/products/300x0/1579b5f953b31304d565c8e1c641fd31.jpg,https://zangakbookstore.am/hushatetry,,16.0,Unknown
1338,Հաֆեզ․ Գազելներ,Հաֆեզ,https://zangakbookstore.am/media/products/300x0/162c0d0c6a8231703e6ca4f4b7e30b4c.jpeg,https://zangakbookstore.am/hafez-gazelner,,16.0,Unknown
1339,Օմար Խայյամ․ Քառյակներ,Օմար Խայամ,https://zangakbookstore.am/media/products/300x0/b09885a85547cd4316a01b6d3345fcfb.jpeg,https://zangakbookstore.am/omar-khayyam-qaryakner,,16.0,Unknown
1340,Եռագույն խոհեր,Ռուզան Միրզոյան,https://zangakbookstore.am/media/products/300x0/adade92a7b8572d1ba681f2fd75d2045.jpeg,https://zangakbookstore.am/eraguyn-khoher,,16.0,Unknown
1341,Առաջին օրը գյուղում,Ռուզան Միրզոյան,https://zangakbookstore.am/media/products/300x0/75df6b7c842d2ee7275d2cd1188a32d9.jpeg,https://zangakbookstore.am/arajin-ory-gyukhum,"The collaborative work of Tom Apostol and Mamikon Mnatsakanian has been lauded for its clarity and originality. In this volume the authors present an impressive collection of geometric results that reveal surprising connections between lengths, areas and volumes in various shapes, and allow one to compute difficult integrals, all using intuitive visual calculations. One noteworthy idea that the reader will encounter is Mamikon's Sweeping Tangent Theorem from which the authors obtain a visual derivation of the property that the length of an arc of a catenary is proportional to the area under the arc. This is one of many 'proofs without words' contained within. In addition, a variety of results are derived visually for cycloids, conic sections, and many more geometric objects. As befits a book that emphasises visual thinking, the text is beautifully illustrated. This is a book that will inspire students and enrich any geometry or calculus course.",16.0,"Երիտասարդական, Պատմական գեղարվեստական գրականություն"
1342,Արտավազդ - կոշտ,Հայկ Խաչատրյան,https://zangakbookstore.am/media/products/300x0/1328ec37eda7990d8a5ae6df0b10c2c0.jpg,https://zangakbookstore.am/artavazd,,14.0,Unknown
1343,Սրտի թևերով,Ալինա Ռոբերտի,https://zangakbookstore.am/media/products/300x0/57190646aa8ec7435d9afe97c7335720.jpeg,https://zangakbookstore.am/srti-teverov,,16.0,Unknown
1344,Զորաց գանձեր,Երազամոյն,https://zangakbookstore.am/media/products/300x0/95209c277895228d60da2c45fd2ba594.jpeg,https://zangakbookstore.am/zorats-gandzer,"Վահագի քննասիրությունը նրան անսպասելիորեն ներքաշում է գանձախուզության՝ սրընթաց զարգացող արկածների մեջ։ Գերբնական զորություններ խոստացող գանձերը գտնելու համար հերոսն իր հավատարիմ ընկերոջ հետ ստիպված է լինում լուծել բազում առեղծվածներ ու բացահայտել թաքնախորհուրդ եղբայրության կողմից հազարամյակներ իվեր մայրաքաղաքում կոծկած դարավոր գաղտնիքները։ Գաղտնազերծված առեղծվածների տված գիտելիքները մեկընդմիշտ փոխում են նրանց իրականությունը ու աշխարհընկալումը՝ դրդելով ընկերներին վտանգավոր, բայց գրավիչ հակամարտության, որը շարունակվում է հազարամյակներ ու պիտի ավարտվի իրական բարու հաղթանակով։ Հերոսների հետ ճանապարհորդի՛ր ժամանակի հոսքով դեպի անցյալի գաղտնիքները, գտի՛ր Զօրաց Գանձերը, քողազերծի՛ր պահապան հսկաներին, բացահայտի՛ր իրականության սքողված դարձերեսը ու ձևավորի՛ր ապագայի նոր իրականությունը քո պատկերացմամբ։ Ժանրերը՝ Գիտաֆանտաստիկ, կոնսպիրատիվ, էզոթերիկ, դետեկտիվ, քվեսթ։",14.0,"Արկածային, Թրիլլեր"
1345,Մոռացված սպանություն,Ագաթա Քրիստի,https://zangakbookstore.am/media/products/300x0/ca1349308d986e4440bdd5046991cdd6.jpg,https://zangakbookstore.am/moratsvats-spanutyun,"«Մոռացված սպանությունը» Ագաթա Քրիստիի հերթական վեպերից է, որում հանդես է գալիս միսս Մարփլը: Այն նաև վերջին վեպն է՝ հետմահու հրատարակված:

Գվենդա Ռիդն ամուսնու հետ որոշում է տուն գնել Անգլիայում: Բայց երիտասարդ աղջիկը կասկածում է, որ նա ժամանակին ապրել է այդ տանը և նույնիսկ տեսել՝ ինչպես է այդ տանը սպանություն կատարվում: Աղջիկն արդեն սկսում է կարծել, թե խելագարվում է, մինչդեռ միսս Մարփլը համոզված է, որ սպանություն եղել է, և օգնում է երիտասարդ զույգին թույլ չտալ, որ անցյալում կատարված սպանությունը մնա չբացահայտված:",14.0,"Դետեկտիվ, Առեղծված"
1346,Երջանիկներն ընթերցում են և սրճում,Անյես Մարտեն-Լյուգան,https://zangakbookstore.am/media/products/300x0/d7d637391291013593f67a863e30017e.jpg,https://zangakbookstore.am/erjaniknern-yntertsum-en-ev-srchum,"Այս պատմությունն անտարբեր չի թողնի սիրային դրամայի սիրահարներին: 30-ամյա Դիանան դժբախտ պատահարի հետեւանքով կորցնում է ամուսնուն և  5-ամյա դստերը: «Երջանիկները ընթերցում են եւ սրճում» անունով գրական սրճարան ունեցող կնոջ համար կյանքը նույն պահին վերջանում է: Ինչպե՞ս ամոքել վիշտը, երբ ապրելու փոխարեն երազում ես մեռնել: Հոգեբան Անյես Մարտեն-Լյուգանը, այս վեպը գրելիս, գործի է դրել իր մասնագիտական հմտություններն ու ներթափանցել իր ստեղծած կերպարի հոգեվիճակի մեջ՝ ներկայացնելով փխրուն կնոջ ապրումների բոլոր երանգները:",16.0,"Դրամա, Ռոմանս"
1347,Տիգրան Մեծ,Հայկ Խաչատրյան,https://zangakbookstore.am/media/products/300x0/e4165ec1a0bf78d7a8608efc308d30c9.jpg,https://zangakbookstore.am/tigran-mets-3,,14.0,Unknown
1348,Ընկեր գինին և եղբայր ծխախոտը,Նշան Պէշիկթաշլեան,https://zangakbookstore.am/media/products/300x0/0e83cb8b63f54665f81f634072b4b1e6.jpg,https://zangakbookstore.am/ynker-ginin-ev-ekhbayr-tskhakhoty,,16.0,Unknown
1349,Խինդ ու սեր,Արթուր Օհանյան,https://zangakbookstore.am/media/products/300x0/5fbb73659170f158078add16e20950b6.jpg,https://zangakbookstore.am/khind-u-ser,,16.0,Unknown
1350,Արևի լույսը,Ռոլիետա Բադասյան,https://zangakbookstore.am/media/products/300x0/65573448aea0cc6a8f67980cd0e30647.jpeg,https://zangakbookstore.am/arevi-luysy,,16.0,Unknown
1351,Ռուսական անթոլոգիա,,https://zangakbookstore.am/media/products/300x0/46c2107e455162bf7296e7a85a26be72.jpeg,https://zangakbookstore.am/rusakan-antologia,,16.0,Unknown
1352,Սիլֆի նուրբ երազանքները,Վահան Անդրեասյան,https://zangakbookstore.am/media/products/300x0/62bf965256008540b0bd200b87e4b94b.jpeg,https://zangakbookstore.am/silfi-nurb-erazanqnery,,16.0,Unknown
1353,Նարնջագույն նոտաներ,Նադյա Վիի,https://zangakbookstore.am/media/products/300x0/b7c6f43c5827ec7a55c2025991ee9ec5.jpeg,https://zangakbookstore.am/narnjaguyn-notaner,,16.0,Unknown
1354,Մարտի խելագարություն,Տաթև Աթանես,https://zangakbookstore.am/media/products/300x0/a48e562d53cb5c42545ae64bb9e664ed.jpeg,https://zangakbookstore.am/marti-khelagarutyun,,16.0,Unknown
1355,Ժամանակի վարպետը,Մեսրոպ Մարկոսյան,https://zangakbookstore.am/media/products/300x0/19c07b1cb280444bdaf4fb51961b7e61.jpeg,https://zangakbookstore.am/zhamanaki-varpety,,16.0,Unknown
1356,Մոլեգին հողմերի դարավանդը,Էմիլի Բրոնթե,https://zangakbookstore.am/media/products/300x0/2a29af108c1333fd0ff14aa9b73fdab6.jpg,https://zangakbookstore.am/molegin-hokhmeri-daravandy,"Անգլիացի նշանավոր գրող Էմիլի Բրոնթեն (1818–1848) պատկերում է 18-րդ դարի վերջի և 19-րդ դարի սկզբի անգլիական գավառի կյանքը։ Վեպի գլխավոր հերոսի բովանդակալից ու խոր ներաշխարհը խեղված է սոցիալական անարդարությամբ։ Նա համակված է խոր ատելությամբ շրջապատող հասարակության հանդեպ։ Յուր վրեժխնդրության զենքը դարձնելով փողի իշխանությունը, նա դաժանորեն պատժում է իր թշնամիներին։",14.0,"Պատմական գեղարվեստական գրականություն, Կենսագրություն"
1357,50 օր գերության մեջ,Հովսեփ Սահակյան,https://zangakbookstore.am/media/products/300x0/51c0827b7937e1d9445ac255478d745a.jpg,https://zangakbookstore.am/50-or-gerutyan-mej,,16.0,Unknown
1358,Շելա,Գրիգոր Քեշիշյան,https://zangakbookstore.am/media/products/300x0/2d9a43e920b894377f9a0fec850d21b1.jpg,https://zangakbookstore.am/shela,"Հեղինակը ընթերցողին տանում է դեպի 30-40- ական թվականների Բեյրութ, որտեղ եռում է գիշերային քաղաքի կյանքը, իսկ այդ կյանքի հորձանուտում հայտնված հայ երիտասարդը սիրահարվում է հրեա աղջկան...",16.0,"Երիտասարդական, Դրամա"
1359,Կյանք․ Գալա,Գալա,https://zangakbookstore.am/media/products/300x0/922c0c75422839f09b23c2797118cdc5.jpeg,https://zangakbookstore.am/kyanq-gala,,14.0,Unknown
1360,"Քեզ համար, Հայաստան",Շառլ Ազնավուր,https://zangakbookstore.am/media/products/300x0/bdfa0dd541795548d6c3edb988a98453.jpg,https://zangakbookstore.am/qez-hamar-hayastan,"Սա Շառլ Ազնավուրի պոեզիայի ժողովածուի երրորդ հատորն է: Այս հատորում տեղ գտած բանաստեղծություններում սիրո բոլոր դրսեւորումներն են. երգեր՝ նվիրված Հայաստանին, Ֆրանսիային, ընտանիքին եւ «Տիկին կյանքին»: Խուլուհամր կնոջը սիրահարված տղամարդու ապրումներից մինչեւ հայրական սեր: «Ասեղը» շանսոնյեն նվիրել է 25 տարեկանում կյանքից հեռացած իր որդուն` Պատրիկին: «Իմ սրտահույզ սերը» Ազնավուրը կատարել է նաեւ Լայզա Մինելլիի հետ ու զուգահեռ երգել ժեստերի լեզվով: Այս հատորում են նաեւ «Թեհրան 43» ֆիլմի հանրահայտ սաունդթրեքը՝ «Մի ամբողջ կյանք սեր» երգը, Հայոց ցեղասպանության թեմայով «Նրանք ընկան» ստեղծագործությունն ու Սպիտակի երկրաշարժից հետո հուսաբեր «Քեզ համար, Հայաստան» հիթը:",14.0,"Պոեզիա, Ռոմանս"
1361,Հանցավոր սեր,Արմինե Մելքումյան,https://zangakbookstore.am/media/products/300x0/e051272777076939ef2f9ee8ca2d396a.jpeg,https://zangakbookstore.am/hantsavor-ser,,16.0,Unknown
1362,Թափանցիկը,Անի Պետրոսյան,https://zangakbookstore.am/media/products/300x0/c1527b8bd0c61e080f436741f1577546.jpeg,https://zangakbookstore.am/tapantsiky,,16.0,Unknown
1363,Փշերով դեպի աստղեր,Ստելլա Քարամյան,https://zangakbookstore.am/media/products/300x0/15e8a31e1d5c9e749c08f70eaa6e440b.jpeg,https://zangakbookstore.am/psherov-depi-astkher,,16.0,Unknown
1364,Հրեշտակների կածանը,Նորվարդ Մարտիրոսյան,https://zangakbookstore.am/media/products/300x0/6d88fc23bb25f1c07a4b89a6b8e71830.jpeg,https://zangakbookstore.am/hreshtakneri-katsany,,16.0,Unknown
1365,Աֆորիզմներ,Մարգարիտա Վարդանյան,https://zangakbookstore.am/media/products/300x0/3e273fee7b3b50f24decd7261a3159c7.jpeg,https://zangakbookstore.am/aforizmner-1,"Մարգարիտա Վարդանյանի աֆորիզմները ծնվել են կյանքի փորձից: Նա կարողացել է վերացարկվել տեսածից ու զգացածից, փոքրացնել մտածողության հուներում մանրակերտի վերածված խոհերը և հանձնել թղթին այնպիսի թեթևությամբ, ասես կողքից է տեսել:",14.0,"Դրամա, Կատակերգություն"
1366,Մտքից առաջ,Գյուլնարա Իվանյան,https://zangakbookstore.am/media/products/300x0/87f205205ab00cccd8841f5bc0e9e6ff.jpeg,https://zangakbookstore.am/mtqits-araj,,16.0,Unknown
1367,Հոգու եզերք,Սիրանուշ Զախարյան,https://zangakbookstore.am/media/products/300x0/3a5103c21498902913855b4501577ad2.jpeg,https://zangakbookstore.am/hogu-ezerq,,14.0,Unknown
1368,"Սերս, խոհերս, հայրենիքս",Հասմիկ Ղուկասյան-Շուշոյան,https://zangakbookstore.am/media/products/300x0/bb18492f9bdbd3e8eda7109f0892ff78.jpeg,https://zangakbookstore.am/sers-khohers-hayreniqs,,16.0,Unknown
1369,Մեզնից մեկը ստում է,Քարեն Մակմանուս,https://zangakbookstore.am/media/products/300x0/3ced855c1dfd4d7ad13379fd9dfbbd70.jpg,https://zangakbookstore.am/meznits-meky-stum-e,"Երկուշաբթի կեսօրին Բեյվյու ավագ դպրոցի հինգ աշակերտներ տարբեր պատճառներով պատժվում են և պատիժը կրելու համար հայտնվում նույն սենյակում: Բրոնուինը խմբի ուղեղն է, երբեք ոչ մի օրենք չի խախտում, երազում է ընդունվել Եյլի համալսարան: Ադին խմբի գեղեցկուհին է՝ արքայադստեր տեսքով ու պահանջներով: Նեյթին բաժին է հասել հանցագործի պիտակը․ նա արդեն հասցրել է օրենք խախտել: Կուպերը մեծ պոտենցիալով մարզիկ է, բեյսբոլի ապագա աստղ: Խմբի հինգերորդ անդամը Սայմոնն է, որն աչքի է ընկել միայն դպրոցական բամբասանքի հավելված ստեղծելով: Պատժի սենյակ մտնում են հինգը, բայց ողջ են դուրս գալիս չորսը: Սայմոնն անհայտ պատճառով մահանում է։ Քննիչները վստահ են, որ դա դժբախտ պատահար չէ: Սայմոնը մահանում է երկուշաբթի։ Նա պլանավորել էր իր հավելվածում երեքշաբթի օրը ցնցող բացահայտումներ անել դասընկերների մասին: Այժմ սպանության մեջ կասկածվում է սենյակից ողջ դուրս եկած ամբողջ քառյակը: Ողջ մնացած չորս հոգին էլ մոտիվ ունեն: Չորսն էլ թաքցնելու բան ունեն: Եվ չորսն էլ կասկածելի կապ ունեն Սայմոնի հետ: Նրանցից առնվազն մեկը հաստատ ստում է:",16.0,"Երիտասարդական, Դրամա"
1370,Խաղաղությունը երկնքից են բերում,Սաթենիկ Արթենյան,https://zangakbookstore.am/media/products/300x0/5aeb760d7b864e3affa84e41f10ab69c.jpeg,https://zangakbookstore.am/khakhakhutyuny-erknqits-en-berum,,16.0,Unknown
1371,Մեղր ու լեղի աշխարհ,Դիանա Համբարձումյան,https://zangakbookstore.am/media/products/300x0/4b95b5f764f1217ac2470d7728c2cc7c.jpeg,https://zangakbookstore.am/mekhr-u-lekhi-ashkharh,"Այս վեպը մարդկային ցավի ու սիրո պատմություն է, որը  ձգվում է սերնդեսերունդ՝ խառնվելով մի գերդաստանի կորուստներին, վախերին ու տագնապներին, հոգս ու չարչարանքին, փոքր ու մեծ ուրախություններին՝ ամբողջանալով հայ մարդու հարյուրամյա՝ չորս սերնդի կյանքի դրվագներով, հասնելով մինչև մեր օրերը: Սկսվելով երաժշտության մեջ խոսուն՝ «դո» (Դոմինուս - Աստված) պայմանական նշանով ու հասնելով մինչև «սի» (Սիդեռաե - Երկինք)` վեպում կարգը փոփոխվում է այնպես, ինչպես մարդու միտքը, վարքն ու բարքը․ նաև հանրային կարգն ու կանոնն են փոխվում ամեն պահ:",16.0,"Ռոմանս, Դրամա"
1372,Межды каплями дождя,Միխաիլ Սիմոնով,https://zangakbookstore.am/media/products/300x0/20886aa730fc48e82574a87d8595f8b6.jpeg,https://zangakbookstore.am/mezhdi-kaplyami-dozhdya,,16.0,Unknown
1373,Բառերի կույտ․․․ ոչինչ ավելի,Լեո,https://zangakbookstore.am/media/products/300x0/8309a96d34cef0e6c36f3128680559a7.jpeg,https://zangakbookstore.am/bareri-kuyt-ochinch-aveli,,16.0,Unknown
1374,Չափազանց է,Արթուր Սարգսյան,https://zangakbookstore.am/media/products/300x0/4e223958fe3c486a95b3929ad58c12c8.jpeg,https://zangakbookstore.am/chapazants-e,,17.0,Unknown
1375,Հռոմի փրկվածը․ Կարդինալ Գրիգոր Աղաջանյան,Գոհար Ռշտունի,https://zangakbookstore.am/media/products/300x0/391fb7b07f39afe7e10aa0d8408f935f.jpeg,https://zangakbookstore.am/hromi-prkvatsy-kardinal-grigor-akhajanyan,,16.0,Unknown
1376,Հայոց բախտի ճամփաներով,Գոհար Ռշտունի,https://zangakbookstore.am/media/products/300x0/b72e85cfda2c7931b03352e696605b89.jpeg,https://zangakbookstore.am/hayots-bakhti-champanerov,,16.0,Unknown
1377,8 պատմական դրվագ հայերի մասին,Գոհար Ռշտունի,https://zangakbookstore.am/media/products/300x0/719e654e6eb037ada55ae57cc09efe4b.jpeg,https://zangakbookstore.am/8-patmakan-drvag-hayeri-masin,,16.0,Unknown
1378,Սպանությունների ակումբ՝ ամեն հինգշաբթի,Ռիչարդ Օսման,https://zangakbookstore.am/media/products/300x0/099f77a8a8fcdbc5281b27750c411ad9.jpg,https://zangakbookstore.am/spanutyunneri-akumb-amen-hingshabti,"Գյուղական խաղաղ բնակավայրի չորս թոշակառուներ՝ մոտ ութսուն տարեկան, շաբաթը մեկ հավաքվում ու քննարկում են սպանությունների չբացահայտված գործերը։ Էլիզաբեթը, Ջոյսը, Ռոնը եւ Իբրահիմն իրենց անվանում են «Սպանություններիակումբ՝ ամեն հինգշաբթի»: Մի օր էլ լսում են, որ իրենց ավանում իրական հանցագործություն է կատարվել. սպանվել է ավանի շինարարը, իսկ դիակի կողքին առեղծվածային լուսանկար են գտել: Սպանությունների ակումբն անմիջապես գործի է անցնում։ Շուտով դիակների թիվը ավելանում է։ Հանճարեղ քառյակը կհասցնի՞ բացահայտել մարդասպանին, քանի ուշ չէ:",14.0,"Առեղծված, Դետեկտիվ"
1379,"Տունը, որտեղ... Ծխամոլը․ գիրք 1",Մարիամ Պետրոսյան,https://zangakbookstore.am/media/products/300x0/71aaab0e22b899d241c0221d30cff681.jpg,https://zangakbookstore.am/tuny-ortekh-tskhamoly-girq-1,"Մարիամ Պետրոսյանի «Տունը, որտեղ...» վեպն առաջին անգամ հրատարակվել է 2009 թ.: Երեք գրքից բաղկացած այս ստեղծագործության մեջ վառ և յուրահատուկ կերպով նկարագրվում է փակ հասարակությունը, դրա բնութագրական առանձնահատկությունները, նոր միջավայրում նորեկի մերվելու նրբերանգները: «Տունը» հաշմանդամ երեխաների փակ դպրոց է, որի տարածական ու ժամանակային կոորդինատները դժվար է պարզել: Ֆանտաստիկ, մոգական մոտիվները սյուժեում էական դեր են խաղում, իսկ Տունը վերածվում է միստիկական միջավայրի: Գիրքը թարգմանվել է 11 լեզուներով և արժանացել է մի շարք մրցանակների: «Русская премия» գրական մրցանակի դափնեկիր է «Մեծ արձակ» ժանրում (2009 թ.): Հայերեն ներկայացվում է առաջին անգամ:",16.0,"Ժամանակակից, Պոեզիա"
1380,Հրեշտակներ և դևեր,Դեն Բրաուն,https://zangakbookstore.am/media/products/300x0/e30f374d4a4d4ec3f4b9cb67f3c848e6.jpg,https://zangakbookstore.am/hreshtaknern-u-devery,"Դեն Բրաունի վիպաշարի հերոս Ռոբըրթ Լանգդընը նորից առաքելություն ունի։ Այս անգամ վտանգված է պապի պաշտոնական նստավայր Վատիկան քաղաքը, որը սպառնում են վերացնել սպանված գիտնականի ստեղծած հականյութով ։ Որպես խորհրդանշանագիտության գիտակ՝ նա բացահայտելու է «Լուսավորյալների եղբայրության»՝ դարեր շարունակ մոռացության մատնված գաղտնիքը։ Հականյութը գտնելու փորձություններով լի այս ճանապարհին նրան կօգնի գիտնականի դուստր Վիտորիա Վետրան։",14.0,"Առեղծված, Թրիլլեր"
1381,Ավեոնա,,https://zangakbookstore.am/media/products/300x0/e0532b0ca561822e8f1fbf4fc0d0893c.jpeg,https://zangakbookstore.am/aveona,,16.0,Unknown
1382,Սամվել,Րաֆֆի,https://zangakbookstore.am/media/products/300x0/6b759897bb944243eadab90c82a9906c.jpg,https://zangakbookstore.am/samvel,"«Սամվել»-ը հայ գրող Րաֆֆու պատմական վեպերից է։ Րաֆֆին «Սամվել»-ը սկսել է գրել է 1884 թ. և ավարտել է 1886 թ.։ Առաջին անգամ հրատարակվել է Թիֆլիսի «Արձագանք» շաբաթաթերթում։ Առանձին գրքով առաջին անգամ լույս է տեսել 1888 թ.։ «Սամվել»-ը համարվում է հայկական գրականության լավագույն կոթողներից մեկը։

Նկարագրելով Հայաստանի ծանր վիճակը 4-րդ դարում, Րաֆֆին ձգտում էր նկարագրել Հայաստանը 19-րդ դարում, երբ այն գտնվում էր Թուրքիայի և Ռուսաստանի տիրապետության տակ։ Ցարական իշխանությունը այրում էր հայկական գրքերը, փակում եկեղեցիները և ոչնչացնում լեզուն։ Րաֆֆին չէր կարող լուռ նայել այդ ամենին։ «Գրելով այս վեպը ես նպատակ եմ ունեցել այդպիսի նկարագիր մեր պատմական անցյալից»-գրել է Րաֆֆին։

«Սամվել» վեպը ներառված է հայկական ուսումնական ծրագրի մեջ։ Դրա հիմնական գաղափարներից են հայրենասիրությունը և ազատագրական պայքարի կոչը։ Բոլոր հերոսները հայրենասիրություն են խորհրդանշում, նույնիսկ կանայք, ովքեր (Աշխենը, Համազասպուհին, թագուհի` Փառանձեմը) պատրաստ են իրենց արյունը թափել հանուն հայրենիքի։

«Սամվել» վեպի համար նյութ է ծառայել Փավստոս Բուզանդի և Մովսես Խորենացու «Հայոց պատմությունները»։ Վեպը բաղկացած է Հառաջաբանից, երեք գլուխներից և փակագծերի մեջ հավելվածից։",12.0,"Պատմական գեղարվեստական գրականություն, Կենսագրություն"
1383,Ինչքան բան ունեինք իրար ասելու,Մարկ Լևի,https://zangakbookstore.am/media/products/300x0/a187a9a3b720cd7734cd8b9e3046d4dd.jpg,https://zangakbookstore.am/inchqan-ban-uneinq-irar-aselu,"Հայրերին և որդիներին երբեմն տարիներ են պետք, որ կարողանան հանդիպել դեմ առ դեմ… Մարկ Լևիի այս վեպը հենց այդ մասին է: Հարսանիքից մի քանի օր առաջ Ջուլիային զանգահարում է հոր օգնականը. ինչպես և աղջիկը ենթադրում էր՝ հայրը չէր կարողանալու մասնակցել հարսանիքին, բայց այս անգամ, պետք է խոստովանել, պատճառը հարգելի էր. հայրը մահացել էր: Թաղման հաջորդ օրը Ջուլիան իմանում է, որ հայրը մի անակնկալ էլ ունի՝ իր կյանքի ամենաարտասովոր ճամփորդությունը: Վերջապես նրանք հնարավորություն կունենան ասելու իրար այն ամենը, ինչ չէին հասցրել ասել…",16.0,"Դրամա, Ռոմանս"
1384,Մարտերում կերտված քաղաքը․ Սևացած սպիտակ,Անահիտ Թադևոսյան,https://zangakbookstore.am/media/products/300x0/faaca852d144bc701c38df2607c80f59.jpeg,https://zangakbookstore.am/marterum-kertvats-qakhaqy-sevatsats-spitak,,16.0,Unknown
1385,Ավանդապատում,Արամ Ղանալանյան,https://zangakbookstore.am/media/products/300x0/0b791bb9a4e5c807c30fc3e27b97c81b.jpeg,https://zangakbookstore.am/avandapatum,,16.0,Unknown
1386,Թումանյան.Բանաստեղծություններ և քառյակները,Հովհաննես Թումանյան,https://zangakbookstore.am/media/products/300x0/bff9c9d5d4197805cd4b1e4a745a76a1.jpeg,https://zangakbookstore.am/tumanyanbanastekhtsutyunner-ev-qaryaknery,,6.0,Unknown
1387,Հոգու և կարոտի ճամփաներով,Արտակ Վարդանյան,https://zangakbookstore.am/media/products/300x0/b2826fcc7ae216a28b9d1e2e5b14c05c.jpeg,https://zangakbookstore.am/hogu-ev-karoti-champanerov,,16.0,Unknown
1388,Սեր և պատերազմ,Շառլ Ազնավուր,https://zangakbookstore.am/media/products/300x0/7fd15db2d9db40419907b30d8c1f5600.jpg,https://zangakbookstore.am/ser-ev-paterazm,"1940-2010 թթ. ստեղծած 500 երգերի բանաստեղծությունների ժողովածուի 2-րդ մասում 118 երգ-բանաստեղծություն է։ Կիրք, բոհեմյան կյանք, ներկա պահ, մեռնող սեր, կարեկցանք ու նուրբ հումոր՝ «Լա Բոհեմից» մինչև «Պիտի կարենալ», «Երկու կիթառից» մինչև «Ինչ տխուր է Վենետիկը», «Ինձ տեսնում էի արդեն» ու «Դեռ երեկ»: 

Շանսոնյեն գրեթե երբեք չի առանձնացրել իր որևէ երգ, բայց գրքում իր ամենասիրելի երգերի կողքին դրել է սրտի նշան, որպեսզի դրանով երկխոսության մեջ մտնի ընթերցողի հետ՝ նրանց ստիպելով փոքր-ինչ երկար մտորել առեղծվածային բառերի խրթին աշխարհում: Գիրքը երկլեզու է. հայերենի կողքին ֆրանսերեն բնագիրն է:",12.0,"Պոեզիա, Կատակերգություն"
1389,Փոս-Փարիզ,Սպարտակ Ղարաբաղցյան,https://zangakbookstore.am/media/products/300x0/da0aad0ea4c09060fd768b71c2ec39bf.jpeg,https://zangakbookstore.am/pos-pariz,,16.0,Unknown
1390,Գողացված ձյունը,Պերճ Զեյթունցյան,https://zangakbookstore.am/media/products/300x0/07a12111001810de03523b54d2f87bf7.jpeg,https://zangakbookstore.am/gokhatsvats-dzyuny,"«Գողացված ձյունը» դրամատիկական վեպը պատմում է V դարում հայերի և պարսիկների միջև տիրող հարաբերությունների, մասնավորապես Ակոռիի ճակատամարտի մասին: Գրական այս ստեղծագործությունն աչքի է ընկնում թե՛ ժանրային առանձնահատկությամբ, թե՛ հոգեբանական նուրբ դիտարկումներով, թե՛ արդիական հնչեղությամբ: Ղազար Փարպեցուն ապավինելով վեր է հանված մեր փոքրաթիվ ազգի մեծ երազանքները, բարոյական «հաղթանակների» գաղտնիքները, Աստծո կողմից հայ ժողովրդի հոգևոր պաշտպանվածությունը:",12.0,"Դրամա, Պատմական գեղարվեստական գրականություն"
1391,Մահվան եւ անհետացման ժամանակագրությունը,Նիկոլա Դուրետիչ,https://zangakbookstore.am/media/products/300x0/c3f43d9a009aacf851ae15209fb093cd.jpeg,https://zangakbookstore.am/mahvan-eւ-anhetatsman-zhamanakagrutyuny,,16.0,Unknown
1392,Լռություն․ Խոսքերից ու հնչյուններից անդին,Լիլիթ Պետրոսյան,https://zangakbookstore.am/media/products/300x0/90eb9e451f7a1422112936df02e0ae49.jpeg,https://zangakbookstore.am/lrutyun-khosqerits-u-hnchyunnerits-andin,,16.0,Unknown
1393,Արծվաշենյան մասունքներ,Աթաբեկ Ադամյան,https://zangakbookstore.am/media/products/300x0/90ac8ddc3a9efdf74cd2de13e1498182.jpeg,https://zangakbookstore.am/artsvashenyan-masunqner,,16.0,Unknown
1394,Կա՞ կյանք կյանքից հետո,Աթաբեկ Ադամյան,https://zangakbookstore.am/media/products/300x0/2307c81e539caf270b0e1559dc798f48.jpeg,https://zangakbookstore.am/ka-kyanq-kyanqits-heto,,16.0,Unknown
1395,Մինչ հանդիպում,Անի Յան,https://zangakbookstore.am/media/products/300x0/96dce0b05baa3cad3b0e5d6914cfefd7.jpeg,https://zangakbookstore.am/minch-handipum,,16.0,Unknown
1396,Ինձ պաշարեցին ջրերը մինչև հոգիս,Կենձաբուրո Օե,https://zangakbookstore.am/media/products/300x0/4b2b66528aa2c5068d24072da580dc19.jpeg,https://zangakbookstore.am/indz-pasharetsin-jrery-minchev-hogis,,16.0,Unknown
1397,Փարիզի աստվածամոր տաճարը 2022,Վիկտոր Հյուգո,https://zangakbookstore.am/media/products/300x0/4f55730faa320172947fdfd8c8d154c4(1).jpeg,https://zangakbookstore.am/parizi-astvatsamor-tachary-babelon,,16.0,Unknown
1398,Ես եմ Արցախը կամ Նուռը վանդակում,Գևորգ Խաչատրյան,https://zangakbookstore.am/media/products/300x0/b723be10811a441965d3e897df219a77.jpeg,https://zangakbookstore.am/es-em-artsakhy-kam-nury-vandakum,,12.0,Unknown
1399,Սիրո քառասուն կանոնները,Էլիֆ Շաֆաք,https://zangakbookstore.am/media/products/300x0/7ed3181818c800eb8bfffac286adb82a.jpeg,https://zangakbookstore.am/siro-qarasun-kanonnery,,16.0,Unknown
1400,Նոյե,Արմեն Ամիրյան,https://zangakbookstore.am/media/products/300x0/ccd39e5846eb999cc5beb0a8564f9d35.jpeg,https://zangakbookstore.am/noye,,16.0,Unknown
1401,Աղի թեյ,Սյունե Սևադա,https://zangakbookstore.am/media/products/300x0/6722646045880565606bf2edff2e4860.jpg,https://zangakbookstore.am/akhi-tey,"2019-ի գարնանը երաժշտական աշխարհը ցնցվում է անսպասելի լուրից. համաշխարհային ճանաչում ունեցող  երիտասարդ հայ դաշնակահար ու կոմպոզիտոր Իդան ողբերգական ավտովթարի պատճառով հեռացել է կյանքից: Մահից ամիսներ անց հայաստանյան ամենամեծ հրատարակչության հիմնադիրը կապվում է Իդայի օգնականի ու ամենամտերիմ մարդու՝ Նենէի հետ՝ առաջարկելով Իդայի մասին կենսագրական գիրք գրել: Նենէն համաձայնում է, բայց գրվող ամեն էջի հետ բացահայտվում ենմանրամասներ, որոնք ստիպում  են բացել անցյալի մռայլ էջերը, նորովի ճանաչել մարդկանց ու առերեսվել սարսափելի իրականությանը...

«Աղի թեյը» պատմություն է ճակատագրական թուլությունների, ներանձնային խնդիրների, բայց և դրանց լուծման, ուժի ու ամրության մասին: Սեր, ընկերություն, ընտանիք ու...երաժշտություն։ Առանցքում մարդն է, որ փորձում է գտնել իրեն ու փրկվել ի հեճուկս դժվարությունների:",16.0,"Դրամա, Թրիլլեր"
1402,Խելակորույս աշխարհ,Սաշ,https://zangakbookstore.am/media/products/300x0/2a98226c7a0702ba543cab1694e71093.jpeg,https://zangakbookstore.am/khelakoruys-ashkharh,,16.0,Unknown
1403,Հոլիվուդի կաղնին,Գևորգ Պապիրյան,https://zangakbookstore.am/media/products/300x0/b5abd9457fbb93629f2d0109001340a1.jpeg,https://zangakbookstore.am/holivudi-kakhnin,"Լոս Անջելեսում՝ Հոլիվուդյան բլուրներից մեկի վրա, Գրիֆի թի աստղադիտարանն է։ Բլրի հարևանությամբ՝ լեռան լանջին, աշխարհահռչակ Հոլիվուդյան նշանն է տեղ գտել։ Քաղաքի ամե նահայտնի շրջանից՝ Հոլիվուդից նշածս երկու վայրը կարելի է հասնել ոտքով կամ մեքենայով։ Ասֆալտապատ ճանապարհը սկսվում է Գրիֆիթի անունը կրող այգու կայանատեղից: Քայլելը շատ հարմար ու հաճելի է, իսկ առավոտյան գրեթե մեքենաներ չեն լինում:",16.0,"Գիտական ​​ֆանտաստիկա, Ֆանտաստիկա"
1404,Ակսել Բակունց: Հայ դասական գրողներ,Ակսել Բակունց,https://zangakbookstore.am/media/products/300x0/aae610080d32d67afdcb253dd2199443.jpeg,https://zangakbookstore.am/aksel-bakunts-hay-dasakan-grokhner,,12.0,Unknown
1405,Ամերիկյան պատմություններ,Օ․ Հենրի,https://zangakbookstore.am/media/products/300x0/d2cf5fbf2774e2b957223d4b3dc789e1.jpg,https://zangakbookstore.am/amerikyan-patmutyunner,"Ամերիկացի հանրաճանաչ գրող, նովելիստ Օ․ Հենրիի ստեղծագործությունների այս ժողովածուն առաջին անգամ հնարավորություն է ստեղծում առավել ամբողջական",16.0,"Պոեզիա, Կենսագրություն"
1406,Նոր երկիր,Շառլ Ազնավուր,https://zangakbookstore.am/media/products/300x0/6000a0a3ee060f62f9c0aab705e4749e.jpg,https://zangakbookstore.am/nor-erkir,"Պոեզիայի ժողովածույում Շառլ Ազնավուրը ներկայացրել է 1940-2010 թվականներին գրած 500 երգերի տեքստերը, որոնց մի մասը նրան հաջողություն է բերել, որոշները՝ մեծ աղմուկ բարձրացրել, որոշներն էլ նրան ստիպել են կատարելագործել սեփական ոճն ու մուտք գործել գրական աշխարհ: Կիրք, սեր, դավաճանություն, նվիրում, բաժանում, ինքնասպանություն, խաբեություն, խաղամոլություն, ապաշխարում, Աստծո հետ զրույց. Ազնավուրի գրչի համար փակ թեմաներ չկան։

Պոեզիայի ժողովածուի հայերեն թարգմանության առաջին մասում ներկայացված է 113 ստեղծագործություն։  Հատուկ ֆրանկոֆոնների համար հայերեն թարգմանության հարևանությամբ նաև ֆրանսերեն բնագիրն է։",12.0,"Պոեզիա, Կենսագրություն"
1407,Ռուս մինիմալիստներ,,https://zangakbookstore.am/media/products/300x0/d1a531fbf2c4e6dfccfbdaa3ff658190.jpeg,https://zangakbookstore.am/rus-minimalistner,Կարճ՝ մինիմալիստական բանաստեղծությունն իր այցեքարտային նշանակությունն է ձեռք բերել ժամանակակից ռուսական պոեզիայի ավանգարդիստական ուղղությունում։,16.0,"Պոեզիա, Ժամանակակից"
1408,20-րդ դարի ռուսական պատմվածք,,https://zangakbookstore.am/media/products/300x0/2cf82475bf1f72dbb12ec69d8dfaeb3c.jpeg,https://zangakbookstore.am/20-rd-dari-rusakan-patmvatsq,,16.0,Unknown
1409,30-րդ տարին,Ինգեբորգ Բախման,https://zangakbookstore.am/media/products/300x0/393579bfd18f6809fcbe16cc94770040.jpeg,https://zangakbookstore.am/30-rd-tarin,"Գրքի հեղինակը ավստրիացի նշանավոր գրող և փիլիսոփա է։ Այս ժողովածուն ընդգրկող թեմաներն են նույնականությունն ու հիշողությունը, հարաբերությունն ուտոպիայի և առօրեական լեզվի միջև, սերն ու սահմանների խախտումները։",16.0,"Պոեզիա, Կենսագրություն"
1410,Տեղատարափի շաչյունը,Իոսիֆ Բրոդսկի,https://zangakbookstore.am/media/products/300x0/fed716215a2096aabf6ae17ba5c3ae4b.jpeg,https://zangakbookstore.am/tekhatarapi-shachyuny-brodski,Ժոցովածուն ամփոփում է Նոբելյան մրցանակի դափնեկիր Իոսիֆ Բրոդսկու՝ մինչ օրս կատարված հայերեն թարգմանությունների լայն ընտրանին։,16.0,"Պոեզիա, Ժամանակակից"
1411,Աղի ձայնը,,https://zangakbookstore.am/media/products/300x0/35ca786725fb9f77197792bbc248088b.jpeg,https://zangakbookstore.am/akhi-dzayny,Գրքում ներկայացված են անցյալ դարի 80-ական թվականներին ծնված չին տասնվեց արձակագիրքների պատմվածքները։,16.0,"Պատմական գեղարվեստական գրականություն, Պոեզիա"
1412,Պետերբուրգ,Անդրեյ Բելի,https://zangakbookstore.am/media/products/300x0/b660f959e28317fea02d16ad4933f54a.jpeg,https://zangakbookstore.am/peterburg-1,"Ռուս մեծանուն գրող Անդրեյ Բելիի «Պետերբուրգ» վեպը ժամանակին լայնորեն ճանաչվել է որպես ռուսական սիմվոլիստական եւ մոդեռնիստական արձակի գագաթնակետ եւ համեմատվել Ջ.Ջոյսի հանրահայտ «Ուլիսեսը» վեպի հետ Վ.Նաբոկով/:

«Պետերբուրգը» հյուսված է ինքնակենսագրական մոտիվներով, որտեղ խաղարկվում են բազմաթիվ գրական տեքստեր` Դոստոեւսկու «Դեւերից» մինչեւ Էդգար Պոյի «Կարմիր մահվան դիմակը»: Վեպում որպես առանցքային կերպար է ներմուծված Պղնձե հեծյալը: Ա․ Բելին սույն վեպի ծնունդը շաղկապել է Եգիպտոս կատարած իր ուղեւորության հետ:",16.0,"Կենսագրություն, Պոեզիա"
1413,Լավր,Եվգենի Վոդոլազկին,https://zangakbookstore.am/media/products/300x0/209bf4ab0fd5919b932f9ea845c9c47f.jpeg,https://zangakbookstore.am/lavr-2,,16.0,Unknown
1414,Սեր․ Երջանկություն․ Ռեքվիեմ,Լյուդմիլա Պետրուշեվսկայա,https://zangakbookstore.am/media/products/300x0/8da43a00e927f0e8e0f00a8e324ef9ac.jpeg,https://zangakbookstore.am/ser-erjankutyun-reqviem,,16.0,Unknown
1415,Մատրյոնայի կալվածքը,Ալեքսանդր Սոլժենիցին,https://zangakbookstore.am/media/products/300x0/917f1e1fe7edda29ebea7f1ed0781acf.jpeg,https://zangakbookstore.am/matryonayi-kalvatsqy,,16.0,Unknown
1416,Վերադարձ Փանջիռուդ,Անդրեյ Վոլոս,https://zangakbookstore.am/media/products/300x0/b27b99135c424443b41f2d1eae737a43.jpeg,https://zangakbookstore.am/veradardz-panjirud,,16.0,Unknown
1417,Ուվե անունով մարդը,Ֆրեդրիկ Բաքման,https://zangakbookstore.am/media/products/300x0/4db2aad99ed8fb16220bb28c5d916254.jpg,https://zangakbookstore.am/uve-anunov-mardy,"Վեպի առանցքում 59-ամյա Ուվեն է՝միայնակ մարդ, որը մշտապես դժգոհ է բոլորից ու ամեն ինչից։ Նա անկեղծորեն հավատում է, որ իր շուրջ միայն ապիկարներ են։ Հարևանների համար նա բոլորին մշտապես նախատող, անտանելի ծերուկ է։ Կնոջ մահից հետո միայնակ մնացած Ուվենպարբերաբար փորձում է ինքնասպան լինել։ Բայց դա չի հաջողվում, քանի որնրա նոր հարևաններն իր օգնության կարիքնունեն։ Ընթերցողն աստիճանաբար բացահայտում է գլխավոր հերոսին ու հասկանում, որ ամեն ինչ միայն սև-սպիտակ չէ։ Դյուրաբորբոք Ուվեն իրականում մեծ սիրտ ունի, բայց մռայլ է, քանի որ ծանր փորձությունների միջով է անցել։",16.0,"Դրամա, Թրիլլեր"
1418,Լռեցված սիրո ուրվականը,Սարո Վամվունակի,https://zangakbookstore.am/media/products/300x0/722acbf032d424d2d12a87a04e0a2fa9.jpg,https://zangakbookstore.am/lretsvats-siro-urvakany,"Ժամանակակից հույն գրող Մարո Վամվունակիի «Լռեցված սիրո ուրվականը» գիրքը հոգեբանական-փիլիսոփայական աշխատություն է: Սպառողական հասարակության մեջ էգոիզմը անհատին փակել է սեփական կեղևում ու դժվարացրել ազնիվ շփումն արտաքին աշխարհի հետ: Որպեսզի մարդը հաղթահարի ներքին խնդիրները, նախ պետք է գնա անցյալ, ճանաչի ինքն իրեն: Երջանկութայն բանալին Վամվունակին համարում է Աստծո և մարդկանց հանդեպ մաքուր սիրո վերագտնումը, ինքնանվիրումի ցանկությունն ու պատրաստակամությունը:",16.0,"Դրամա, Ռոմանս"
1419,Ընդվզող մարդը,Ալբեր Կամյու,https://zangakbookstore.am/media/products/300x0/cab5ef3f22e13451b816026acbb405fa.jpg,https://zangakbookstore.am/yndvzokh-mardy,"«Ընդվզող մարդը» փիլիսոփայական էսսեն մարդու էության բացահայտման փորձ է, որ խաղարկվում է հավերժի ու պատմական ժամանակի հանդիպադրման կիզակետում, երկրակենցաղ մարդկությանը մշտուղեկից հասարակական- քաղաքական վայրիվերումների, քաղաքակրթությունների ու դարաշրջանների շռնդալից հերթափոխի բեկումնային հանգուցակետերում: Էսսեն նաև հուսահատ ճիչ է՝ մարդկության ապագայի հոռետեսիլքին ընդելուզված: Նրանում ոգեկոչված գաղափարները ձայնակցում են իր մեծ նախորդների ու ժամանակակիցների, ինչու ոչ՝ նաև հաջորդների արծարծած մտահոգություններին:",16.0,"Պատմական գեղարվեստական գրականություն, Կենսագրություն"
1420,Շան սիրտը,Միխայիլ Բուլգակով,https://zangakbookstore.am/media/products/300x0/e77eaf11ddfa008d2d0256efaa16f20d.png,https://zangakbookstore.am/shan-sirty,,16.0,Unknown
1421,Ամառային արձակուրդ․ Երկու կրակի արանքում,Տիգրան Պասկևիչյան,https://zangakbookstore.am/media/products/300x0/f5399ed8896dc47dbbc1bf3f09f85d04.jpeg,https://zangakbookstore.am/amarayin-ardzakurd-erku-kraki-aranqum,,16.0,Unknown
1422,Երբ առնետները կարդալ գիտեին,Արամ Ավետիս,https://zangakbookstore.am/media/products/300x0/d14bb878552377d753ce3b15f7a7be4f.jpeg,https://zangakbookstore.am/erb-arnetnery-kardal-gitein,,16.0,Unknown
1423,Անուրջներ և մղձավանջներ,Էդգար Ալան Պո,https://zangakbookstore.am/media/products/300x0/736683a4d3d7dcbf4abfbbc1e56f8f92.jpg,https://zangakbookstore.am/anurjner-ev-mkhdzavanjner,"Գիրքն ընդգրկում է 19-րդ դարի ամերիկյան ականավոր բանաստեղծի, արձակագրի ու քննադատի` Էդգար Ալան Պոյի լավագույն արձակ ստեղծագործությունները: «Սպանություններ մորգ փողոցում», «Հափշտակված նամակ», «Աշըրի տան անկումը, «Ամբոխի մարդը» և այլ պատմվածքներում հոգեբանական ճշգրիտ արտացոլում են ստանում մարդկային ներաշխարհի տարօրինակ ու խորհրդավոր դրսևորումները:",16.0,"Պոեզիա, Կատակերգություն"
1424,Կույր կետադրություն,Արամ Ավետիս,https://zangakbookstore.am/media/products/300x0/fe55a791352ee766b62fff1b070fdbe6(1).jpeg,https://zangakbookstore.am/kuyr-ketadrutyun-1,,16.0,Unknown
1425,Դանթեական առասպել,Եղիշե Չարենց,https://zangakbookstore.am/media/products/300x0/d236885958c341e816055b7a6c5a4048.jpeg,https://zangakbookstore.am/danteakan-araspel,,12.0,Unknown
1426,Եթե դու լինեիր այստեղ,Լիանա Էնլի,https://zangakbookstore.am/media/products/300x0/8c100d27b695a69995efc56e01155bba.jpeg,https://zangakbookstore.am/ete-du-lineir-aystekh,,16.0,Unknown
1427,Քաոս,Ալեքսանդր Շիրվանզադե,https://zangakbookstore.am/media/products/300x0/3eebb62d69057acc4a11b4b6bfca5c91.jpg,https://zangakbookstore.am/qaos,"Վերջին տարիների հայաստանյան հասարակական կյանքի օրինաչափությունները, Շիրվանզադեի «Քաոս» վեպում պատկերված իրականությունը, նրա բարձրացրած խնդիրները, առաջ քաշած գաղափարները դարձնում են չափազանց արդիական: Մյուս կողմից, Շիրվանզադեի գրողական վարպետության շնորհիվ նրա լավագույն երկերն առ այսօր մնում են իբրեւ գեղարվեստականության չափանիշներ",16.0,"Դրամա, Կենսագրություն"
1428,Անծանոթ ինքնակենսագրություն,Ռուբեն Ֆիլյան,https://zangakbookstore.am/media/products/300x0/a61eecb1066ecb7a0a25579146805bd8.jpeg,https://zangakbookstore.am/antsanot-inqnakensagrutyun,,16.0,Unknown
1429,Սիրո մեղեդի,Հասմիկ Ղուկասյան-Շուշոյան,https://zangakbookstore.am/media/products/300x0/18647eb28b8aff07c12470a083bec54d.jpeg,https://zangakbookstore.am/siro-mekhedi,,16.0,Unknown
1430,Պարգևողը,Լոիս Լոուրի,https://zangakbookstore.am/media/products/300x0/5bcaed032fa90c347a2329e0d88cf8f7.jpeg,https://zangakbookstore.am/pargevokhy,,16.0,Unknown
1431,Կանաչ մարգագետնի հմայքը,Դիանա Համբարձումյան,https://zangakbookstore.am/media/products/300x0/990296e3016a1c259b371ac6fd62f9ba.jpeg,https://zangakbookstore.am/kanach-margagetni-hmayqy,,16.0,Unknown
1432,Մենավոր ընկուզենին,Վարդգես Պետրոսյան,https://zangakbookstore.am/media/products/300x0/63600d8efa5753f8bb205e9f672d8ac5.jpeg,https://zangakbookstore.am/menavor-ynkuzenin,,16.0,Unknown
1433,Մետամորֆոզ 1,Նելլի Նովեմ,https://zangakbookstore.am/media/products/300x0/533fc2a31b09a013b9cda589a2f0d6ac.jpeg,https://zangakbookstore.am/metamorfoz-1,,16.0,Unknown
1434,Կին՝ ատեան եւ մատեան,Վեհանոյշ Թեքեյան,https://zangakbookstore.am/media/products/300x0/0cff2a88cbe9bdf5e010dd0cdbb0f8e4.jpg,https://zangakbookstore.am/kin-atean-eւ-matean,,16.0,Unknown
1435,Կինը,Արփի Վանյան,https://zangakbookstore.am/media/products/300x0/ba883f100ced71911dc840ab69a2e840.jpeg,https://zangakbookstore.am/kiny,,16.0,Unknown
1436,Բանաստեղծություններ,Նելլի Նաջարյան,https://zangakbookstore.am/media/products/300x0/8862b24f967f2fe8d24c9fb317785427.jpeg,https://zangakbookstore.am/banastekhtsutyunner-4,,16.0,Unknown
1437,Հողը գլխիդ,Սարգիս Ալավերդյան,https://zangakbookstore.am/media/products/300x0/43820d498d3344ac21da34f0d6dfdb0e.jpg,https://zangakbookstore.am/hokhy-glkhid,,16.0,Unknown
1438,"Բաց արեք, ես եմ",Ղուկաս Սիրունյան,https://zangakbookstore.am/media/products/300x0/e4198ad4eebb9f45e6f5a2a172e50d48.jpg,https://zangakbookstore.am/bats-areq-es-em,"«Բաց արեք, ես եմ» գիրքն ամփոփում է Ղուկաս Սիրունյանի չորս բանաստեղծական ժողովածուները։",16.0,"Պոեզիա, Ռոմանս"
1439,Երկրի ջիղը,Հրանտ Մաթևոսյան,https://zangakbookstore.am/media/products/300x0/c046919cfb418843e552fa9c40514fe0.jpeg,https://zangakbookstore.am/erkri-jikhy,,16.0,Unknown
1440,Ճերմակ ճախրանք,Արմեն Ստեփանյան,https://zangakbookstore.am/media/products/300x0/d422b2c05607bbc5da5deec545a26059.jpeg,https://zangakbookstore.am/chermak-chakhranq,,16.0,Unknown
1441,Նանա,Էմիլ Զոլա,https://zangakbookstore.am/media/products/300x0/3f3084d0da291af750726231e6b52da3.jpg,https://zangakbookstore.am/nana,"«Նանան» ֆրանսիացի հանրահայտ գրող Էմիլ Զոլայի «Ռուգոն- Մակարները» 20- հատորանոց վիպաշարի 9-րդ վեպն է և, թերևս, ամենասկանդալայինը: Վեպի հրատարակումից հետո Ֆրանսիան բաժանվեց Զոլայի երկրպագուների և թունդ հակառակորդների: Փարիզյան կուրտիզանուհու կերպարը, որի առջև խոնարհվում և որին հնազանդվում էին հասարակության բոլոր խավերի ամենաներկայանալի դեմքերը, խորհրդանշում է այդ հակասական ժամանակների ամբողջ պերճանքն ու թշվառությունը:",16.0,"Կենսագրություն, Դրամա"
1442,Քամուց քշվածները․ Հատոր 2,Մարգարետ Միտչել,https://zangakbookstore.am/media/products/300x0/07e03052002b90194e01185bca44cecf.jpg,https://zangakbookstore.am/qamuts-qshvatsnery-hator-2,"1936 թվականին հրատարակումից ի վեր Պուլիցերյան մրցանակակիր եւ բոլոր ժամանակների ամենավաճառվող վեպերից մեկը՝ «Քամուց քշվածները», աշխարհում հռչակվել է Մեծ ամերիկյան վեպ:
Վեպի առավել տարածմանը նպաստել է նաեւ համանուն ֆիլմը։ «Քամուց քշվածները» վեպը մարդկանց կրքերի խորությունն ուսումնասիրում է Ջորջիայի կարմիր բլուրներում տեղի ունեցող դեպքերին բնորոշ հանդգնությամբ: Հիասքանչ պատում է, որը վառ պատկերում է Քաղաքացիական պատերազմի եւ Վերակառուցման ժամանակաշրջանի դրաման:
Հարուստ կալվածատիրոջ քմահաճ դուստր Սքարլեթ Օ’Հարան հասունանում է ճիշտ այն ժամանակ, երբ Քաղաքացիական պատերազմն ընդմիշտ փոխում է շատերի ու նրա կյանքը: Կրքերի եւ խիզախության մասին այդ ընդգրկուն պատմության էջերում Մարգարետ Միտչելը ստեղծել է անմոռանալի կերպարներ, որոնք գրեթե մեկ դար պարուրել են ընթերցողի սիրտն ու միտքը:",16.0,"Դրամա, Կենսագրություն"
1443,Անծրար նամակներ,Արմենուհի Սիսյան,https://zangakbookstore.am/media/products/300x0/476d35b9735e786d9deb6bb4a4df613d.jpeg,https://zangakbookstore.am/antsrar-namakner,,16.0,Unknown
1444,Անկետադիր,Մարիաննա Կարապետյան,https://zangakbookstore.am/media/products/300x0/4f8fb32aed573470e3e30cc9768328e7.jpeg,https://zangakbookstore.am/anketadir,,16.0,Unknown
1445,Քո կյանքի ժամերը,Ուիլյամ Սարոյան,https://zangakbookstore.am/media/products/300x0/2f488cdc0ca7a42d57dc50a69686804f.jpg,https://zangakbookstore.am/qo-kyanqi-zhamery,"Սարոյանական դրամատուրգիայի այս ընտրանին ընդգրկում է նրա ամենահռչակավոր պիեսը՝ Փուլիցերյան մրցանակի արժանացած «Քո կյանքի ժամերը», որ ստեղծվելուն պես՝ 1939-ին, բեմադրվել է Բրոդվեյում, ինչպես նաև 1940-42 թթ. գրված երեք կարճ գործ, այդ թվում՝ «Հե՜յ, ո՞վ կա» փոքրիկ գլուխգործոցը: Սարոյան դրամատուրգի յուրօրինակ ինքնությունն ու նրա արտասովոր թատրոնն ամենաշահեկան կողմերով ներկայացնող բոլոր այս երկերը հրատարակվում են վերանայված թարգմանությամբ:",16.0,"Դրամա, Պոեզիա"
1446,Ագռավի քարը,Հայկ Հովյան,https://zangakbookstore.am/media/products/300x0/4375f7ea53a0c2ce879c442414e5b3e5.jpg,https://zangakbookstore.am/agravi-qary,,16.0,Unknown
1447,Դուռը,Վանո Սիրադեղյան,https://zangakbookstore.am/media/products/300x0/905a2c36a48195875d524ec5a9cf8673.jpg,https://zangakbookstore.am/dury,"Վանո Սիրադեղյանը նախորդ դարավերջի ամենատաղանդավոր և ընթերցված-սիրված արձակագիրներից մեկն է՝ այսուհետ դատապարտված այդպիսին մնալու։ Նրա արձակը որքան դսասական, այնքան էլ ժամանակակից է։ Պատմություններ մարդկանց, նրանց մտածողության, խնդիրների, երազանանքերի ու ապրումների մասին։ «Դուռը»  ժողովածուն ամփոփում է հեղինակի («Կիրակի» , «Ծանր լույս» , «Շատ չհամարվի» , «Ձեռքդ ետ տար ցավի վրայից» , «Երկիր։ Ցպահանջ» ) տեղ գտած պատմվածքները՝ այսպիսով դառնալով նրա գեղարվեստական արձակի համավահավաք ժողովածու։",12.0,"Դրամա, Կենսագրություն"
1448,Լաց և ծիծաղ,Արթուր Օհանյան,https://zangakbookstore.am/media/products/300x0/ebfa0b211433390fbdff7309fe38039a.jpeg,https://zangakbookstore.am/lats-ev-tsitsakh,,16.0,Unknown
1449,Քամուց քշվածները. Հատոր 1,Մարգարետ Միտչել,https://zangakbookstore.am/media/products/300x0/74fa3f8d256dd9059dbb736103747cd2.jpg,https://zangakbookstore.am/qamuts-qshvatsnery-hator-1,"Վեպի գործողությունները տեղի են ունենում Ջորջիա նահանգի Քլեյթոն շրջանում և Ատլանտա քաղաքում։ Ամերիկայի քաղաքացիական պատերազմի եւ վերակառուցման դարաշրջանն է: Պլանտացիաների հարուստ սեփականատիրոջ երես առած դուստրը՝ Սքարլեթ Օ’Հարան, պատերազմի ժամանակ եւ դրանից հետո պետք է պայքարի սովի, աղքատության դեմ, պահպանի հորից ժառանգություն ստացած հողակտորը եւ փորձի գտնել իր երջանկությունը։ Սա Մոխրոտիկի պատմությունն է՝ հակառակ շարադրանքով. հարուստ և անհոգ գեղեցկուհին աղքատության ու սովի է մատնվում։ Վեպն անհոգ աղջկա դժվարին հասունացման մասին է։",16.0,"Կենսագրություն, Թրիլլեր"
1450,Դեսից Դենից,Արթուր Օհանյան,https://zangakbookstore.am/media/products/300x0/507871f08326661ac0b3916bba894111.jpg,https://zangakbookstore.am/desits-denits,,16.0,Unknown
1451,Ժպիտ և թախիծ,Արթուր Օհանյան,https://zangakbookstore.am/media/products/300x0/e30ec4e8ee006605de1977b431dfa905.jpg,https://zangakbookstore.am/zhpit-ev-takhits,,16.0,Unknown
1452,Կյանքը թունելի միջով,Ժաննա Հակոբյան,https://zangakbookstore.am/media/products/300x0/cc34f1815f14e98078889ca1db9e9da3.jpeg,https://zangakbookstore.am/kyanqy-tuneli-mijov,,16.0,Unknown
1453,Ճակատագրով դատապարտվածները,Ժաննա Հակոբյան,https://zangakbookstore.am/media/products/300x0/bf4c421be3b628b753e032693d10d163.jpeg,https://zangakbookstore.am/chakatagrov-datapartvatsnery,,16.0,Unknown
1454,Արծիվները դավադիր թակարդում,Ժաննա Հակոբյան,https://zangakbookstore.am/media/products/300x0/686ab923002e901ec5873f1fba3351f5.jpeg,https://zangakbookstore.am/artsivnery-davadir-takardum,,16.0,Unknown
1455,Փրկօղակ,Ժաննա Հակոբյան,https://zangakbookstore.am/media/products/300x0/e7cbd11dd1d88a911b376f815b29dc85.jpeg,https://zangakbookstore.am/prkokhak,,16.0,Unknown
1456,Պեդրո Պարամո,Խուան Ռուլֆո,https://zangakbookstore.am/media/products/300x0/75df7679c87db98b9e052e24fdeadfd2.jpg,https://zangakbookstore.am/pedro-paramo,"Մեքսիկացի գրող Խուան Ռուլֆոյի (1918-1986) «Պեդրո Պարամո» վեպը համաշխարհային գրականության ամենայուրահատուկ ստեղծագործություններից է: Վեպի հերոսը, հորը որոնելիս, ուղևորվում է Կոմալա անունով մի գյուղ, որտեղից վերադարձ չկա: Ինչպես մի առիթով ասել է Գաբրիել Գարսիա Մարկեսը՝ ««Պեդրո Պարամո»-ն իսպաներենով երբևէ գրված լավագույն վեպն է»:",16.0,"Կենսագրություն, Պոեզիա"
1457,Երկու զավեշտախաղ,Մելո,https://zangakbookstore.am/media/products/300x0/ee296a33a1f1526c2b66ca5ba7ffe3bb.jpg,https://zangakbookstore.am/erku-zaveshtakhakh,"«Երկու Զավեշտախաղ»- ը Մելոի երկրորդ գիրքն է՝ «Երջանկության աղբանոցը» պիեսից հետո։
Մելոն ինքնատիպ ոճով, սուր հումորով, պատկերազարդումներով ներկայացնում է հակասություններով լի աշխարհը, կյանքը՝ հույզեր, ընդվզումներ, ունայնություն, որին հաջորդում է հավերժ ներդաշնակությունը։",16.0,"Կատակերգություն, Պոեզիա"
1458,Ջոջանց տուն,,https://zangakbookstore.am/media/products/300x0/0349f9c299612d4737ab7e75572e19b5.jpeg,https://zangakbookstore.am/jojants-tun,,16.0,Unknown
1459,Առաջնագծի մարտիկը,Մարիաննա Շահինյան,https://zangakbookstore.am/media/products/300x0/959794b36015998b98e3b3d34ee658b1.jpg,https://zangakbookstore.am/arajnagtsi-martiky,,16.0,Unknown
1460,Անմահների պատերազմը,Արամ Արծրունի,https://zangakbookstore.am/media/products/300x0/ad6679777e0d1f7d264e150fbf2b6262.jpeg,https://zangakbookstore.am/anmahneri-paterazmy,Նվիրվում է Արցախյան 44-օրյա պատերազմում անմահացած Լևոն Հովսեփյանի հիշատակին և գոյապայքարի մյուս հերոսներին։,16.0,"Պատմական գեղարվեստական գրականություն, Կենսագրություն"
1461,Երդվյալը: Ջաբրայիլի արծիվը,Մարիաննա Շահինյան,https://zangakbookstore.am/media/products/300x0/e76cdf6ff0aa949a9191fae4564c2f1b.jpeg,https://zangakbookstore.am/erdvyaly-jabrayili-artsivy,,16.0,Unknown
1462,Թղթախաղը,Մելիք Հակոբյան,https://zangakbookstore.am/media/products/300x0/b935aeed44ede5d60238c87edd9e4557.jpg,https://zangakbookstore.am/tkhtakhakhy,"Այս վեպը նորօրյա կյանքի պատկերն է։ Դետեկտիվ սյուժեն՝ համեմված թրիլերային զարգացումներով, մշտապես լարված է պահում ընթերցողին։ Կերպարները առեղծվածային մի իրադրության մեջ են գտնվում, թվում է թե հայտնվել են փակուղում և ամենքն էլ դատապարտված են։ Անտրամաբանական թվացող սպանությունները խաղի մի մասն են կազմում, բայց ի՞նչ կա այդ խաղի մեջ թաքնված։",16.0,"Առեղծված, Դետեկտիվ"
1463,Սևուսպիտակ կազմով գիրքը,Գրիգոր Գրիգորյան,https://zangakbookstore.am/media/products/300x0/345cc3691c8c111a83e2392581c7c234.jpg,https://zangakbookstore.am/sevuspitak-kazmov-girqy,"«Սևուսպիտակ կազմով գիրքը» ծնվեց այն ժամանակ, երբ օրերը բաղկացած էին միայն գիշերներից, երբ տիեզերքում աստղերի փայլը դավադրաբար խամրեց, երբ Հայրենիքում ավելի շատ մահ կար, քան ծնունդ, երբ օդում թևածող երջանիկ ժպիտները փոխարինվեցին հոգեմաշ արցունքներով,  երբ իրականության բոլոր երանգները իրենց տեղը զիջեցին սևին, երբ սատանան հեգնում էր Աստծուն, երբ չկար սկիզբ, ու ամենուր ավարտ էր․․․ «Սևուսպիտակ կազմով գիրքը» ծնվել է որպես շարունակություն՝ վերապրելու և արարելու պահանջ ներկայացնելով բոլորիս։",16.0,"Դրամա, Թրիլլեր"
1464,Սևուսպիտակ կազմով գիրքը,Գրիգոր Գրիգորյան,https://zangakbookstore.am/media/products/300x0/51b81b2b16409f1d1b91cef917136a58.jpg,https://zangakbookstore.am/sevuspitak-kazmov-girqy-papuk,"«Սևուսպիտակ կազմով գիրքը» ծնվեց այն ժամանակ, երբ օրերը բաղկացած էին միայն գիշերներից, երբ տիեզերքում աստղերի փայլը դավադրաբար խամրեց, երբ Հայրենիքում ավելի շատ մահ կար, քան ծնունդ, երբ օդում թևածող երջանիկ ժպիտները փոխարինվեցին հոգեմաշ արցունքներով,  երբ իրականության բոլոր երանգները իրենց տեղը զիջեցին սևին, երբ սատանան հեգնում էր Աստծուն, երբ չկար սկիզբ, ու ամենուր ավարտ էր․․․ «Սևուսպիտակ կազմով գիրքը» ծնվել է որպես շարունակություն՝ վերապրելու և արարելու պահանջ ներկայացնելով բոլորիս։",16.0,"Դրամա, Թրիլլեր"
1465,Պոեմներ,Պարույր Սևակ,https://zangakbookstore.am/media/products/300x0/c498b0a5b808c60e2542c2fdf6010eed.jpg,https://zangakbookstore.am/poemner,"Գիրքն իր տեսակով բացառիկ է, քանզի մեկտեղվել են Պարույր Սևակի բոլոր տպագրված պոեմները։ Չորրորդ հրատարակության մեջ ուղղվել են նկատված վրիպակները, փոխվել է պոեմների հերթագայությունը։",12.0,"Պոեզիա, Առեղծված"
1466,Մանյունյա,Նարինե Աբգարյան,https://zangakbookstore.am/media/products/300x0/7455889a3b995978afcb096301848db6.jpg,https://zangakbookstore.am/manyunya-3,"«Մանյունյան» լուսավոր, արևով ու հայկական բերքուբարիքի համուհոտով ներծծված մի արտասովոր պատմություն է Բերդում անցկացրած մանկության, երկու ընկերուհիների՝ Նարինեի ու Մանյունյայի, խիստ ու բարի Տայի՝ Մանյունյայի տատիկի, շարունակ խառնաշփոթ իրավիճակներում հայտնվող բազմաթիվ ազգականների մասին: Քնքույշ ու ծիծաղաշարժ դիպվածքներով լի մանկություն, որ մարդուն երջանիկ է դարձնում ամբողջ կյանքում։ Գիրքը հասցեագրված է չափահաս մանուկներին և պատմում է այն զարմանալի մարդկանց մասին, որոնք ինչ-որ կերպ հաջողացրել են մեծանալ առանց վայֆայի ու համակարգչային խաղերի:",12.0,"Կատակերգություն, Դրամա"
1467,Խանդը,Ալեն Ռոբ-Գրիյե,https://zangakbookstore.am/media/products/300x0/088e6d95dcbbf3205d932a387834e821.jpg,https://zangakbookstore.am/khandy,,16.0,Unknown
1468,Էմմա,Ջեյն Օսթին,https://zangakbookstore.am/media/products/300x0/d6701269fc32655121a72477a496bd00.jpg,https://zangakbookstore.am/emma-6,"Էմմա Վուդհաուսը՝ «վայելչատես, խելացի ու հարուստ», քսանմեկ տարեկանում որոշում է, որ ամուսնությունն իր համար չէ, ինքը պետք է ընդմիշտ մնա ծերունի հոր կողքին, իսկ իր խորաթափանցությունը, եռանդն ու բոլոր ուժերն ի սպաս դնի մերձավոր շրջապատի երիտասարդների ճակատագրերը միավորելու գործին:
Հարթֆիլդ կալվածքի շնորհաշատ տիրուհու բարի մտադրությունները, ազնվությունն ու մտավոր բարձր կարողությունները կասկածից վեր են, սակայն նրա կերպարով ընդհանուր առմամբ հիացող անաչառ ընթերցողը մեկ անգամ չէ, որ նրա հանդեպ զայրույթով կլցվի իրասածի, անխոհեմ արարքների համար: Բարեբախտաբար, Էմմայի կողքին մանկությունից ի վեր կա մի կորովամիտ բարեկամ, որը միշտ կարողանում է նկատել ու մատնանշել նրա սխալները, ճիշտ ճանապարհի բերել նրան: Ու հենց այդ վաղեմի բարեկամին էլ վիճակված է ի վերջո դրժել տալ երբեք չամուսնանալու նրա որոշումը:",16.0,"Ռոմանս, Դրամա"
1469,Մայրիկ,Անրի Վերնոյ,https://zangakbookstore.am/media/products/300x0/8dd3ccbb9e11c7ca13c7d26057783e8e.png,https://zangakbookstore.am/mayrik,"Ֆրանսահայ հայտնի կինոռեժիսորի ինքնակենսագրական այս գիրքը հուզիչ պատում է ճակատագրի բերումով Ֆրանսիայում ապաստանած հայ ընտանիքի մասին: Անծանոթ աշխարհի անտարբերության ու սառնության օղակում մի բուռ մարդիկ ապավինում են իրենց անսահման աշխատասիրությանը և բարությանը, դրանով իսկ նվաճում վերապրելու իրենց իրավունքը:",16.0,"Դրամա, Կենսագրություն"
1470,Սիմոն,Նարինե Աբգարյան,https://zangakbookstore.am/media/products/300x0/b1b10610e0dcf694e378f5d5815c3525.jpg,https://zangakbookstore.am/simon-1,"Հայկական փոքրիկ գյուղաքաղաքում՝ Բերդում, մահանում է որմնադիր Սիմոնը: Նա երկար կյանք է ապրել, վայելել է շրջապատի հարգանքը և հայտնի եղել սիրային արկածներով: Սիմոնը շատ էր սիրում կանանց։ Յուրաքանչյուր նոր սիրավեպի տրվում էր անմնացորդ, հրապուրվում էր, աստվածացնում, խանդում, բայց կարողանում էր արժանապատվորեն հրաժեշտ տալ:
Սա է պատճառը, որ թաղմանը հանդիպում են նրա սիրելի կանայք՝ պճնված Սև-Մուշեղանց Սոֆյան, Ամերիկայից որդիների ուղարկած հագուստով Թևոսանց Էլիզան, քիթը տնկած Բոչկանց Սուսաննան, դստերը Ռուսաստանում բարեհաջող ամուսնացրած Որբևայրի Սիլվան և, իհարկե, Սիմոնի օրինական կինը՝ Մելանյան, որը տարիներ շարունակ համբերատար դիմացել էր ամուսնու սիրառատ բնավորությանը:
Այս բոլոր կանայք շատ տարբեր են, բայց շուտով պարզ է դառնում, որ նրանցավելի շատ բան է միավորում, քան ուղղակի նույն տղամարդուն սիրելը, և որ յուրաքանչյուրի համար Սիմոնի հետ հանդիպումը բախտորոշ է եղել:",16.0,"Ռոմանս, Դրամա"
1471,Հպարտություն և նախապաշարմունք,Ջեյն Օսթին,https://zangakbookstore.am/media/products/300x0/47c01c5454a2956da0c3b475b42d9bf7.jfif,https://zangakbookstore.am/hpartutyun-ev-nakhapasharmunq,"Անգլիացի հարուստ հողատեր Դարսին հմայվում է մանր ազնվականի դուստր Էլիզաբեթի աշխույժ մտքով և արժանավայել պահվածքով։ Թվում է՝ երիտասարդի հասարակական դիրքից ու ազգակցական կապերից բխող հպարտությունը և նրա մասին տեղի հասարակության բացասական կարծիքից առաջացած՝ աղջկա նախապաշարմունքը բացառում են, որ իրականանա Էլիզաբեթի մոր թերևս միակ երազանքը՝ ամուսնացած տեսնել իր հինգ դուստրերին… Ջեյն Օսթինի այս ստեղծագործությունը գրավում է հետաքրքրական ու խոսուն կերպարներով, որոնք իրենց ժամանակի ծնունդը լինելով՝ արդիական են բոլոր ժամանակների համար։",16.0,"Երիտասարդական, Դրամա"
1472,Կարմիրը և սևը,Ստենդալ,https://zangakbookstore.am/media/products/300x0/3e54a763a463b8630bd4bd2cc8be5497.jpg,https://zangakbookstore.am/karmiry-ev-sevy-1,"Ստենդալի «Կարմիրը և սևը» նշանավոր վեպը հայերեն առաջին անգամ տպագրվել է երկու գրքով` հատոր I` 1941թ., հատոր II` 1949թ.` Ավետիք Իսահակյանի խմբագրությամբ: Ցավոք, թարգմանիչների` Բ. Հարությունյանի և Ա. Ջրբաշյանի մասին կենսագրական տեղեկություններ չհաջողվեց պարզել: Ստույգ չէ`թարգմանությունը կատարվել է բնագիր, թե միջնորդ լեզվից: Սույն հրատարակությունն իրականացվում է մեկ գրքով: Տեքստը գրեթե հիմնովին վերախմբագրված է:",16.0,"Պոեզիա, Կենսագրություն"
1473,Ենոքի աչքը,Գուրգեն Խանջյան,https://zangakbookstore.am/media/products/300x0/f21a839cb3f0848a839d6bd8d0984d09.jpg,https://zangakbookstore.am/enoqi-achqy-papuk-kazm,"Ճակատագրեր, անհատականություններ, ներփակ բնավորություններ, որ հարաբերվում են վիպական ինքնատիպ տարածության մեջ՝ միմյանցից անկախ վերհանելով ընդհանրական խնդիրներ, իբրեւ առանցք ունենալով ապակե աչքի ամենատես ոսպնյակը:",16.0,"Դրամա, Գիտական ​​ֆանտաստիկա"
1474,Այսպես խոսեց զրադաշտը,Ֆրիդրիխ Նիցշե,https://zangakbookstore.am/media/products/300x0/99623d7ace76d56fe2718c3a8516aa41.jpg,https://zangakbookstore.am/ayspes-khosets-zradashty,"«Այսպես խոսեց Զրադաշտը» գերմանացի փիլիսոփա Ֆրիդրիխ Վիլհելմ Նիցշեի (1844-1900) կենտրոնական երկերից է, որում բանաստեղծական շնչով ի մի են բերված նրա հիմնական հայացքները: Հայերեն ամբողջությամբ առաջին անգամ հրատարակվել է 2002 թ.: Սա գրքի չորրորդ` վերամշակված հրատարակությունն է, որը բոլոր կարգի անդրադարձների, հղումների և մեջբերումների համար առ ոչինչ է դարձնում նախորդները:",16.0,"Պոեզիա, Դրամա"
1475,Կիկոսի վերադարձը,Արմեն Օհանյան,https://zangakbookstore.am/media/products/300x0/3ee5bd64d78e38526c6e3703d19364ce.png,https://zangakbookstore.am/kikosi-veradardzy-papuk-kazm,"Ժողովածուն հեղինակի առաջին գիրքն է, որտեղ ընդգրկված պատմվածքները, իր իսկ բնորոշմամբ, հայ ինտերակտիվ արձակի նմուշներ են, որոնց հատուկ են համահեղինակության եւ խաղի սկզբունքները։ Իբրեւ համահեղինակ կարող են հանդես գալ ինչպես արդեն կայացած գրողներ («Թռչող հեծանիվ», «Խորհրդավոր նախաճաշ»), այնպես էլ ցանկացած ընթերցող («Պ(ոչ)ԱՏՈՒՄ»)։ Խաղը Արմեն Օհանյանի գործերի անքակտելի մասն է, ընթերցողին ներգրավերլու եւ արդի հայ գրական գործընթացի մեկուսացումը հաղթահարելու նրա նախընտրած միջոցը («Պահմտոցի», «Գերաստղ Մարիո», «Մատրյոշկա», «Ով է ուզում դառնալ միլիոնատեր»)։ Որպես պոստմոդեռնիզմի հետեւորդ՝ նա վերաիմաստավորում է անցյալը՝ հայ արձակում տարածք բացելով թե հին, թե նոր հերոսների համար («Կիկոսի վերադարձը», «Կարմիր բերետ», «Ռադիո Երեւան»):",16.0,"Կենսագրություն, Պոեզիա"
1476,Սադի տակի շենքը,Անուշ Սարգսյան,https://zangakbookstore.am/media/products/300x0/0762a967f2da1445edfd28fb8b5796a6.jpg,https://zangakbookstore.am/sadi-taki-shenqy-1,,16.0,Unknown
1477,Շառլ Ազնավուր: Դարի երգիչը,Շառլ Ազնավուր,https://zangakbookstore.am/media/products/300x0/43932254e0d8bde0962d78008c9e5d2b.jpg,https://zangakbookstore.am/sharl-aznavur-dari-ergichy,,16.0,Unknown
1478,Կյանքը հին հռովմեական ճանապարհի վրա,Վահան Թոթովենց,https://zangakbookstore.am/media/products/300x0/254464c2539a82d593cade5592762a87.jpg,https://zangakbookstore.am/kyanqy-hin-hrovmeakan-chanaparhi-vra-1,,16.0,Unknown
1479,Օվկիանոս,Արամ Պաչյան,https://zangakbookstore.am/media/products/300x0/526d2471895fe7e7a996f962deecd5eb.jpg,https://zangakbookstore.am/ovkianos,"«Օվկիանոս» ժողովածուն ներառում է արդի հայ արձակի լավագույն ներկայացուցիչներից մեկի՝ Արամ Պաչյանի նոր պատմվածքներն ու էսսեները: Նրա ինքնատիպ ու արդեն ճանաչելի գրողական ձեռագիրն այստեղ երևան է բերում նոր կարելիություններ՝ ժանրային, թեմատիկ և այլ մասնավորություններում:",16.0,"Պոեզիա, Կենսագրություն"
1480,Անգետ ուսուցիչը,Ժակ Ռանսիեր,https://zangakbookstore.am/media/products/300x0/f7039f2620a44dbf655b45009a1bf555.jpg,https://zangakbookstore.am/anget-usutsichy,,16.0,Unknown
1481,Փախչող քաղաքը,,https://zangakbookstore.am/media/products/300x0/6ebf1ae0c9510624acd8f28264a60314.jpg,https://zangakbookstore.am/pakhchokh-qakhaqy,,16.0,Unknown
1482,Անվերնագիր փորձություն,Կարինե Աթաբեկյան,https://zangakbookstore.am/media/products/300x0/35b30f7a6ec9a2d79d816fd482a82298.jpg,https://zangakbookstore.am/anverjnagir-pordzutyun,,16.0,Unknown
1483,Ապրած և չապրած տարիներ,Վարդգես Պետրոսյան,https://zangakbookstore.am/media/products/300x0/2dc8462c7f719644a74956b2f1b59440.png,https://zangakbookstore.am/aprats-ev-chaprats-tariner,"Լևոնը հայտնի լրագրող է։ Փորձում է կյանքն անցկացնել սեփական սկզբունքներին հավատարիմ մնալով։ Լևոնին գործուղում են գյուղ, որպեսզի ռեպորտաժ պատրաստի ինքնասպան եղած դեռահասների՝ Հասմիկի ու Սերոբի մասին։ Լևոնը իր որոնումներում փորձում է հասնել ճշմարտությանը անգամ այնտեղ, ուր ստիպված է լինում դեմ գնալ սեփական վարք ու բարքին։ Սակայն քչերն են համարձակվում կանգնել նրա կողքին։ Լևոնը գրում է հոդվածը, սակայն քննարկման արդյունքում որոշվում է, որ նրա պատրաստած նյութը չի համապատասխանում ժամանակի գաղափարախոսությանը և պիտի ենթարկվի փոփոխությունների։ Վիպակը Լևոնի և նրան շրջապատող մարդկանց ապրած և չապրած տարիների մասին է։ Հեղինակը փորձում է ցույց տալ, որ մարդու ապրած տարիները չէ, որ պետք է ապրած համարել։ Լևոնի համադասարանցիներից միայն չորսն են գալիս նրա կազմակերպած հերթական հանդիպմանը։ Վեպը ներկայացնում է տարբեր ճակատագրեր՝ Տաթևիկին, որն աշխատում է այն դպրոցում, որում սովորում էին Հասմիկն ու Սերոբը, դպրոցի տնօրենին, Լևոնի եղբորը, որն իր մեջ սպանել էր բանաստեղծին և զբաղվում էր հաշվապահությամբ, Աշոտին՝ Լևոնի մտերիմ ընկերոջը, ընկերոջ որդուն` Արայիկին, թերթի խմբագրին, թերթի տնօրենին և ուրիշներին։ Նրանք բոլորն էլ ունեն ընտանիք, աշխատանք, ընկերներ, հոգսեր, նպատակներ, հանդիպում են ընկերների հետ, ուտում, խմում։ Սակայն հարց է. ապրու՞մ են արդյոք․ «Սուտ է, աշխարհում ոչ մեկից ու ոչ մի բանից հետք չի մնում. ոչ ավազի վրա, ոչ ուրիշների հիշողության մեջ, ոչ ժամանակի ծալքերում։ Մարդուն մնում են միայն ապրած և չապրած տարիները»։",14.0,"Երիտասարդական, Կենսագրություն"
1484,Կյանքը հին հռովմեական ճանապարհի վրա,Վահան Թոթովենց,https://zangakbookstore.am/media/products/300x0/0a6b70f929003bc99109184e9bce8f43.jpg,https://zangakbookstore.am/kyanqy-hin-hrovmeakan-chanaparhi-vra,"«Իմ գրադարանը» մատենաշարով հրատարակվել է Վահան Թոթովենցի ստեղծագործությունների ժողովածուն: Այն ներառում է հեղինակի պատմվածքներն ու վիպակները, ինչպես նաև դիմանկարներ շարքը: Թոթովենցի գրական հարուստ ու բազմաժանր ժառանգությունն իր թեմատիկ ատաղձով և լեզվաոճական մակարդակով մի ուրույն գեղավեստական համակարգ է, որ ձևավորվել է արևմտյան, սփյուռքահայ, խորհրդահայ պայմաններում:«Իմ գրադարանը» մատենաշարի յուրաքանչյուր գրքում ներկայացված են հայ դասական գրողների լավագույն գործերը: Մատենաշարը հասցեագրված է դպրոցականներին, ուսանողներին, մեծահասակ ընթերցողներին և առհասարակ բոլոր նրանց, ովքեր սիրում են հայ գրականությունը:",16.0,"Պոեզիա, Կենսագրություն"
1485,Հայրս՝ այդ հսկան,Շառլ Ազնավուր,https://zangakbookstore.am/media/products/300x0/db648349afb7034c243ba2f839d41403.jpg,https://zangakbookstore.am/hayrs-ayd-hskan,"Ազնավուրը ներկայանում է հումորի եւ երեւակայության 16 զարդով, որոնք լեցուն են անակնկալներով, դրամայով ու երջանիկ լինելու խոհափիլիսոփայությամբ։ 16 նովել եւ պատմվածք, որոնք տարիների ընթացքում գրել է մեծ շանսոնյեն եւ այժմ ներկայացնում է մեկ ժողովածուով։",14.0,"Դրամա, Կատակերգություն"
1486,Կատուն կին է,Լուսանե Ջալալյան,https://zangakbookstore.am/media/products/300x0/5cc58818ff9d1bc32eb5edbd0ba6a8b2.jpeg,https://zangakbookstore.am/katun-kin-e,,16.0,Unknown
1487,Ռոդենի ձմեռը,Դավիթ Սամվելյան,https://zangakbookstore.am/media/products/300x0/75d8aae4db8d9bd6ddb0e354be2da37c.jpg,https://zangakbookstore.am/rodeni-dzmery-1,"​«Ռոդենի ձմեռը» Դավիթ Սամվելյանի չորրորդ գիրքն է «Լուսե Երազ», «Նա և նրա», «Արտագաղթած կարոտ» ժողովածուներից հետո: Գիրքը ներառում է պատմվածքներ ու էսսեներ, որոնց առանցքային թեմաներն են մարդկային բնավորությունների ու խառնվածքների հակադրությունները, «մութ ու ցուրտ տարիները», այդ օրերի կոլորիտը, մարդկանց պահվածքի ու ներաշխարհի, փոխհարաբերությունների փոփոխությունները տարիների ընթացքում:",16.0,"Պոեզիա, Դրամա"
1488,Ուլիսես,Ջեյմս Ջոյս,https://zangakbookstore.am/media/products/300x0/334c1ee03eec238d4306dbc2da818813.jpg,https://zangakbookstore.am/ulises,,16.0,Unknown
1489,Անմոռուկի փակուղի,Լուսինե Խառատյան,https://zangakbookstore.am/media/products/300x0/f1c709178d7c2c5ab1f8ffaca97cb5b7.png,https://zangakbookstore.am/anmoruki-pakukhi-papuk-kazm,"Լուսինե Խառատյանի «Անմոռուկի փակուղի» ժողովածուում ընդգրկված պատմվածքները մեկ թեմատիկ ամբողջություն են և միմյանց լրացնելով՝ վեր են հանում ազգային ինքնության, բարդույթների, ազատությունների սահմանափակման բարդ և հակասական բազմաթիվ հարցեր, որոնք ներփակ տարածականության մեջ խտանալով՝ վերածվել են ազգային հոգեվիճակի: Խոսելով ու պատմելով «անմոռուկի բարդույթի» և «երևանյան հիվանդության» տիպիկ համախտանիշների մասին՝ հեղինակը հնարավորություն է տալիս բացել սահմանները, դուրս գալ փակուղուց և տեսնել «սարի հակառակ կողմի» արտապատկերը:",16.0,"Դրամա, Գիտական ​​ֆանտաստիկա"
1490,Շերլոք Հոլմսի արկածները 2,Արթուր Կոնան Դոյլ,https://zangakbookstore.am/media/products/300x0/2e09f293d7429855fc15eba9c485fd66.jpg,https://zangakbookstore.am/sherloq-holms-mas-2,"«Շերլոք Հոլմսի արկածները» ժողովածուն սըր Արթուր Քոնան Դոյլի հեղինակած պատմվածքների հավաքածուն է՝ բաղկացած 12 ստեղծագործությունից: Առաջին՝ «Սկանդալը Բոհեմիայում» պատմվածքը տպագրվել է «Ստրենդ» ամսագրում 1891 թվականին: Գիրքը հրատարակվել է 1892 թվականին և համարվում է Հոլմսի մասին պատմվածքների առաջին հավաքածուն: Պատմությունները ժամանակագրական հերթականությամբ չեն ներկայացված, և, բացի Շերլոք Հոլմսից և բժիշկ Ուոթսոնից, բոլոր հերոսները տարբեր են:",12.0,"Արկածային, Պոեզիա"
1491,"Շերլոք Հոլմս։ Արնագույն գործը, Չորսի նշանը 1",Արթուր Կոնան Դոյլ,https://zangakbookstore.am/media/products/300x0/27abafd5f5e38902d50e99214d1f4950.jpg,https://zangakbookstore.am/sherloq-holms-mas-1,"«Արնագույն գործը» վիպակում առաջին անգամ ծանոթանում ենք Շերլոք Հոլմսի մեթոդին, ինչպես նաև տեղի է ունենում նրա և իր հավատարիմ ընկերոջ ու կենսագրի՝ բժիշկ Ջոն Ուոթսոնի հանդիպումը. վերջինիս անունից էլ ներկայացված է ստեղծագործությունների մեծամասնությունը:
Սակայն Հոլմսի իրական հաջողության պատմությունը սկսվեց «Չորսի նշանը» վիպակի հրատարակումից հետո: Վիպակի սյուժեն մշտապես լարվածության մեջ է պահում ընթերցողին՝ իր անսպասելի շրջադարձերով ու խորհրդավոր դեպքերի շարքի հետաքրքիր հանգուցալուծմամբ:",12.0,"Դրամա, Ռոմանս"
1492,Նորմալ մարդիկ,Սալի Ռունի,https://zangakbookstore.am/media/products/300x0/05d604d880328b8b3cd42db8efb37de8.jpg,https://zangakbookstore.am/normal-mardik,"Քոնելն ու Մարիաննան մեծացել են միեւնույն փոքր, պրովինցիալ քաղաքում, բայց նմանությունները դրանով ավարտվում են: Դպրոցում Քոնելը հայտնի է ու սիրված, իսկ Մարիաննան միայնակ է: Բայց երբ նրանք մի անգամ զրույցի են բռնըվում, նրանց կյանքը մեկեն փոխվում է:

Մի տարի անց երկուսն էլ Դուբլինում են, Թրինիթի քոլեջում: Մարիաննան մտնում է նոր սոցիալական միջավայր, մինչդեռ Քոնելը երկչոտ ու անվճռական պատանու պես երկրորդական դերում է: Համալսարանում Մարիաննան ու Քոնելը երբեմն միասին են, բայց հաճախ՝ ուրիշներով տարված։ Նրանք մագնիսի պես ձգում են միմյանց, քանի որ անդիմադրելի կապվածություն են զգում:

Սակայն Մարիաննան ոտք է դնում ինքնակործանման արահետ, Քոնելն էլ սկսում է կյանքի իմաստը փնտրել իր կարիերայում։ Ե՛վ Մարիաննան, եւ՛ Քոնելը պետք է առանձին-առանձին որոշեն, թե իրենց կյանքում ի՛նչը պետք է զոհաբերեն հանուն սիրելի էակի:",18.0,"Դրամա, Ռոմանս"
1493,Մի կյանքի պատմություն,Ստեփան Զորյան,https://zangakbookstore.am/media/products/300x0/bb8d93942e330610b3f8f244811fb207.jpg,https://zangakbookstore.am/mi-kyanqi-patmutyun,,,Unknown
1494,Գնդապետին գրող չկա,Գաբրիել Գարսիա Մարկես,https://zangakbookstore.am/media/products/300x0/150aedfe497de9d6e62f0c69aaa9967b.jpg,https://zangakbookstore.am/gndapetin-grokh-chka,,16.0,Unknown
1495,Ֆաուստ,Յոհան Վոլֆգանգ Գյոթե,https://zangakbookstore.am/media/products/300x0/88e500215512796a91985cda02a057e8.jpg,https://zangakbookstore.am/faust-3,"""Յոհան Վոլֆգանգ Գյոթեի (1749-1832) կոթողային «Ֆաուստ» ողբերգությունը
համաշխարհային գրականության գագաթներից մեկն է և մեծ ազդեցություն
է թողել տարբեր ժողովուրդների մշակույթի վրա։""",16.0,"Դրամա, Պոեզիա"
1496,Կասկադ 6․15,Մարիաննա Հակոբյան,https://zangakbookstore.am/media/products/300x0/df6f56b1df00d99c23e35768cbaa91ad.jpg,https://zangakbookstore.am/kaskad-615,"Սեր և վայելք, երջանկության սպասում ու հիասթափություն, տառապանք ու հոգևոր վերածնունդ. «Կասկադ. 6.15» վեպի հերոսուհին անցնում է հոգևոր հասունացման «կասկադի» աստիճանները, գտնում իրեն ու երջանիկ լինելու ճանապարհը: Սիրելիից բաժանման ցավի մեջ բացահայտում սիրո ու հոգեկան ներդաշնակության հասնելու գաղտնիքը: Հոգեբանական նուրբ անցումներով ու հումորով գրված այս վեպում մեր իրականությունն ու կյանքը գծագրվում են հետաքրքիր մանրամասներով, հակասական, բայց համակրելի կերպարներով ու երևանյան հարազատ պատկերներով: Ծանոթ խնդիրները նոր ու անսպասելի լուծումներ են ստանում, որոնք կգրավեն ու կմոտիվացնեն ընթերցողին:",16.0,"Դրամա, Կատակերգություն"
1497,Լիսաբոնի գիշերը,Էրիխ Մարիա Ռեմարկ,https://zangakbookstore.am/media/products/300x0/debe46b04189001518a56f4c752466d3.jpg,https://zangakbookstore.am/lisaboni-gishery,"1942 թիվ։ Լիսաբոնի Կաի նավահանգստում մի տղամարդ սևեռուն նայում էր նավին։ Նա գերմանացի էմիգրանտ էր։ Ամերիկա մեկնող նավը՝ տապան, Ամերիկան Արարատ լեռ էր էմիգրանտների համար։ Նրան է մոտենում մի տղամարդ և նավի երկու տոմս նվիրում՝ փոխարենը խնդրելով այդ գիշեր իրեն մենակ չթողնել և լսել իր պատմությունը, որ սկսվում էր 1933-ին՝ Օսնաբրյուքում, և ավարտվում այդ գիշեր Լիսաբոնի Կաի նավահանգստում՝ Եվրոպայի փախստականների վերջին թաքստոցում։ Նավը, որ կանգնած է Տեժուում և որ իր փրկությունը պիտի լիներ, այլևս ոչ մի արժեք չունի, քանի որ կորցրել է կնոջը, հանուն որի իր համար թանկ էր ազատությունը։

Ռեմարկի այս վեպը, որ լույս տեսավ 1963-ին, ճշմարտապատում նկարագրությունն է էմիգրանտների դժխեմ ճակատագրի, իսկ սերն ու մահը գոյության պարտադիր ուղեկիցներն են։",16.0,"Դրամա, Ռոմանս"
1498,Լռակյաց հիվանդը,Ալեքս Մայքլիդիս,https://zangakbookstore.am/media/products/300x0/7eae194c1a9824e17e2347c2f3d74b9c.jpg,https://zangakbookstore.am/lrakyats-hivandy,"Ալիսիա Բերենսոնի կյանքը, թվում է, կատարյալ է: Հայտնի նկարչուհին ամուսնացած է նորաձևության ոլորտում հանրահայտ լուսանկարչի հետ, ապրում է Լոնդոնի հեղինակավոր թաղամասում: Մի օր, ուշ երեկոյան, ամուսինը՝ Գաբրիելը, վերադառնում է նկարահանումից, և Ալիսիան 5 անգամ կրակում է նրա դեմքին, ինչից հետո այլևս ոչ մի բառ չի արտասանում:

Ալիսիան հրաժարվում է խոսել կամ որևէ կերպ բացատրել եղելությունը, ինչի պատճառով ընտանեկան ողբերգությունը վերածվում է մեծ առեղծվածի, որը բորբոքում է հանրության երևակայությունը։ Ալիսիան անմիջապես հայտնի է դառնում, իսկ նա՝ լռակյաց հիվանդը, գովազդային վահանակներից ու հանրության ուշադրությունից թաքնվում է հոգեբուժարանում:

Թեո Ֆաբերը քրեական հոգեթերապևտ է. նա երկար է սպասել Ալիսիայի հետ աշխատելու հնարավորությանը: Որոշել է ստիպել, որ Ալիսիան խոսի և բացահայտի, թե ինչու է սպանել ամուսնուն:",16.0,"Դրամա, Առեղծված"
1499,Սրտխառնոց,Ժան-Պոլ Սարտր,https://zangakbookstore.am/media/products/300x0/ec2474e7228c66a27a56ea6f39c01552.jpg,https://zangakbookstore.am/srtkharnots,"Շվեդական ակադեմիան 1964-ին գրականության բնագավառի իր Նոբելյան մրցանակը շնորհում է Ժան-Պոլ Սարտրին, սակայն վերջինս հրաժարվում է մրցանակից՝ չցանկանալով պարտական լինել որևէ սոցիալական ինստիտուտի և դրանով վտանգել իր անկախությունը։ «Սրտխառնոց»-ը (1938) Սարտրի ամենահայտնի վիպական ստեղծագործությունն է, որն անփոխարինելի օղակ է 19-րդ դարի բալզակյան վեպից դեպի 20-րդ դարի նոր վեպ տանող ճանապարհին։",16.0,"Պատմական գեղարվեստական գրականություն, Դրամա"
1500,Դժոխքից վերադարձ կա,Գևորգ Գրիգորյան,https://zangakbookstore.am/media/products/300x0/5fab041b653323221c743aee1060612d.jpg,https://zangakbookstore.am/dzhokhqits-veradardz-ka,"«Կինոնկարի հենքում իրական իրադարձություններ են» մակագիրը ակամայից տրամադրում է ինչ-որ արտառոց, հափշտակիչ ակնկալիքի: Այս գիրքը ոչ թե հիմնված է իրական իրադարձությունների վրա, այլ այստեղ ամենաիրական պատմություններ են, բացարձակ զերծ գունազարդումներից կամ ընթերցողի ուշադրությունը բևեռող այլ հնարքներից: Ավելին՝ անգամ հարթվել են սուր անկյունները, որպեսզի անհարկի չգրգռեն նրբակիրթ ընթերցողի նյարդերը: Անհավանականը միայն այն է, որ այս ամենը կատարվել է ոչ թե խավարամիտ միջնադարում, այլ մերօրյա բարեհունչ մարդասիրության դարաշրջանում…",16.0,"Դրամա, Կատակերգություն"
1501,Դատավճիռ,Անահիտ Քնարյան,https://zangakbookstore.am/media/products/300x0/9c5ff0245ae28e537bc97ccba2c60ef4.jpg,https://zangakbookstore.am/datavchir,,16.0,Unknown
1502,Կորսված ԴՆԹ,Լևոն Ռուխկյան,https://zangakbookstore.am/media/products/300x0/254f5c200dda811a2ad8f70d3d084978.jpg,https://zangakbookstore.am/korsvats-dnt,"Ի՞նչ գաղտնիք է թաքցնում առաջին քրիստոնյա երկիրը, և ովքե՞ր են պահում այն։ Երբ Էջմիածնի ստորգետնյա գանձարանից կհափշտակվի անգին մասունքը՝ Սուրբ Գեղարդը, նշված բոլոր հարցերի պատասխանները կփորձեն գտնել ԱԱԾ–ի գաղտնի բաժնի գործակալներն Ինտերպոլի հետ համատեղ։ Արդյո՞ք կհաջողվի նրանց դուրս գալ հանցագործության պատվիրատուի հետքի վրա՝ պարզելու, թե իրականում ով է գանձարանում սպանվածը։ Եվ վերջապես ամենակարևոր հարցը. կհաջողվի՞ արդյոք կանխել ժամանակների ամենահրեշավոր մտահղացումը։",16.0,"Առեղծված, Դետեկտիվ"
1503,Կոալա,Լուկաս Բերֆուս,https://zangakbookstore.am/media/products/300x0/ed15829afbde554155afc52b7f9a2f66.png,https://zangakbookstore.am/koala,"Ո՞ւր կարող են տանել հարազատի մահվան կորստից ծնված մտքերը, երբ սուգը չունի պատշաճ բովանդակություն, քանի որ չես ճանաչել, սիրել ու գնահատել նրան: Եղբայրը զլացել կամ գուցե ծուլացել էր շարադրել իր մահվան պատճառները, ինչը հուսահատեցնող, բայց նաև գայթակղիչ է որպես ինքնասպանության հետազոտության նյութ… Ընթերցողն անակնկալ կերպով հայտնվում է Ավստրալիայում հենց այն բրիտանական նավերի հետ, որոնք լի էին թագավորության բանտերում այլևս չտեղավորվող հանցագործներով:",16.0,"Դրամա, Թրիլլեր"
1504,Ես անուն չունեմ,Սոնա Վան,https://zangakbookstore.am/media/products/300x0/2134b1288b56f792b19360ae215ed21d.jpg,https://zangakbookstore.am/es-anun-chunem,,16.0,Unknown
1505,Ակվարիում,Վիկտոր Սուվորով,https://zangakbookstore.am/media/products/300x0/3401efcd8c74431de3fbcbef6cd80085.jpg,https://zangakbookstore.am/akvarium,"Գրքում խորությամբ բացահայտվում է Գլխավոր հետախուզական վարչության նախկին բարձրաստիճան սպայի հոգեբանական սուր դրաման, հակասական կերպարն ու լարված փոխհարաբերությունները զինակիցների հետ, որոնք, ի վերջո նրան մղում են հայրենիքն ընդմիշտ լքելու բախտորոշ քայլին:",16.0,"Դրամա, Թրիլլեր"
1506,Նկարում եմ նապաստակ,Արմինե Բոյաջյան,https://zangakbookstore.am/media/products/300x0/845166be3b82699af06ee1d2a6acf1df.jpg,https://zangakbookstore.am/nkarum-em-napastak,"Այս վիպակը ծնվել է 1982 թվականին՝ հեղինակի հետ միասին։ Սա նրա հեքիաթի պրոյեկտումն է թղթին, սա հենց հեքիաթն է՝ մարմնավոր, այն նապաստակը, որ ամենքս նկարել ենք մեր բաժին ծառի տակ։ Աչքերը հեղինակինն են․ պատմողն ինքն է, որտեղ նա կախել է իր մարդկանց, իր պատմությունները, իր գույները։",16.0,"Կենսագրություն, Դրամա"
1507,Իմ ու օտարի սահմանագծին,Մարրի Շակկար,https://zangakbookstore.am/media/products/300x0/efc20b08f6957b3f2aef87ddee203640.jpg,https://zangakbookstore.am/im-u-otari-sahmanagtsin,"Կահիրեն. ահա այն բազմանիստ օտար միստիկ աշխարհը, որի ճակատագրի հետ հատվում է վեպի հերոսուհու՝ դեսպանի կնոջ ճակա տա գիրը՝ վերածվելով ահռելի մի ներկայացման: Որն է սեփականը և որը՝ օտարը: Հնարավո՞ր է սահմանում տալ սե փա կանին և օտարին, թե՞ մարդուն միայն թվում է, որ դրանք գոյություն ունեն:Գիրքը նրանց համար է, ում հուզում են մարդու ներքին որոնում ները, ով, հընթացս մեծ ճշմարտության ճանաչման, պատրաստ է թափանցել կատարվածի խորքերը, ով հետաքրքրվում է արևելյան առասպելաբանությամբ ու խորհրդապաշտությամբ, ում հրա պու րում է հին ու ժամանակակից Եգիպտոսը:",16.0,"Դրամա, Դետեկտիվ"
1508,Ամանեջ,Պարույր Սևակ,https://zangakbookstore.am/media/products/300x0/236193afd2fe5106a5a22f13871ed4f4.jpg,https://zangakbookstore.am/amanej,Ընթերցողին է ներկայացվում Պարույր Սևակի անտիպ «Ամանեջ» վեպը՝ ըստ հեղինակի արխիվի։ Երկրորդ լրամշակված հրատարակությունն է։,16.0,"Պոեզիա, Կենսագրություն"
1509,Իմ գրադարանը. Ստեփան Զորյան,Ստեփան Զորյան,https://zangakbookstore.am/media/products/300x0/d99b2c1cfd677751b536522cb3876700.jpg,https://zangakbookstore.am/im-gradarany-stepan-zoryan,"Ստեփան Զորյանը հայ գրականության այն վարպետներից է, որ իր երկերում ներկայացնում է Հայաստանի բարդ իրադրությունը չորրորդ դարում («Պապ թագավորը», «Հայոց բերդը», «Վարազդատ») և՛ ավելի ուշ ժամանակներում ու իր ապրած տարիներին: Բծախնդիր ու պահանջկոտ Զորյանը բարձրացրել է հայ արձակի մշակույթը, ստեղծել ստեղծագործություններ, որոնք աչքի են ընկնում ձևի նորությամբ, սեղմ շարադրանքով, նուրբ վարպետությամբ: Նրա թարգմանությունները հայ թարգմանական արվեստի նշանավոր գործերից են:",12.0,"Պատմական գեղարվեստական գրականություն, Դրամա"
1510,Իմ գրադարանը. Ավետիք Իսահակյան,Ավետիք Իսահակյան,https://zangakbookstore.am/media/products/300x0/7d0bbdbc3cd9a28e14cbe083669593f1.jpg,https://zangakbookstore.am/im-gradarany-avetiq-isahakyan,"Ավետիք Իսահակյանի՝ մեծ Վարպետի գրական ժառանգությունը ազգային հարստություններից է: Մեծ գրողի քնարական ստեղծագործությունները շատ հուզիչ են ու երաժշտական: Պատահական չէ, որ նրա շատ բանաստեղծությունների տեքստերով գրվել են բազմաթիվ ժողովրդական ու հեղինակային երգեր: Իսահակյանը բազմաժանր գրող է: Նրա երկերը թարգմանվել են բազմաթիվ լեզուներով և իրենց արժանի տեղն ունեն համաշխարհային գրականության գանձարանում:",12.0,"Պոեզիա, Կենսագրություն"
1511,Իմ գրադարանը. Ակսել Բակունց,Ակսել Բակունց,https://zangakbookstore.am/media/products/300x0/07f7689071eee115d1bf98c36f2aac0d.jpg,https://zangakbookstore.am/im-gradarany-aksel-bakunts,Ակսել Բակունցը հայ գեղարվեստական արձակի ամենատաղանդավոր ներկայացուցիչն է: Բակունցի ակնարկներում ու պատմվածքներում պատկերված են նրա հայրենի եզերքն ու մարդիկ: Նրա ստեղծագործությունների վրա… անհատական կնիք է դրված. այնքան թարմ են և ինքնուրույն…,12.0,"Պոեզիա, Կենսագրություն"
1512,Իմ գրադարանը․ Շիրվանզադե․ Քաոս,Ալեքսանդր Շիրվանզադե,https://zangakbookstore.am/media/products/300x0/5d8a5124c06b05538a59b83a14c743f9.jpg,https://zangakbookstore.am/im-gradarany-aleqsandr-shirvanzade-hator-1,"«Իմ գրադարանը» մատենաշարի սույն հատորով լույս է տեսնում Ալեքսանդր Շիրվանզադեի «Քաոս» վեպը: «Քաոս» վեպը Շիրվանզադեն գրել է «մի գերդաստանի ընտանեկան խռովության տպավորության տակ», ինչպես ինքն է ասել տարիներ անց: Նա մեծ հոգեբանի պես քննել է մարդկային ողբերգության պատճառներն ու ակունքները, տեսել հոգեբանական բարդ երևույթների արտաքին ազդակները, սոցիալական հիմքերը: Այս վեպը հայ քննադատական ռեալիզմի լավագույն նմուշներից է թե՛ գեղարվեստական և թե՛ գաղափարական առումով:",12.0,"Պոեզիա, Դրամա"
1513,Իմ գրադարանը. Ալեքսանդր Շիրվանզադե,Ալեքսանդր Շիրվանզադե,https://zangakbookstore.am/media/products/300x0/ffb13e3e4caa38eff36bc264c753b9b4.jpg,https://zangakbookstore.am/im-gradarany-aleqsandr-shirvanzade-hator-2,"«Իմ գրադարանը» մատենաշարով լույս է տեսնում Ալեքսանդր Շիրվանզադեի 2-րդ հատորը, որում ընդգրկված են «Պատվի համար», «Մորգանի խնամին», «Արտիստը» ստեղծագործությունները: Շիրվանզադեն բացառիկ դեր է խաղացել հայ դրամատուրգիայի և թատրոնի պատմության մեջ: Նա ընդլայնել է դրամատուրգիայի ժանրային սահմանները, ստեղծել է կենցաղային, սոցիալական, հոգեբանական և քաղաքական դրամաներ: «Արտիստը» վիպակում Շիրվանզադեն կերտել է մի գեղեցիկ կերպար՝ պատանի Լևոնի կերպարը և ցույց է տվել, թե ինչ ողբերգություն է ապրում գեղեցիկի տարերքով շնչող պատանին:",12.0,"Դրամա, Կենսագրություն"
1514,Առասպելներ և լեգենդներ,Ֆիլիպ ՈՒիլկինսոն,https://zangakbookstore.am/media/products/300x0/1872014800bbe8f4f7e3b2d21fedac56.gif,https://zangakbookstore.am/araspelner-ev-legendner,Բացառիկ լուսանկարներով ու պատկերներով այս գիրքն ընդգրկում է աշխարհի գրեթե բոլոր ժողովուրդների առասպելներն ու լեգենդները՝ Հին Հունաստանի հերոսների մասին պատմություններից մինչև Ավստրալիայի աբորիգենների հավատալիքները:,8.0,"Արկածային, Ֆանտաստիկա"
1515,Արթուր Միլլեր․ Պիեսներ,Արթուր Միլլեր,https://zangakbookstore.am/media/products/300x0/b2b2957cd6f548269efea478131cdb30.png,https://zangakbookstore.am/piesner-1,"Առաջին անգամ Հայաստանում և հայերեն լույս են ընծայվում Արթուր Միլլերի վաղ շրջանի հանրահայտ չորս ողբերգությունները՝ «Բոլոր իմ որդիները» (1947), «Վաճառողի մահը» (1949), «Սալեմի դատավարությունը» (1953), և «Տեսարան կամուրջից» (1955) թատերագրությունները, որոնք հեղինակին բերեցին միջազգային համբավ և մնում են նրա ամենաճանաչված գործերը ԱՄՆ–ում, Եվրոպայում և այլուր:",16.0,"Դրամա, Կենսագրություն"
1516,Լեդի Չաթըրլիի սիրեկանը,Դեյվիդ Հերբերթ Լոուրենս,https://zangakbookstore.am/media/products/300x0/e9f1203229075e483cc585e07f5710b7.jpg,https://zangakbookstore.am/ledi-chatyrlii-sirekany,,18.0,Unknown
1517,Սպիտակ Տոնդո,Սոնա Ավագյան,https://zangakbookstore.am/media/products/300x0/28017b4b6f0548d38d0d874b2da7bbc9.jpeg,https://zangakbookstore.am/spitak-tondo,,16.0,Unknown
1518,Պիեդրա գետի ափին նստեցի ու լաց եղա,Պաուլու Կոելյու,https://zangakbookstore.am/media/products/300x0/68f91924b2aeb8539b2527fcee93daac.jpg,https://zangakbookstore.am/piedra-geti-apin-nstetsi-u-lats-ekha,"Վեպը «Յոթերորդ օրը» եռագրության առաջին գիրքն է, որին հաջորդում են «Վեռոնիկան որոշում է մեռնել» ու «Դևը և օրիորդ Պրիմը» վեպերը:
Պիլարի սիրո պատմության հիմքում Աստծու կանացի դեմքի բացահայտումն է: «Ով սիրում է, տերն է աշխարհի ու վախենում կորցնելուց: Ճշմարիտ սերն անմնացորդ նվիրումն է»: Վեպում կարևորվում է այդ նվիրման կարևորությունը: Պիլարն ու նրա ընկերը մտացածին կերպարներ են, բայց խորհրդաշում են այն բազում ներքին հակասությունները, որ ուղեկցում են մեզ ԵրկրորդԿեսի որոնումներում: Վաղ թե ուշ պետք է հաղթահարենք մեր վախերն ու նախապաշարմունքները, քանզի հոգևոր ուղին հարթվում է սիրո հանապազորյա փորձությամբ:",16.0,"Ռոմանս, Սարսափ"
1519,Սարյակը լուսնի տակ,Սիգիտաս Գյադա,https://zangakbookstore.am/media/products/300x0/60406ccd099851edbe77df263eb83eae.jpeg,https://zangakbookstore.am/saryaky-lusni-tak,,16.0,Unknown
1520,Տարվա եղանակները,Քրիստիյոնաս Դոնելայտիս,https://zangakbookstore.am/media/products/300x0/17b3bbe82b2323b0e3bb28a752f6d804.jpeg,https://zangakbookstore.am/tarva-ekhanaknery,"Բացառությամբ վեց առակների և բանաստեղծական երկու անավարտ շարքերի, Քրիստիյոնաս Դոնելայտիսը (1714-1780) հանդիսանում է հեղինակը նաև եզակի խոշոր ստեղծագործության՝ «Տարվա եղանակները» պոեմի, որն ստեղծվել է տասը տարվա ընթացքում (1765-1775) և հրատարակվել է բանաստեղծի մահվանից հետո՝ 1818 թվականին: Հենց «Տարվա եղանակները» պոեմն էր, որ նրան մեծ հռչակ բերեց և դասեց 18-րդ դարի համաշարհային գրականության խոշոր մտածողների շարքը: Դիդակտիկ պոեզիայի ժանրով գրված պոեմը բնութագրվում է ինքնատիպությամբ և ժողովրդականությամբ, ճշմարտացիորեն և բարձր գեղարվեստականությամբ արտացոլում է սոցիալական ու ազգային ճնշման տակ տառապող ժողովրդի կյանքը:",16.0,"Պոեզիա, Դրամա"
1521,Կարմիր,Հովիկ Աֆյան,https://zangakbookstore.am/media/products/300x0/560020dcdd844b586777521280d57d8a.jpg,https://zangakbookstore.am/karmir,"Պատերազմները փոխում են ամեն ինչ: Նույնիսկ նկարիչների սիրած գույնը կամ պարուհիների նախընտրած շարժումը: Անփոփոխ են մնում միայն մարդիկ, որոնք պատերազմում են կամ էլ խաղաղություն են որոնում՝ ամեն օր ավելի ու ավելի հեռանալով դրանից:
Տարբեր ժամանակների, պատերազմների, երազանքների ու ցավերի մասին այս պատմությունը մարդկանց մասին է, որոնք սիրում կամ կռվում են ամեն մեկն իր ներսում, իր տանը, իր քաղաքում, իր երկրի սահմանին: Եվ այդ սերն ու կռիվը րեբեք չեն ավարտվում:",16.0,"Ռոմանս, Թրիլլեր"
1522,Հայտարարված սպանության քրոնիկոն,Գաբրիել Գարսիա Մարկես,https://zangakbookstore.am/media/products/300x0/162ab5652766757ed34c322e1692d7cc.jpg,https://zangakbookstore.am/haytararvats-spanutyan-qronikon,,16.0,Unknown
1523,Խոհանոց,Յոշիմոտո Բանանա,https://zangakbookstore.am/media/products/300x0/7f4049f590716038c68b1bdc972eee0a.jpg,https://zangakbookstore.am/khohanots,"«Խոհանոցը» ժամանակակից ճապոնացի գրող Յոշիմոտո Բանանայի լավագույն գործերից է: Նուրբ պատումի կենտրոնում
մարդու հոգին է՝ արտաքին աշխարհի հետ մարդկային հարաբերությունների խոհանոցը:
Այս վեպը մի աղջկա մասին է... որը խոհանոց շատ է սիրում... թեև գուցե այն մենակության, ամենակուլ թախծի, անհավանական
հուսահատության ու հույսի կայծի և մարդկային
պարզ երջանկության մասին է: Մեզանից յուրաքանչյուրը երբևէ ունեցել է լիակատար
դատարկության զգացողություն, ասես իրեն ոչ ոք ոչ մի տեղ չի սպասում: Բայց երբեմն արժե կանգ առնել մարդկային եռուզեռի կենտրոնում, հետ նայել ու հասկանալ, որ կյանքում յուրաքանչյուրս էլ ունենք մեկը, որի համար ուզում ենք ապրել,
ժպտալ և պարզապես կողքին լինել: Յոշիմոտոյի արձակը առանձնանում է թեթև ռիթմով,
թաքնված զգայականությամբ և հոգեբանական խորությամբ:",16.0,"Ռոմանս, Դրամա"
1524,Ապուշը (Բաբելոն),Ֆյոդոր Դոստոևսկի,https://zangakbookstore.am/media/products/300x0/7bad3a3cb3afc40befea8b94c6ad472a.jpg,https://zangakbookstore.am/apushy-babelon,,16.0,Unknown
1525,Եվայի երեք դուստրերը,Էլիֆ Շաֆաք,https://zangakbookstore.am/media/products/300x0/9860ad375942c0a8fd674b185a413258.jpg,https://zangakbookstore.am/evayi-ereq-dustrery,,16.0,Unknown
1526,Պատիվ,Էլիֆ Շաֆաք,https://zangakbookstore.am/media/products/300x0/0aee47a2de6b5c0ac766cb70f42a13d5.jpg,https://zangakbookstore.am/pativ,,16.0,Unknown
1527,Մահապարտի վերջին օրը,Վիկտոր Հյուգո,https://zangakbookstore.am/media/products/300x0/14b7f7e7baf723b06a2010141e0ac3e3.jpg,https://zangakbookstore.am/mahaparti-verjin-ory,"Վիկտոր Հյուգոյի «Մահապարտի վերջին օրը», որը լույս է տեսել 1829 թվականին, քսանյոթամյա բանաստեղծի առաջին վիպագրական փորձն է: Երկը մահվան դատապարտված երիտասարդի ներաշխարհի պայքարն է ընդդեմ մահվան մեքենայի, ընդդեմ չգոյության: Մինչ մոտալուտ մահվան դեմքը դառնում է ավելի ու ավելի առարկայական, շոշափելի, գլխավոր հերոսը շարունակում է համառորեն թղթին հանձնել իր խոհերը...",16.0,"Դրամա, Կենսագրություն"
1528,Երկնքից երեք խնձոր ընկավ,Նարինե Աբգարյան,https://zangakbookstore.am/media/products/300x0/3982bec1d7f6c798702674b9db1bfade.jpg,https://zangakbookstore.am/erknqits-ereq-khndzor-ynkav,"Հայկական մի փոքրիկ լեռնային գյուղի բնակիչների գլխին ինչ ասես չի գալիս՝ երաշտ, սով, նույնիսկ երկրաշարժ։ 58-ամյա Անատոլիան՝ գյուղի 50 բնակիչներից ամենաերիտասարդը, մի օր արթնանում է արնահոսությամբ։ Երբ պարզում է, որ արգանդի արնահոսությունից չի մեռնում, ընդունում է գյուղի դարբնի ամուսնության առաջարկը։ Այրին, որ առանց զավակի ապրել էր առաջին դաժան ամուսնությունը, պետք է որոշի կյանքը շարունակե՞լ Վասիլի հետ, թե՞ ոչ։ 

Վիշտը, հավատալիքներն ու սովորույթներն Աբգարյանը ներկայացնում է լեռնային գյուղի կախարդական մանրամասներով՝ ցույց տալով իր իշխանությունը կերպարների նկատմամբ:",16.0,"Ռոմանս, Երիտասարդական"
1529,Քամին Աստվածամոր,Օդիսսեաս Էլիտիս,https://zangakbookstore.am/media/products/300x0/34bafe4b46d2d4cca45dc9aa969d1ff3.jpg,https://zangakbookstore.am/qamin-astvatsamor,,16.0,Unknown
1530,Երկիր Նայիրի,Եղիշե Չարենց,https://zangakbookstore.am/media/products/300x0/fc2ae304628e66dd4adeeb357d2580db.crdownload,https://zangakbookstore.am/erkir-nayiri,"Եղիշե Չարենցի «Երկիր Նայիրի»՝ հեղինակի բնորոշմամբ՝ «պոեմանման վեպը» գրվել է 1921-1924 թթ., 1922-1925 թթ. տպագրվել «Նորք» հանդեսում, 1926-ին՝ առանձին գրքով:",12.0,"Կենսագրություն, Պոեզիա"
1531,Կանաչ կազմով գիրք,Գրիգոր Գրիգորյան,https://zangakbookstore.am/media/products/300x0/06b92ae2014ffae6f01e57d4abd07cb3.jpg,https://zangakbookstore.am/kanach-kazmov-girq-1,"Կանաչ կազմով գիրքը երևանյան պատմվածքների ժողովածու է, որի մեջ ընթերցողը կգտնի հարևանին, գործընկերոջը, հերթում կանգնած անծանոթին և ինքն իրեն։",12.0,"Պոեզիա, Կատակերգություն"
1532,Կանաչ կազմով գիրք,Գրիգոր Գրիգորյան,https://zangakbookstore.am/media/products/300x0/fa13e8c1ca63aee20fd9b27ece76f131.jpg,https://zangakbookstore.am/kanach-kazmov-girq,"Կանաչ կազմով գիրքը երևանյան պատմվածքների ժողովածու է, որի մեջ ընթերցողը կգտնի հարևանին, գործընկերոջը, հերթում կանգնած անծանոթին և ինքն իրեն։",12.0,"Պոեզիա, Կատակերգություն"
1533,Մարգարեն,Խալիլ Ջիբրան,https://zangakbookstore.am/media/products/300x0/9a31f03c27e501d32e0d1cf86e4c7d08.jpg,https://zangakbookstore.am/margaren,"«Մարգարեն» XX դարի լիբանանա-ամերիկյան փիլիսոփա, նկարիչ, պոետ և գրող Ջեբրան Խալիլ Ջեբրանի արձակ բանաստեղծությունների հավաքածուն է, որը կազմված է 26 առակից։",16.0,"Պոեզիա, Ժամանակակից"
1534,Սիդհարթա,Հերման Հեսսե,https://zangakbookstore.am/media/products/300x0/7af5d445eb81b9d26f90ac71b238577c.jpg,https://zangakbookstore.am/sidharta,,16.0,Unknown
1535,Արջը կատակ-պիես,Անտոն Չեխով,https://zangakbookstore.am/media/products/300x0/b5023a40ee5e4cb834b8e05e6c3862a4.jpg,https://zangakbookstore.am/arjy-katak-pies,Ա. Չեխովի «Արջ»-ը մեկ գործողությամբ զավեշտախաղի նոր թարգմանությունն է հայերեն լեզվով։,18.0,"Պոեզիա, Պատմական գեղարվեստական գրականություն"
1536,Աշխարհի բոլոր առավոտները,Պասկալ Քինյար,https://zangakbookstore.am/media/products/300x0/ac2e30882b15315fb387a0d16ebb44e4.jpg,https://zangakbookstore.am/ashkharhi-bolor-aravotnery,,16.0,Unknown
1537,Սիրո հայրեններ ալբոմ Ա. Չաքմաքչյանի նկարներով,Նահապետ Քուչակ,https://zangakbookstore.am/media/products/300x0/30bc689b3007fdcf6f24ec0ac07fcbef.jpeg,https://zangakbookstore.am/siro-hayrenner-albom-a-chaqmaqchyani-nkarnerov,,16.0,Unknown
1538,Առանց,Պետրի Դյորդ,https://zangakbookstore.am/media/products/300x0/f729365f5dfcabe6690cd28a90df9e39.jpeg,https://zangakbookstore.am/arants,,16.0,Unknown
1539,Աղախինները,Ժան Ժենե,https://zangakbookstore.am/media/products/300x0/854d8e777c0a8b4818e31a0deb64ca05.jpg,https://zangakbookstore.am/akhakhinnery,"Սա հեքիաթ է, այսինքն այլաբանական պատմության մի ձև, որի, գուցե, առաջին նպատակն էր, երբ ես գրում էի, զզվել ինքս ինձնից՝ մատնացույց անելով և հրաժարվելով մատնացույց անելուց՝ ով եմ ես, երկրորդ նպատակն էլ դահլիճում հաստատել տագնապի նման մի բան...Հեքիաթ... Պետք է միաժամանակ հավատալ դրան և հրաժարվել հավատալուց, բայց վերջապես դրան հավատալու համար պետք է, որ դրասանուհիները չխաղան ռեալիստորեն:",16.0,"Դրամա, Թրիլլեր"
1540,Օրերի փրփուրը,Բորիս Վիան,https://zangakbookstore.am/media/products/300x0/15288cb8cb56d67a8d7c73fe8a004532.jpg,https://zangakbookstore.am/oreri-prpury,"Ընթերցողի ուշադրությանը ներկայացվող սույն վեպը ֆրանսիական գրականության ամենաինքնատիպ երևույթներից մեկի՝ Բորիս Վիանի (1920-1959) գլուխգործոցն է, որը մեծ աղմուկ հանեց ժամանակի գրական մամուլում։ Չնայած հեղինակի որդեգրած զավեշտախառն ու աշխույժ պատմելաոճին՝ այս ստեղծագործության մասին արտահայտվողները միաբերան պնդում են, որ «Օրերի փրփուրը» բոլոր ժամանակներում գրված սիրավեպերից ամենահուզիչն է ու հոգեցունցը»։",16.0,"Կենսագրություն, Կատակերգություն"
1541,Սիլիհտարի պարտեզները,Զապել Եսայան,https://zangakbookstore.am/media/products/300x0/14e20c5f64793e7db5f79374dd950480.jpg,https://zangakbookstore.am/silihtari-parteznery,"Զապել Եսայանի «Սիլիհտարի պարտեզները» ինքնակենսագրական վեպը հեղինակի կենդանության օրոք հրատարակվել է երկու անգամ՝ 1935թ. Երևանում և 1939թ. Կահիրեում: Դրանցում առկա են բնագրային բազմաթիվ տարբերություններ, վրիպակներ: Ներկա հրատարակությունն իրականացվում է դրանց մանրակրկիտ համեմատությամբ և համադրությամբ, շտկվել են բոլոր վրիպակներն ու անհարկի միջամտությունները:
Նվիրվում է Զապել Եսայանի ծննդյան 140-ամյակին:",16.0,"Պոեզիա, Կենսագրություն"
1542,Կրակամայր,Սուրեն Գրիգոր,https://zangakbookstore.am/media/products/300x0/9cad7237ca6882b86d351f0ae328b7ad.jpg,https://zangakbookstore.am/krakamayr,,16.0,Unknown
1543,Զանգեզուրյան հումոր,Գրիգոր Գևունց,https://zangakbookstore.am/media/products/300x0/0b5ab6157d74746a03633a627ca1a10a.jpg,https://zangakbookstore.am/zangezuryan-humor,"Գիրքը բաղկացած է 3 մասից՝ Գինոս (Զանգեզուրի զվարճախոսը), զոքանչի և փեսայի անեկդոտները, ես ծիծաղի պրեզիդենտ եմ:",16.0,"Կատակերգություն, Դրամա"
1544,Այրված կամուրջների վրայով,Դիանա Համբարձումյան,https://zangakbookstore.am/media/products/300x0/78bb5b069b2d3e7c2ba042d7b957b1ea.jpg,https://zangakbookstore.am/ayrvats-kamurjneri-vrayov,"Հեղինակի երկրորդ գիրքն է, որն ամփոփում է նոր վիպակը` 'Այրված կամուրջների վրայով', և գրական մամուլում տպագրված պատմվածքները:",16.0,"Պոեզիա, Կենսագրություն"
1545,Մոնթգոմերի,Զիբիլիե Լևիչարոֆ,https://zangakbookstore.am/media/products/300x0/587e82c1cb37c696ce1b11560440410f.jpg,https://zangakbookstore.am/montgomeri,,16.0,Unknown
1546,Անտոն Չեխով,Անտոն Չեխով,https://zangakbookstore.am/media/products/300x0/c86d788c382c21264942754c7301629b.jpg,https://zangakbookstore.am/anton-chekhov,"«Համաշխարհային գրականություն» մատենաշարով լույս են տեսնում ռուս հանճարեղ գրող Ա. Չեխովի ստեղծագործությունները:
Գրքում զետեղված են մեծ գրողի մի շարք պատմվածքներ, ինչպես նաև «Երեք քույր» դրաման: Ռուսաստանի հայաբնակ վայրերում Չեխովն առնչվել է հայերի հետ, ծանոթացել նրանց սովորույթներին, տպավորությունները գրել ճամփորդական նոթերում ու նամակներում: Նրա «Գեղեցկուհիներ» պատմվածքը (1889թ), որն ընդգրկված է այս գրքում, մի հայ ընտանիքի պատմություն է:",12.0,"Պոեզիա, Կենսագրություն"
1547,Քարակերտ երազներ,Այլիսլի Աքրամ,https://zangakbookstore.am/media/products/300x0/392190aa13207fae3cf85f433d44892d.jpg,https://zangakbookstore.am/qarakert-erazner,"75-ամյա Աքրամ Այլիսլին Ադրբեջանի ժողովրդական գրող է, արվեստի վաստակավոր գործիչ: Նրա ստեղծագործությունները ժամանակին թարգմանվել են Խորհրդային Միության և արևելաեվրոպական բոլոր լեզուներով, նաև անգլերեն. ֆրանսերեն, գերմաներեն, իսպաներեն: «Քարակերտ երազներ» վեպ-ռեքվիեմը հեղինակային թարգմանությամբ հրապարակվել է «Դրուժբա նարոդով» ամսագրում: Վեպը մեծ աղմուկ է հանել Ադրբեջանում, հեղինակը զրկվել է պետական պարգևներից ու կոչումներից, ենթարկվել հալածանքների ու սպառնալիքների: Վեպը գրված է գեղարվեստական բարձր մակարդակով, արծարծում է հայ ընթերցողին հուզող բազում հարցեր, ընթերցվում է մեծ հետաքրքրությամբ և լուրջ մտորումների տեղիք է տալիս: Ընթերցողին տեղեկացնենք, որ Այլիսին ծնունդով Ագուլիսից է, գրական կեղծանունը՝ Այլիսի՝ Ագուլիս տեղանվան ադրբեջանական ձևն է, վեպի երազատեսիլ գործողությունները կատարվում են Ագուլիսում, իսկ հիշատակվող Լյուսիկ անունով աղջիկը Լուսիկ Ագուլեցին է:",16.0,"Կենսագրություն, Դրամա"
1548,Թղթե քաղաքներ,Ջոն Գրին,https://zangakbookstore.am/media/products/300x0/8e98349509e4ed75b3762adc12c89754.jpg,https://zangakbookstore.am/tkhte-qakhaqner-1,"Քվենթին Ջեյքոբսենը ամբողջ կյանքում հեռվից սիրել է սքանչելի, արկածասեր Մարգո Ռոթ Սպիգլմենին: Ու երբ աղջիկը, նինջայի հագուստով, բացում է նրա պատուհանը ու հետո մագլցում նրա կյանք՝ հրավիրելով մի հետաքրքիր ու արտասովոր վրեժի արշավի, նա համաձայնում է: Արթուն գիշերվան հաջորդում է նոր օրը, և Քյուն գնում է դպրոց ու հայտնաբերում, որ մշտապես հանելուկ Մարգոն հիմա արդեն առեղծված է դարձել: Բայց Քյուն շուտով պարզում է, որ նա հուշումներ է թողել… հենց իր՝ Քյուի համար: Առաջնորդվելով կցկտուր ուղենիշներով՝ որքան մոտենում, այնքան ավելի է հեռանում աղջկանից, որին կարծում էր, թե ճանաչում է:",16.0,"Ռոմանս, Դրամա"
1549,Երկիր անապատ,Սեյտյո Մացումոտո,https://zangakbookstore.am/media/products/300x0/6c039d03e91d6f9c163556f675e3687d.jpg,https://zangakbookstore.am/erkir-anapat,"Ճապոնացի գրող Սեյտյո Մացումոտոն հայ ընթերցողին առաջին անգամ ներկայանում է դետեկտիվ ժանրի այս վեպով: Սա մի գողտրիկ, չափազանց հետաքրքիր, դինամիկ, սուր սյուժեով և ուշագրավ իրավիճակներով հարուստ պատմություն է ճապոնացի դիվանագետի կյանքի ոդիսականի մասին: Վեպը, անշուշտ, կհետաքրքրի և՛ ժանրի երկրպագուներին, և՛ դիվանագիտության ոլորտի աշխատողներին, և՛ առհասարակ ընթերցողների լայն շրջանակի:",16.0,"Կենսագրություն, Պոեզիա"
1550,Աստղերն են մեղավոր փափուկ,Ջոն Գրին,https://zangakbookstore.am/media/products/300x0/6ec3171ba65a4c94eb7bf6c4702dbb56.jpg,https://zangakbookstore.am/astkhern-en-mekhavor,"Չնայած ուռուցքները փոքրացնող բժշկական հրաշքին, որը Հեյզելին ապրելու ևս մի քանի տարի է պարգևել, նա, միևնույն է, անբուժելի հիվանդ է՝ քաղցկեղի վերջին փուլում, ում կյանքի վերջին գլուխը գրվել է հենց ախտորոշման պահից: Սակայն, երբ Օգոստոս Ուոթերս անունով շրջադարձային պայծառ կերպարը հանկարծակի հայտվում է «Քաղցկեղով հիվանդ երեխաների աջակցության խմբակում», Հեյզելի համար կյանքի նոր էջ է բացվում:",16.0,"Դրամա, Դետեկտիվ"
1551,Աստղերն են մեղավոր,Ջոն Գրին,https://zangakbookstore.am/media/products/300x0/28f161892b3849ffee591c7417247b6e.jpg,https://zangakbookstore.am/astkhern-en-mekhavor-1,"Չնայած ուռուցքները փոքրացնող բժշկական հրաշքին, որը Հեյզելին ապրելու ևս մի քանի տարի է պարգևել, նա, միևնույն է, անբուժելի հիվանդ է՝ քաղցկեղի վերջին փուլում, ում կյանքի վերջին գլուխը գրվել է հենց ախտորոշման պահից: Սակայն, երբ Օգոստոս Ուոթերս անունով շրջադարձային պայծառ կերպարը հանկարծակի հայտվում է «Քաղցկեղով հիվանդ երեխաների աջակցության խմբակում», Հեյզելի համար կյանքի նոր էջ է բացվում:",16.0,"Դրամա, Դետեկտիվ"
1552,Հաղթական կամար,Էրիխ Մարիա Ռեմարկ,https://zangakbookstore.am/media/products/300x0/ed877b72b8fa44505d9210d130afb831.jpg,https://zangakbookstore.am/hakhtakan-kamar,"«Հաղթական կամարը» գերմանացի գրող Էրիխ Մարիա Ռեմարկի աշխարհահռչակ վեպերից է: Այն Երկրորդ համաշխարհային պատերազմի ժամանակաշրջանի դասական գործերից է, որն առաջին անգամ տպագրվել է Ամերիկայի Միացյալ Նահանգներում 1945 թվականին։ 1939 թվականն է: Չնայած գերմանացի բժիշկ և Փարիզում ապրող գաղթական Ռավիկին օրենքով արգելված է վիրաբուժությամբ զբաղվել, նա երկու տարի շարունակ բուժում է քաղաքի ամենահեղինակավոր քաղաքացիներին երկու ոչ այնքան հմուտ ֆրանսիացի բժիշկների օգնությամբ: Նա շարունակ հետապնդվում է նացիստների կողմից և սիրո հնարավորության ոչ մի հույս անգամ չունի, սակայն կյանքը զարմանալի շրջադարձներ ունի ռոմանտիկների համար անգամ ամենից անբարենպաստ ժամանակներում:",16.0,"Կենսագրություն, Դրամա"
1553,Աստվածային կատակերգություն,Դանթե Ալիգիերի,https://zangakbookstore.am/media/products/300x0/6d3b8d08bffb3dccba076691f7dc0b5a.jpeg,https://zangakbookstore.am/astvatsayin-katakergutyun,,16.0,Unknown
1554,Ներսը և դուրսը (մաս 1),Հերման Հեսսե,https://zangakbookstore.am/media/products/300x0/2a5996c7a372490dec1f105c1bd2a355.jpg,https://zangakbookstore.am/nersy-ev-dursy-mas-1,,16.0,Unknown
1555,Հնադարը և այլ ժամանակներ,Օլգա Տոկարչուկ,https://zangakbookstore.am/media/products/300x0/04b48e9c356dab818e773165576cac4b.jpg,https://zangakbookstore.am/hnadary-ev-ayl-zhamanakner,"«Հնադարը և այլ ժամանակներ» վեպը, որ «մինի էպոս» են կոչել, երեք ընտանիքի երեք սերնդի պատմությունն է 1914-ից մինչև 90-ականները: Գրողի պատկերած աշխարհը պոստմոդեռնիստական է, որի մեջ իրականությունը, հավատալիքները, առասպելները, կրոնը, բանահյուսությունը, միստիկան ու մոգական ռեալիզմի տարրերը շաղախված են վարպետ հացթուխի գաղտնի բաղադրատոմսով:",16.0,"Դրամա, Ֆանտաստիկա"
1556,Խենթը,Րաֆֆի,https://zangakbookstore.am/media/products/300x0/2a275465ec9b5fce6f0d2777fd722446.jpg,https://zangakbookstore.am/khenty-babelonyan-gradaran,"Րաֆֆու «Խենթը» հանրահայտ վեպի այս հրատարակությունն իրականացվում է գրողի երկերի 12-հատորյակի տեքստերի հիման վրա (պատրաստել է Խ.Սամվելյանը)։
Կատարվել են աննշան սրբագրումներ և ուղղումներ:",16.0,"Պոեզիա, Կենսագրություն"
1557,Խաչագողի հիշատակարանը,Րաֆֆի,https://zangakbookstore.am/media/products/300x0/0fde1b9e28632b1b404fc7fbef16ac77.png,https://zangakbookstore.am/khachagokhi-hishatakarany,,16.0,Unknown
1558,Հիսուսի Կատուն (2020),Գրիգ,https://zangakbookstore.am/media/products/300x0/f170831a9bb905ff333256fcab717e4c(1).jpg,https://zangakbookstore.am/hisusi-katun-2020,,16.0,Unknown
1559,Մաշկացավ,Հովհաննես Թեքգյոզյան,https://zangakbookstore.am/media/products/300x0/2d706f81868abe9f3a1db29a8f14c4c4.jpg,https://zangakbookstore.am/mashkatsav,"«Մաշկացավ» վեպը ժամանակակից պատմություն է… Ավելի ճիշտ` «Մաշկացավը» անտիվեպ է, որը ներկայացնում է նույն պատմության տարբեր պատառիկները, տարբեր տեսանկյունից, տարբեր հերոսների աչքերով, իրականության տարբեր ըմբռնումներով: Այս անտիվեպը իրականության վավերացնելու միտում ունի, Սակայն երևանյան վավերականությունը դիտվում է տարբեր տեսանկյուններից, միաժամանակ` ներսից, գլխավորապես տուրք տալով խոշոր պլանին: անտիվեպը ջարդում է դասական վեպի կոնստրուկցիաները` միաժամանակ չունենալով բացառիկ լինելու հավակնություն: Սա քաղաքի ներսում, շուրջը և մանրադիտակի տակ հայտնված դիտարկումներ են` շաղախված տրագիկա-հումորային, հետարդիական աբսուրդի, քաղաքական ֆոլկլորի, քաղաքացիական ցավի և մարդկային խորը զգացմունքների շաղախով:",18.0,"Կատակերգություն, Դրամա"
1560,Քաղաքը լուսնի տակ,Արտավազդ Եղիազարյան,https://zangakbookstore.am/media/products/300x0/d514e2b83410be6b551f905b37d0e97f.jpg,https://zangakbookstore.am/qakhaqy-lusni-tak,"Արտավազդ Եղիազարյանի գրողական ձեռագրի հատկանշական կողմը արտաքուստ թեթև ու անչար հումորն է։ Բայց այդ հումորը, համադրվելով սուր դիտողականության ու պատումի անսեթևեթ ոճի հետ՝ օգնում է գրողին ստեղծել կոլորիտային կերպարներ և նրանց միջոցով վեր հանել մեր իրականության պատկերը։ Ընդ որում՝ նրա պատմվածքներին բնորոշ զվարթախոհությունն ու ինքնահեգնանքը չեն խանգարում բարձրացնել նաև հասարակական-քաղաքական կարևոր հարցադրումներ։",16.0,"Կատակերգություն, Դրամա"
1561,Մինչև մեռնելն ապրել է պետք,Մհեր Իսրայելյան,https://zangakbookstore.am/media/products/300x0/38c03f44f5a238defd79e2ce59d6b838.jpg,https://zangakbookstore.am/minchev-merneln-aprel-e-petq,"Վիպակը պատմության շրջադարձային կետում հայտնված մի սերնդի պատմությունն է: Գրողի հետադարձ հայացքը գուցե ինչ-որ տեղ դիտմամբ ու ներողամիտ անփութությամբ շրջանցում է որոշ մանրամասներ, փոքր-ինչ գունազարդում առօրյան, որովհետև հուշերն անգամ գորշությունը պայծառացնելու հատկություն ունեն, բայց այնումենայնիվ, սերնդի պատմությունն առարկայանում է և դառնում ժամանակաշրջանի պատմություն՝ բնորոշ կերպարներով, հոգեբանությամբ ու հարաբերությունների բնույթով:",16.0,"Ռոմանս, Դրամա"
1562,Բանաստեղծություններ և պոեմներ,Հովհաննես Շիրազ,https://zangakbookstore.am/media/products/300x0/8d4143f529b7d468eadca7a32b6e6e5e.jpg,https://zangakbookstore.am/banastekhtsutyunner-ev-poemner,"Հայ մեծանուն բանաստեղծ Հովհաննես Շիրազի այս հատընտիրը ներառում է նրա լավագույն բանաստեղծությունները և «Անքավելի մեղքը», «Բիբլիական», «Սիամանթո և Խջեզարե» պոեմները:",12.0,"Պոեզիա, Ժամանակակից"
1563,Ականջդ բեր ասեմ,Պարույր Սևակ,https://zangakbookstore.am/media/products/300x0/42c793253be15d9b3e48870411749ab3.jpg,https://zangakbookstore.am/akanjd-ber-asem,"Գրքում տեղ են գտել հայրենիքին ու հայրենասիրությանը, լեզվին, արվեստին, մշակույթին, սիրուն, բնությանն ու հողին նվիրված, հայ և համաշխարհային գրականության, արվեստի, գիտության ու հասարակական-քաղաքական նշանավոր գործիչներին և իր ժամանակակիցներին նվիրված Պարույր Սևակի խոհափիլիսոփայական ավելի քան 1100 իմաստախոսություն: Գիրքը նախատեսվում է բանաստեղծի ստեղծագործություններով հետաքրքրվող մասնագետների, ուսուցիչների, ուսանողների, դպրոցականների և ընթերցող լայն շրջանակների համար:",16.0,"Պոեզիա, Կենսագրություն"
1564,Նորվեգական անտառ,Հարուկի Մուրակամի,https://zangakbookstore.am/media/products/300x0/aca4a092b3287174a25414e356b1b186.jpg,https://zangakbookstore.am/norvegakan-antar-otargir-matenashar,,16.0,Unknown
1565,Միս ուտողները,Հովիկ Աֆյան,https://zangakbookstore.am/media/products/300x0/464d2f6f117fa239ae0600b2b6ac8e2c.jpg,https://zangakbookstore.am/mis-utokhnery,"Երիտասարդ արձակագրի առաջին գիրքն է, որում մեկտեղված պատմվածքները մի կողմից հեղինակի ուրույն ոճն են ի ցույց դնում, մյուս կողմից՝ երեւանում են ճանաչելի իրականության գրողական վերարտադրություն, որտեղ ընդհանրացվում եւ իմաստավորվում է այն ամենը, որը մեզ թվացել է պարզապես հերթապահ իրադարձություն։",16.0,"Ժամանակակից, Դրամա"
1566,Կիկոսի վերադարձը,Արմեն Օհանյան,https://zangakbookstore.am/media/products/300x0/33a7a2f77e3e36f4f63a8ef2a93032a1.jfif,https://zangakbookstore.am/kikosi-veradardzy,"Ժողովածուն հեղինակի առաջին գիրքն է, որտեղ ընդգրկված ինտերակտիվ արձակի նմուշներին հատուկ են համահեղինակության և խաղի սկզբունքները: Իբրև համահեղինակ կարող են հանդես գալ ինչպես գրողներ («Թռչող հեծանիվ», «Խորհրդավոր նախաճաշ»), այնպես էլ` ցանկացած ընթերցող («Պ(ոչ)ԱՏՈՒՄ»): Խաղը Արմեն Օհանյանի գործերի անքակտելի մասն է, ընթերցողին ներգրավելու և արդի հայ գրական գործընթացի մեկուսացումը հաղթահարելու միջոց («Պահմտոցի», «Գերաստղ Մարիոն», «Մատրյոշկա», «Ո՞վ է ուզում դառնալ միլիոնատեր»): Որպես պոստմոդեռնիզմի հետևորդ` նա վերաիմաստավորում է անցյալը` հայ արձակում տարածք բացելով թե՛ հին, թե՛ նոր հերոսների համար («Կիկոսի վերադարձը», «Կարմիր բերԵՏ», «Ռադիո Երևան»):",16.0,"Կենսագրություն, Դրամա"
1567,Բալենի,Շահեն Թաթիկյան,https://zangakbookstore.am/media/products/300x0/f4c76a6740c86158719761701c1de48b.jpg,https://zangakbookstore.am/baleni,,16.0,Unknown
1568,Հպարտություն և նախապաշարմունք (Բաբելոնյան գրադարան),Ջեյն Օսթին,https://zangakbookstore.am/media/products/300x0/b924d079365ea550c491da804506c79b.jpg,https://zangakbookstore.am/hpartutyun-ev-nakhapasharmunq-babelonyan-gradaran,,16.0,Unknown
1569,Կամելիազարդ տիկինը (Բաբելոնյան գրադարան),Ալեքսանդր Դյումա,https://zangakbookstore.am/media/products/300x0/333f77f66e790360b3c167d383279ae9.jpg,https://zangakbookstore.am/kameliazard-tikiny-babelonyan-gradaran,,16.0,Unknown
1570,Պատուհանի տակ ծղրիդն է երգում,Գրիգոր Բալասանյան,https://zangakbookstore.am/media/products/300x0/a9928e58337cf623a806ce3b73608fe3.jpg,https://zangakbookstore.am/patuhani-tak-tskhridn-e-ergum,,16.0,Unknown
1571,Դանդաղություն,Միլան Կունդերա,https://zangakbookstore.am/media/products/300x0/6d1cf8c207fb2e854214ebc6ac08dc04.jpg,https://zangakbookstore.am/dandakhutyun,,16.0,Unknown
1572,Մարդկային կատակերգություն,Ուիլյամ Սարոյան,https://zangakbookstore.am/media/products/300x0/0cb0537fa749c5ff427f1bf1a2b225b4.jpg,https://zangakbookstore.am/mardkayin-katakergutyun,,12.0,Unknown
1573,Շշուկների մատյան,Վարուժան Ոսկանյան,https://zangakbookstore.am/media/products/300x0/70fe2a5eee516aeeabbf5c3ee2fe828d.jpg,https://zangakbookstore.am/shshukneri-matyan,"Ռումինահայ գրող Վարուժան Ոսկանյանի «Շշուկների մատյան» վեպը հրատարակվել է 2009թ. և համարվել է Ռումինիայի տարվա լավագույն ստեղծագործությունը: Նույն տարում «Շշուկների մատյանին» շնորհվել է Ռումինական Ակադեմիայի գրական գլխավոր մրցանակը: Վեպը ներկայացվել է Գրքի միջազգային մի շարք տոնավաճառներում, արժանացել եվրոպական գրական աշխարհի, մամուլի և ընթերցողների ուշադրությանը, որոնց գնահատմամբ այն ժամանակակից եվրոպական գրական երևույթներից է:",16.0,"Ժամանակակից, Պոեզիա"
1574,Զգացմունք և բանականություն,Ջեյն Օսթին,https://zangakbookstore.am/media/products/300x0/b6708f53ce29f5c26d96a033df254132.jpg,https://zangakbookstore.am/zgatsmunq-ev-banakanutyun,"Ընտանիքի հոր մահը խոշոր հողատերերին բնորոշ ապահովված ապրելակերպից զրկում է մորն ու երեք դուստրերին, քանի որ նրանց կալվածքն ու գրեթե ամբողջ ունեցվածքն արական գծով են ժառանգվում: Ծանր որոշումներ կայացնելիս, ստեղծված իրավիճակները հաղթահարելիս, նոր ու անծանոթ միջավայրում իրենց կյանքը կազմակերպելիս Դաշվուդ ընտանիքի կանայք, որոնց միավորում են իրար հանդեպ սերն ու մարդկային վսեմ արժանիքները, անցնում են զգացմունքային դաժան փորձությունների բովով, բայց ի վերջո բանականության ուժով հասնում են իրենց երազած երջանկությանը: Ջեյն Օսթինն իր այս վեպում նույնպես վարպետորեն նկարագրում է 19-րդ դարասկզբի անգլիացի ազնվականների բարքերն ու կենցաղը, վեր հանում ապականված հասարակության արատները, ինչպես նաև ցույց է տալիս, որ շահի ու եկամուտների հաշվարկի վրա հիմնված այդ հասարակության մեջ նաև ազնիվ ու զգացմունքային մարդիկ են ապրում:",16.0,"Դրամա, Ռոմանս"
1575,Վերջին գիշերը,Վարդգես Պետրոսյան,https://zangakbookstore.am/media/products/300x0/2a546fe2e4f78fa79c073d093b659426(1).jpg,https://zangakbookstore.am/verjin-gishery,"Ես շատ կուզենայի չբաժանվել իմ փոքրիկ վիպակի հերոսներից, որոնցից շատերն ինձ համար էլ սիրելի բարեկամներ դարձան, իսկ մի քանիսի համար էլ հոգիս ցավում է:
Վարդգես Պետրոսյան",16.0,"Ռոմանս, Կատակերգություն"
1576,Գահերի խաղը Սառույցի և կրակի երգը,Ջորջ Ռ. Ռ. Մարտին,https://zangakbookstore.am/media/products/300x0/526c211075cd2a719d6a2f16900eda3f(1).jpg,https://zangakbookstore.am/gaheri-khakhy-saruytsi-ev-kraki-ergy,"Ջորջ Մարտին։ Շատ վաղ եւ հեշտությամբ մեծ հաջողության հասած գրող։ Սկսելով գիտական ֆանտաստիկայի եւ «սարսափի» (այս ժանրի ստեղծագործությունների համար արժանացել է երկու «Հյուգո» եւ երկու «Նեբյուդ» մրցանակների) համարձակ խառնուրդ ներկայացնող պատմվածքներից` աշխատել է նաեւ «դասական» գիտական ֆանտաստիկայի ժանրում, բայց հետագայում դարձել է ֆանտազիայի իսկական վարպետ, ում քննադատները համարում են Դ.Ռ.Ռ Տոլկինին եւ Ռ. Ջորդանին հավասարազոր գրող: Ձեր առջեւ «Սառույցի եւ Կրակի երգը» հայտնի հերոսապատումն է: Էպիկական նրբակերտ սագա` Յոթ Թագավորությունների աշխարհի մասին։ Հավերժական ցրտի դաժան երկրների եւ հավերժական ամռան ուրախ երկրների մասին։ Վտանգավոր արկածների, քաղաքական նուրբ խարդավանքների եւ մեծագործությունների մասին։ Լորդերի եւ հերոսների, զինվորների եւ հրաշագործների, սեւ մագիայով զբաղվող կախարդների եւ մարդասպանների մասին, բոլոր նրանց մասին, ում ճակատագիրը հանգեցրել է մարգարեության իրականացման...",16.0,"Կենսագրություն, Ֆանտաստիկա"
1577,Վաչագան,Հայկ Խաչատրյան,https://zangakbookstore.am/media/products/300x0/35bdba2070371e4f15aac912b2cc764c.jpg,https://zangakbookstore.am/vachagan,"5-րդ դարի վերջում և 6-րդ դարի սկզբում Հայաստանի արևելյան մասում ստեղծվել էր հայկական մի փոքրիկ թագավորություն, որն իր գոյությունը նշանավորեց մշակութային, կրթական ու շինարարական վերելքով: Իր հողին կառչած մի բուռ ժողովուրդ օտարների նվաճողա կան քաղաքականությանը հակադրեց ազգային դպրության զարգա ցումը։ Այստեղ ստեղծվեցին տարվա օրերի թվով եկեղեցիներ եւ դպրոցներ: Դա աննախադեպ երևույթ էր միջնադարյան իրականութ յան մեջ: Այդ պետության կյանքը հայ ժողովրդի պատմության լուսա վոր շղթայի մի օղակն է, որն իր գեղարվեստական արտացոլումն է գտել Հայկ Խաչատրյանի «Վաչագան» պատմավեպում:",16.0,"Պատմական գեղարվեստական գրականություն, Երիտասարդական"
1578,Ձեռքերը,Էլդա Գրին,https://zangakbookstore.am/media/products/300x0/c60b43136766e848443111c585badde3.jpg,https://zangakbookstore.am/dzerqery,"Գիրքն ընդգրկում է հայ արձակագրուհի Էլդա Գրինի 'Ձեռքերը' պատմվածքը` հայերեն և ռուսերեն բնագրերով և թարգմանված 34 լեզուներով (անգլերեն, ֆրանսերեն, գերմաներեն, իտալերեն, իսպաներեն, պորտուգալերեն, ռումիներեն, հունգարերեն, լյուքսեմբուրգերեն, հունարեն, դանիերեն, շվեդերեն, նորվեգերեն, իսլանդերեն, ֆիններեն, էստոներեն, լիտվերեն, լատվիերեն, բուլղարերեն, ուկրաիներեն, լեհերեն, չեխերեն, սերբերեն, մակեդոներեն, թուրքերեն, վրացերեն, ճապոներեն, չինարեն, հինդի, պարսկերեն, արաբերեն, եբրայերեն):",16.0,"Պոեզիա, Կենսագրություն"
1579,Կոսմիկական կատաստրոֆա,Գրիգոր Գուրզադյան,https://zangakbookstore.am/media/products/300x0/1881fe53673ce251cd1b2fb1ccfea2d2.jpg,https://zangakbookstore.am/kosmikakan-katastrofa,"Գիրքը Գրիգոր Գուրզադյանի էսսեների հինգերորդ ժողովածուն է` նվիրված փիլիսոփայությանը, արվեստին, պատմությանը, գրականությանը, ճարտարապետությանը, նաև գիտությանն ու կոսմոսին առնչվող իրադարձություններին: Տպավորիչ է իտալական Ռենեսանսի հանճարներին նվիրված ընդարձակ շարքը, հելլենական Հունաստանի արվեստը ներկայացնող տրիլոգիան: Չորս էսսե նվիրված է վերջին տարիներին կոսմոսում տեղի ունեցած խոշորագույն իրադարձություններին:",16.0,"Պատմական գեղարվեստական գրականություն, Պոեզիա"
1580,Գալակտիկաների աշխարհը,Գրիգոր Գուրզադյան,https://zangakbookstore.am/media/products/300x0/e31fa70ed20dc170407338553eed5c03.jpg,https://zangakbookstore.am/galaktikaneri-ashkharhy,"Ներկա հատորը հեղինակի էսսեների` թվով ութերորդ ժողովածուն է` նվիրված այսօրվա գիտության խոշորագույն պրոբլեմներից մեկին` գալակտիկային: Հեղինակը ցույց է տալիս, թե ինչ հեղաշրջող դեր է խաղացել ու շարունակում է խաղալ, արդեն երկու տասնամյակ անընդմեջ, Հաբբլ անունը կրող այդ վիթխարի կոսմիկական տելեսկոպը: Գրքում բերված են շուրջ քառասուն գալակտիկաների խիստ տպավորիչ նկարները, բոլորն էլ գունավոր` այդ տելեսկոպի օգնությամբ ստացված:",16.0,"Կենսագրություն, Դրամա"
1581,Թռիչք կկվաբնի վրայով,Քեն Քիզի,https://zangakbookstore.am/media/products/300x0/2f71d33bbc5501a06a15398814045dc1.jpg,https://zangakbookstore.am/trichq-kkvabni-vrayov,"Այս գործը խոր հետք է թողել արդի գրականության վրա: Գլխիվայր շրջելով խելամտության և խելահեղության ընդունված պատկերացումներ՝ այս մոլեգին վեպը հոգեբուժարանի և դրա բնակիչների անմոռաց պատմությունն է, որտեղ առաննանում են բռնակալ Ավագ քույրն ու Մաքմըրֆին՝ մի աղմկուն զվարճասեր նորեկ, որն էլ վճռում է նրան դիմադրել: Պայքարը ներկայացված է կիսահնդկացի Բրոմդենի՝ թվացյալ խուլ ու համր հիվանդի աչքերով, որը հասկանում է. Մաքմըրֆին հերոսական ճիգեր է թափում՝ մաքառելով իրենց բոլորին փակի տակ պահող ուժերի դեմ: Քիզիի առաջին վեպը ողջամտության և խելագարության սահմանների գունեղ և ծայրահեղորեն անկեղծ նկարագիր է:",16.0,"Դրամա, Կատակերգություն"
1582,Հիվանդանոց,Գուրգեն Խանջյան,https://zangakbookstore.am/media/products/300x0/b43c1a239e0ffa509687fd96371811dd.jpg,https://zangakbookstore.am/hivandanots-1,"Սա հետխորհրդային շրջանի վեպերից առաջինն էր, որ ազդարարեց ազատացում` սոցռեալիզմի, կոմունիստական գաղափարախոսության, կեղծ բարոյախոսության տոտալ պարտադրանքներից:",16.0,"Պատմական գեղարվեստական գրականություն, Դրամա"
1583,Սիրո Մենյու,Նարեկ Դուրյան,https://zangakbookstore.am/media/products/300x0/feb55a1b56ac883555bd9b46c98a3d6a.jpg,https://zangakbookstore.am/siro-menyu,"Գրքում զետեղված են հեղինակի թատերախաղերը, որոնք նա ներկայացրել է աշխարհի տարբեր բեմերում: Նարեկ Դուրյանի թատերախաղերն աչքի են ընկնում նորարարական մոտեցումներով` գիտակցական խոսք, իրադրությունների հաջորդականություն մեկ կերպարի շուրջ եւ, ի վերջո, վավերապատում-հուշագրություն՝ գեղարվեստական ընդմիջարկումներով։",16.0,"Կենսագրություն, Դրամա"
1584,Հայ առասպելաբանություն,Սարգիս Հարությունյան,https://zangakbookstore.am/media/products/300x0/cbf4bae59980c62e0b8ccafdaa5a16a4.jpg,https://zangakbookstore.am/hay-araspelabanutyun,,16.0,Unknown
1585,Homo ֆաբեր,Մաքս Ֆրիշ,https://zangakbookstore.am/media/products/300x0/38d3bdebec0dde664001f51c8158cbd0.jpg,https://zangakbookstore.am/homo-faber,"Անվանի շվեյցարացի գրող Մաքս Ֆրիշի «Homo Ֆաբեր» (1957) վեպի հերոսը տեխնոկրատ անձնավորություն է, գործնական ու պրագմատիկ, ով հավատում է միայն տրամաբանությանը և հավանականությունների տեսությանը: Սակայն նոր դրամատիկ կենսափորձը աստիճանաբար հասցնում է նրան սեփական կյանքի կործանման. հին հունական միֆը ճակատագրի անխուսափելիության գաղափարով այս վեպում հետաքրքիր շրջադարձ է ստանում: Եզրափակիչ մասում Ֆաբերը նորովի է ընկալում շրջապատող աշխարհը՝ նրա գույների, հնչյունների, զգացմունքների հարստությամբ:",16.0,"Դրամա, Կենսագրություն"
1586,Ուխտագնացություն արևելք,Հերման Հեսսե,https://zangakbookstore.am/media/products/300x0/ae0163fe0b16b9472c0fd0db9a9178a9.jpg,https://zangakbookstore.am/ukhtagnatsutyun-arevelq,"Հերման Հեսսեի «Ուխտագնացություն Արեւելք» ուտոպիայում (1932) քննվում են մարդու հոգեմտավոր հասունացման, սրբազան ուխտագնացության եւ գաղտնի եղբայրության խնդիրները: Գերժամանակակից այս առասպելապատումի թեման հոգեւոր մարդու մեկուսացումն է եւ նրա անձնական կյանքն ու գործը վերանձնական գաղափարին, համայնքին ծառայեցնելու գիտակցումը: Այն վերադարձ է կրոնների, փիլիսոփայությունների ու արվեստների վերժամանակյա տարաշխարհներից դեպի օրախնդիր թեմաները, նաեւ գործնականն ու քաղաքականները՝ տոգորված համբերությամբ, հումորով, կյանքի ըմբռնման նոր կամքով, ապրողների, նրանց կարիքների ու մոլորությունների հանդեպ նորոգ սիրով լցված: Արեւելքի ջերմաշունչ, զգլխիչ սյուքը փոթորկում է խենթ Հերմանի ներաշխարհը, եւ նա ի գործ է դնում իր Արեւելումի Հայցականը:",16.0,"Դրամա, Կենսագրություն"
1587,Կույր կետադրություն,Արամ Ավետիս,https://zangakbookstore.am/media/products/300x0/dc0b1c020e6b7d1ab5104aa4f9ce832f.jpg,https://zangakbookstore.am/kuyr-ketadrutyun,"«Կույր կետադրություն» ժողովածուն ընթերցողի համար կարող է դառնալ ինտելեկտուալ ու մտավոր փորձառության բավական կարևոր հանգրվան. Չէ որ, ինչպես հեղինակն է համարձակորեն ասում գրքում, իր բախտը բերել է՝ ծնվել է այն ժամանակաշրջանում, երբ գրականության մեջ կարծես ամեն ինչ ասված է և իրեն մնում է միայն խոսել այն մասին, ինչի մասին նախորդները չկարողացան խոսել: Իսկ ընթերցողը միայն պետք է կարդա ու տեսնի Սեփական Աչքի համաստեղությունը:",16.0,"Դրամա, Կատակերգություն"
1588,Կատվի ճոճք,Կուրթ Վոնեգութ,https://zangakbookstore.am/media/products/300x0/a4a60bc0d2a423ba659d851cd54f1a34.jpg,https://zangakbookstore.am/katvi-chochq,"Կուրթ Վոնեգութի «Կատվի ճոճք» (1963) վեպը հեղինակի ամբողջ ստեղծագործության կենտրոնական թեմայի՝ համաշխարհային էկոլոգիական խնդիրների, գիտնականների սեփական հայտնագործությունների հանդեպ պատասխանատվության գիտակցության թերեւս լավագույն արտացոլումն է: Վեպի սյուժեն ծավալվում է հայտնի գիտնականի վտանգավոր հայտնագործության շուրջը։",16.0,"Դրամա, Կենսագրություն"
1589,Կեցության անտանելի թեթևությունը,Միլան Կունդերա,https://zangakbookstore.am/media/products/300x0/59d9d11ee53c902153029b0297011c07.jpg,https://zangakbookstore.am/ketsutyan-antaneli-tetevutyuny,"«Կեցության անտանելի թեթևությունը» Միլան Կունդերայի ամենահայտնի վեպն է, որը խորհրդանշում է XX դարի վեպի որակական նոր մակարդակը: Վեպը սիրո և մարդկային ոչ սովորական հատկությունների, պատմության ողբերգական մի ժամանակահատվածի մասին է՝ փիլիսոփայական ինքնատիպ խորհրդատվություններով, որոնք վերաբերում են մարմնի և հոգու անհամատեղելի երկվությանը, իրական հնարավորություններին ու դրանց իրականացման անհնարինությանը:",16.0,"Դրամա, Կատակերգություն"
1590,Ջոնաթան Լիվինգսթոն Ճայը,Ռիչարդ Բախ,https://zangakbookstore.am/media/products/300x0/708cc2fd6ad9d9671b9925df7f5eaedc.jpg,https://zangakbookstore.am/jonatan-livingston-chayy,"Ռիչարդ Բախ «Ջոնաթան Լիվինգստոն Ճայը» ամերիկացի գրող Ռիչարդ Բախի չորրորդ գիրքն էր, որին հաջորդեցին շուրջ մեկուկես տասնյակ գործեր: Ստեղծագործությունների այդ մեծ ցանկում, սակայն, այս փոքրածավալ վիպակը պահպանեց իր մոգական եզակիությունը թե՛ հեղինակի և թե՛ ընթերցողի համար:
Իր հզոր ուղերձով այն այսօր էլ դիմում է թե՛ ինքն իրեն որոնող պատանուն, թե՛ առօրյա հոգսի ու երազանի միջև ընտրություն կատարող մարդուն, թե՛ իր ինքնությունը օրեցոր զիջելու համար արդարացումենր որոնողին:
Սա գրքի ամբողջական հրատարակությունն է, որում հայերենով առաջին անգամ լույս է տեսնում վիպակի՝ 2014 թ. Հրատարակված չորրորդ մասը:",12.0,"Պոեզիա, Կենսագրություն"
1591,Պատմվածքներ և վիպակներ,Ստեփան Զորյան,https://zangakbookstore.am/media/products/300x0/a0e17b1c9e7ff36a0a96995e4a3ce81e.jpg,https://zangakbookstore.am/patmvatsqner-ev-vipakner,"Փոքր արձակի հայ մեծագույն վարպետներից մեկի՝ Ստեփան Զորյանի (1889-1967) երկերի միհատորյակը ներառում է նրա լավագույն պատմվածքները, վիպակները, զրույցներն ու պատկերները՝ քաղված տարբեր տարիներին լույս տեսած ժողովածուներից ու պատմվածաշարերից՝ «Տխուր մարդիկ», «Ցանկապատ», «Պատերազմ», «Խնձորի այգին» և այլն: Բնագրերը հրատարակության են պատրաստվել ըստ Ստեփան Զորյանի երկերի 12 հատորյակի (1977-1990):",12.0,"Պոեզիա, Կենսագրություն"
1592,Ծաղիկներ Էլջերնոնի համար,Դենիել Քիզ,https://zangakbookstore.am/media/products/300x0/5fb4387597e21016a43704997d295356.jpg,https://zangakbookstore.am/tsakhikner-eljernoni-hamar,"«Ծաղիկներ Էլջերնոնի համար» վեպը նախապես գրվել է իբրեւ պատմվածք 1959 թվականին եւ արժանացել «Հյուգո» մրցանակի` որպես լավագույն պատմվածք: 7 տարի անց Քիզն այն վերածեց վեպի։ Ժանրային այս փոխակերպումն ընդհանրական առումով չի փոխել ստեղծագործության էությունը, բայց անգրագետից հանճար եւ հանճարից անգրագետ գիտափորձը վիպական տարածության մեջ էլ ավելի տպավորիչ է իր` մանրամասներով։",16.0,"Դրամա, Կատակերգություն"
1593,Օծանելիք,Պատրիկ Զյուսքինդ,https://zangakbookstore.am/media/products/300x0/73f299524f35b3c761396fbbf7c29002.jpg,https://zangakbookstore.am/otsaneliq,"Գերմանացի գրող Պատրիկ Զյուսքինդի ամենահայտնի վեպը մի մարդասպանի պատմություն է, բայց ոչ սովորական, այլ մարդասպան-հանճարի, որ ձգտում էր ստեղծել կատարյալ օծանելիք: Նրա՝ Ժան- Բատիստ Գրենույի որոնումները, մտածումներն ու նպատակասլացությունը, ինչպես նաև՝ անձնական ողբերգությունն է ի ցույց դրվում «Օծանելիք» վեպում:",18.0,"Կենսագրություն, Դրամա"
1594,Հուշագրություն իմ տխուր պոռնիկների մասին,Գաբրիել Գարսիա Մարկես,https://zangakbookstore.am/media/products/300x0/1789d23dfe77e96f9cf4e1689b5e7cac.jpg,https://zangakbookstore.am/hushagrutyun-im-tkhur-pornikneri-masin,"«Հուշագրություն իմ տխուր պոռնիկների մասին» վիպակը պատմում է իննսունամյա ծերունու մասին, որը վճռում է իր հոբելյանական իննսունամյակը «պատվել» տասնչորսամյա աղջնակի ընկերակցությամբ: Ծերունու և աղջնակի միջև շուրջ մեկ տարի ձգվող «արտասովոր» կապը վերջինիս ստիպում է վերհիշել անցյալը, հոդվածագրի մասնագիտությունը, և, իհարկե, ծախու կանանց այցելելու վաղեմի սովորությունը, իսկ հանկարծահաս զգացմունքը գալիս է համոզելու, որ սերը չունի տարիք, ժամ ու ժամանակ, սերը չի անցնում կրքի հետ, այլ կարող է արտահայտվել քնքշանքի, լռության և հիացմունքի ձևով: Իր այս ստեղծագործությամբ Մարկեսը հեռանում է քաղաքական ենթատեքստից և մոգական ռեալիզմից`հյուսելով անչափ ռոմանտիկ, բավական հուզիչ և գեղեցիկ սիրո պատմություն:",16.0,"Ռոմանս, Դրամա"
1595,"Կաֆկա (Ամերիկա, Կերպարանափոխություն) հատոր 2",Ֆրանց Կաֆկա,https://zangakbookstore.am/media/products/300x0/41f1db9f21f4501cd73219288edd97a9.jpg,https://zangakbookstore.am/kafka-amerika-kerparanapokhutyun-hator-2,"Ֆրանց Կաֆկայի (1883-1924) այս հատորը ներառում է նրա հանրահայտ «Ամերիկա» վեպը և «Կերպարանափոխություն» վիպակը: Ընդ որում, «Ամերիկա» վեպը հրատարակվում է առաջին անգամ, իսկ «Կերպարանափոխությունը» ներկայացվում է նոր թարգմանությամբ:",16.0,"Պոեզիա, Կենսագրություն"
1596,Ինձ պիոններ չնվիրես,Գոհար Նավասարդյան,https://zangakbookstore.am/media/products/300x0/806576ca9201a8fa762ce5cb10b77c13.jpg,https://zangakbookstore.am/indz-pionner-chnvires-1,"Գիրքը մի անկեղծ սիրո պատմություն է՝ գրված իրական ապրումների հիման վրա: Սերը բոլորիս սրտեր միանման է այցելում, այդ մենք եեք տարբեր կերպ նկարագրում մեր զգացածը: Բայց անհերքելի է այն, որ նա երբեք մենակ չի գալիս: Կարոտը, տագնապները, վախերն ու մի շարք զգայական երևույթներ միշտ քայլում են սիրո կողքով: Մենք ենք ընտրում, թե դրանցից որը մեր սիրո մեջ գերակշռի: Մենք ենք ընտրում՛ ավելի շատ կարոտե՞նք, ժպտա՞նք, թե՞ կասկածներով լցվենք:",16.0,"Ռոմանս, Սարսափ"
1597,Նրանցից մեկը,Լիանա Քոսակյան,https://zangakbookstore.am/media/products/300x0/c98a6a2c3254252f6148e34234a06ca8.jpeg,https://zangakbookstore.am/nrantsits-meky,"Ի՛մ սիրուն Նանե, Ամեն անգամ, երբ սկսում եմ գրել քեզ հոգիս տակնուվրա է լինում, վերցնում եմ գրիչը հստակ իմանալով՝ ինչ եմ ուզում գրել և, երբ հպում եմ գրիչս թղթին մտքերս կրկին փոթորկվում և կորչում են: Այնքան շատ բան կուզենայի պատմել քեզ, բայց բառերս լռում են, միայն անվախ կարող եմ մի բան ասել՝ ինձ ուժ է տալիս քո գոյությունը, միայն այն բանի գիտակցումը, որ դու ապրում ես, ու մի օր քո աչքերը հնարավոր է սահեն այս տողերի վրայով և գուցե ականջներումդ բառերս հնչեն իմ ձայնով: Թեև գրում եմ՝ իմանալով, որ չեմ ուղարկելու այս նամակը: Իմ Նանե, քո գոյությամբ է իմաստավորվում գոյությանս իմաստն ու պայքարս: Այո՛, մի պահ հուզվում եմ գրելով «իմ Նանե», ես բնավ դրա իրավունքը չունեմ, բայց այստեղ՝ կյանքն ինձ առավել համարձակ է դարձրել, սովորեցրել ասել խոսքեր, որ հնարավոր է այլ պարագայում չհամարձակվեի ասել, գնահատել կյանքի յուրաքանչյուր վայրկյան՝ չիմանալով, թե որ շունչս կարող է լինել վերջինը: Նանե՛, ուզում եմ վերադառնալ քեզ մոտ, սակայն գիտակցում եմ, որ ամեն ինչ մի փոքր այլ կլինի, քան երբեմն թույլ եմ տալիս ինձ պատկերացնել: Մեր ընկերության հանդեպ ունեցած ողջ ազնվությամբս պետք է ասեմ «ես սիրում եմ քեզ»: Գիտես երևի միշտ էլ ուզել եմ ասել, բայց միշտ էլ վախեցել եմ: Ի՛մ սիրուն Նանե, հույս ունեմ երբևէ տեսնելու քեզ, հույս ունեմ երբևէ գրկելու քեզ և սիրելու ավելի ուժգին, քան սիրել եմ…»",6.0,"Ռոմանս, Սարսափ"
1598,Տափաստանի գայլը,Հերման Հեսսե,https://zangakbookstore.am/media/products/300x0/85cf489458bc684a6c34dd31df02baf4.jpg,https://zangakbookstore.am/tapastani-gayly-nobelyan,"Գերմանացի մեծանուն գրող Հերման Հեսսեի (1887-1962) «Տափաստանի գայլը» վեպը հեղինակի ամենաճանաչված ստեղծագործությունն է, որը ներկայացնում է 20-րդ դարասկզբի եվրոպական հոգևոր ճգնաժամի համապատկերը:",16.0,"Կենսագրություն, Պոեզիա"
1599,Հակաքաղաքական,Դավիթ Սամվելյան,https://zangakbookstore.am/media/products/300x0/8be3d6b554fecb8b2e3291300a75f1d9.jpg,https://zangakbookstore.am/hakaqakhaqakan,"Համատարած կարոտ և թախիծ: Հենց այսպես կարելի է բնորոշել Դավիթ Սամվելյանի նոր գիրքը: Գրքի էջերը ողողված են մի անբացատրելի կարոտով: Դա կարոտ է դեպի մարդը և թախիծ, որը լուսավոր է ու տանում է քեզ իր հետևից: Այդ նույն տխրության ու լուսավոր թախծի մեջ էլ ապրում են նրա հերոսները, որոնք կյանքի լուսանցքում հայտնված պատմություններ կարծես լինեն, բայց հենց նրանք են, որ ամբողջացնում են մեր քաղաքի նկարագիրը, ամբողջացնում են մեր կյանքն առհասարակ: Այդ հերոսները ճակատագրեր են, որոնք չեն հաշտվում, ըմբոստանում են, պայքարում ռոբոտ դարձած այս աշխարհի և նրա կանոնների դեմ: Նրանք հաղթում են, հաղթում, բայց իրենց ձևով...",16.0,"Արկածային, Դրամա"
1600,Վերջին ուսուցիչը,Վարդգես Պետրոսյան,https://zangakbookstore.am/media/products/300x0/c1a900f8cbda60dd080b99f78c286c68.jpg,https://zangakbookstore.am/verjin-usutsichy-1,"Վիպակը մի ավարտական դասարանի հերոսների պատմությունն է, որի ֆոնին երևան են գալիս դպրոցում և ընդհանրապես կրթական ոլորտում առկա խնդիրները: Կարևորվում է լավ ուսուցչի դերը աշակերտների կյանքում:",14.0,"Երիտասարդական, Դրամա"
1601,Ագնես,Պետեր Շտամ,https://zangakbookstore.am/media/products/300x0/654bf301bee9b28cb8aadf2fd6a19dfd.png,https://zangakbookstore.am/agnes,"Սովորական թվացող սիրավեպն անկանխատեսելի ընթացք է ստանում, երբ հեղինակը, այդպես էլ անհայտ մնալով ընթերցողին, սկսում է գրել իր և իր սիրուհու` Ագնեսի հանդիպման պատմությունը` հենց նրա խնդրանքով և հավանությամբ: Նրանք տարբեր կերպ են հիշում հանդիպումը: Ավելին՝ հասնելով ներկային՝ երկու զուգահեռ սիրավեպերը` գրվողն ու «իրականը», սկսում են հակասել իրար: Արդյո՞ք պատմության ավարտը ճակատագրական պատասխան է Ագնեսի ներքին ու մթին հարցերին:",16.0,"Կենսագրություն, Դրամա"
1602,Գիշերային լողորդը,Հանսյորգ Շերթենլայբ,https://zangakbookstore.am/media/products/300x0/026942176eb2ea9eb2f65e120e336cb4.png,https://zangakbookstore.am/gisherayin-lokhordy,"Շվեյցարացի ժամանակակից հեղինակ Հանսյորգ Շերթենլայբի «Գիշերային լողորդը» վեպը տարանցիկ ժամանակների հետաքրքիր հյուսվածք է՝ առաջին սիրո, կարոտի, գաղտնիքների, վախերի, հույզերի ու ատելությունների, ինքնակայացման, ծնողների ու միջավայրի դեմ ընդդիմության մի բարդ ճանապարհի մասին։ Վեցօրյա ոդիսականի մեջ բացվում է պատանի հերոսի կենսագրությունը՝ սիրուն ու հաստատման հասնելու ճանապարհը լցնելով գեղեցկության, նվիրումի արժևորումով, պայքարելու կամքով:",16.0,"Կենսագրություն, Առեղծված"
1603,Մանդիլիոն,Վահան Հովհաննիսյան,https://zangakbookstore.am/media/products/300x0/3c867dd6f3895fbb0eb93e9747f522bc.jpg,https://zangakbookstore.am/mandilion,"Վահան Հովհաննիսյանի «Մանդիլիոն» վեպն ինտելեկտուալ դետեկտիվ է: Վեպի գործողություններն ընդգրկում են տարբեր դարաշրջաններ՝ պատմական լայն համապատկերով: Հայ ժողովրդի եւ Արևելյան Միջագետքի պատմության փուլերը, համադրվելով քրիստոնեության պատմության եւ այդ տարածքում քրիստոնյա ժողովուրդների անկախության ու գոյության պայքարի դրվագներին, ծառայում են իբրեւ ֆոն՝ մեր ժամանակակիցների՝ դարավոր առեղծվածի որոնման վտանգավոր եւ արկածալից գործողությունների համար...",16.0,"Պատմական գեղարվեստական գրականություն, Առեղծված"
1604,"Քաոս, Պատվի համար",Ալեքսանդր Շիրվանզադե,https://zangakbookstore.am/media/products/300x0/6706d69b1f23dfa1f3c1d05ad359d7ec.jfif,https://zangakbookstore.am/qaos-patvi-hamar,"Վերջին տարիների հայաստանյան հասարակական կյանքի օրինաչափությունները, Շիրվանզադեի երկերում պատկերված իրականությունը, նրա բարձրացրած խնդիրները, առաջ քաշած գաղափարները դարձնում են չափազանց արդիական: Մյուս կողմից՝ Շիրվանզադեի գրողական վարպետության շնորհիվ նրա լավագույն երկերն առ այսօր մնում են իբրև գեղարվեստականության չափանիշներ: Հատորումընդգրկված են մեծ գրողի լավագույն ստեղծագործությունները «Քաոս» վեպը և «Պատվի համար» դրաման:",12.0,"Դրամա, Պոեզիա"
1605,Փարիզի Աստվածամոր տաճարը 2015,Վիկտոր Հյուգո,https://zangakbookstore.am/media/products/300x0/2b4fce7dcecbf09e0b945baafc762616.jfif,https://zangakbookstore.am/parizi-astvatsamor-tachary,Ֆրանսիացի մեծ գրող Վիկտոր Հյուգոյի (1802-1885) ՙՓարիզի Աստվածամոր տաճարը՚ հանրահայտ վեպի հայերեն նոր հրատարակությունը իրականացվում է 1953 թ. հրատարակության հիմքով:Կատարվել են անհրաժեշտ սրբագրական և խմբագրական աշխատանքներª արդի հայերենի կետադրության և ուղղագրության կանոններին համապատաս-խանեցնելու նպատակով:,16.0,"Պոեզիա, Ժամանակակից"
1606,Հույն Զոռբան,Նիկոս Կազանձակիս,https://zangakbookstore.am/media/products/300x0/352e9d32a71ed699a4360dfcae4f790d.jpg,https://zangakbookstore.am/huyn-zorban,"«Հույն Զոռբան» համարվում է հույն գրող Նիկոս Կազանձակիսի (1883-1957) լավագույն ստեղծագործությունը: 
Ալեքսիս Զոռբան կենսախինդ ու աշխույժ մարդու կերպար է: Պարզ տրամաբանությամբ ու իր հախուռն կյանքի փորձից ելնելով՝ Զոռբան ցույց է տալիս, որ կյանքի իմաստի վերաբերյալ հարցադրումների պատասխանները գրքերի մեջ չեն, այլ հենց կյանքի, որը պետք է ապրել լիարյուն, կրքոտ, ազատ՝ սին հույսերից ու սպասելիքներից:",16.0,"Կենսագրություն, Դրամա"
1607,Վարպետը և Մարգարիտան,Միխայիլ Բուլգակով,https://zangakbookstore.am/media/products/300x0/44b6674d54bf8acbb9f9df41aa42173e.jpg,https://zangakbookstore.am/varpety-ev-margaritan,"Ռուս մեծ գրողի դարակազմիկ այս վեպի հայերեն նոր հրատարակությունն ընթերցողին է ներկայացվում վերամշակված թարգմանությամբ, հարուստ ծանոթագրություններով և Արմեն Աթանյանի՝ վեպի թեմաներով արված կտավների վերատպություններով:",12.0,"Պոեզիա, Կենսագրություն"
1608,Խատուտիկի գինի,Ռեյ Բրեդբըրի,https://zangakbookstore.am/media/products/300x0/1dd8b522a8dac0f89ac5916c97d07079.jfif,https://zangakbookstore.am/khatutiki-gini,"Ամերիկացի ականավոր գրող Ռեյ Բրեդբըրիի ամենաճանաչված գործերից մեկը՝ «Խատուտիկի գինին» (1957), կարոտաբաղձությամբ դրոշմված ինքնակենսագրական բնույթի վեպ է, որը հեղինակի բնորոշմամբ նրա պատանեկան տարիների «խատուտիկների բերքահավաքն է», ըստ այդմ էլ՝ «ինչպես կյանքի, այնպես էլ մահվան, ինչպես լույսի, այնպես էլ խավարի, ինչպես պատանության, այնպես էլ ծերության, միասին վերցրած խելքի եւ հիմարության, ինչպես անխառն բերկրանքի, այնպես էլ լիակատար ահի ներբողումը»: Խատուտիկի գինին գրքում, որը մի հիշարժան ամռան հուզաթրթիռ ժամանակագրությունն է, հենց «ամռան համն» է լեզվին, ամառը ինքնին՝ «բռնած ու խցանած»։ Բացելով «հիշողության մառանները»՝ Բրեդբըրին մեծ գրողին վայել վարպետությամբ իր պատմությունները շաղախում է խենթ ռոմանտիզմի, նրբին բանաստեղծականության ու անմոռանալի հումորի վառվռուն ցոլքերով, որոնք «Խատուտիկի գինին» դարձնում են ամեն տարիքի եւ կարգի ընթերցողին սրտամոտ հազվագյուտ գիրք:",16.0,"Կենսագրություն, Կատակերգություն"
1609,Սիրելի բարեկամ,Գի դը Մոպասան,https://zangakbookstore.am/media/products/300x0/0617b28402e24af62a060a0bc4870533.jfif,https://zangakbookstore.am/sireli-barekam,"«Սիրելի բարեկամ» վեպը կարիերիստի պատմություն է: Արկածախնդիր ու խորամանկ Ժորժ Դյուրուան երազում է փայլու կաչիերայի և բարձր հասարակության սանդուղքներով անընդհատ վեր բարձրանալու մասին, թեպետ չունի առանձնահատուկ տաղանդ ու շնորհներ: Սակայն անհատական հմայքը, որով կարողանում է գրավել բարձրաշխարհիկ կանանց սրտերը, ինչպես նաև հանգիստ խղճով ցանկացած ստորության դիմելը, պարզվում է, բավական է մեծ հաջողությունների հասնելու համար...",16.0,"Դրամա, Թրիլլեր"
1610,"Խենթը, Խաչագողի հիշատակարան",Րաֆֆի,https://zangakbookstore.am/media/products/300x0/2e265e9eeb14a50b528e634f884f36b8.jpg,https://zangakbookstore.am/khenty-khachagokhi-hishatakaran,"Րաֆֆու «Խենթը» և «Խաչագողի հիշատակարանը» հանրա¬հայտ վեպերի այս միացյալ հրատարակությունն իրականացվում է գրողի երկերի 12-հատորյակի տեքստերի հիման վրա (պատրաստել են համապատասխանաբար՝ Խ. Սամվելյանը, և Խ. Սամվելյանն ու Գ. Գասպարյանը): Կատարվել են աննշան սրբագրումներ և ուղղումներ:",12.0,"Պոեզիա, Կենսագրություն"
1611,Այնքան սպիտակ սիրտը,Խավիեր Մարիաս,https://zangakbookstore.am/media/products/300x0/03f54962a16dd61dbc4c5145a0d13e10(2).jpg,https://zangakbookstore.am/aynqan-spitak-sirty,"«Այնքան սպիտակ սիրտը» (1992) վեպը թարգմանվել է տասնյակ լեզուներով: Մասնագիտությամբ թարգմանիչ նորապսակ Խուան Ռանսը կնոջ հետ մեկնում է ամուսնական ճանապարհորդության: Լա Հավանայի պատշգամբից դուրս նայելիս նկատում է փողոցում սպասող անծանոթուհուն և , ինքն էլ չցանկանալով, ունկնդիրը դառնում է խոսակցության: Այդ պահից ի վեր այլևս անհնար է ազատվել տհաճության «զգացումից», որն ուղեկցելու է ամուսնական կյանքի ամբողջ ընթացքում: Իսկ գուցե այդ «տհաճությունը» գալիս է վաղ անցյալից, ո՞վ գիտի: «Այնքան սպիտակ սիրտը» վեպը գաղտնիքների, դրանց հնարավոր վտանգավորության, ամուսնության, սպանությունների, կասկածի, խոսելու և լռելու մասին է , սպիտակ սրտերի մասին,որոնք կամաց-կամաց ներկվում են՝ դառնալով այնպիսին, ինչպիսին երբեք չէին ցանկանա լինել:",16.0,"Առեղծված, Դրամա"
1612,Այստեղ և հիմա,Խուլիո Կորտասար,https://zangakbookstore.am/media/products/300x0/ebe10b67eacdf4d81115bb3df9a9dec8.jpg,https://zangakbookstore.am/aystekh-ev-hima,Խուլիո Կորտասարը մահվանից (1984) ոչ շատ առաջ անձամբ է կազմել այս շարքը՝ ներառելով տարբեր տարիներին գրված պատմվածքները՝ ըստ թեմատիկ ընդհանրության: Մարդու իրավունքների ոտնահարման դեմ պայքարի ակտիվ մասնակիցը լինելով՝ Խուլիո Կորտասարը չէր կարող անտարբեր լինել Արգենտինայում տիրող իշխող բռնատիրության (1976-1983) և առհասարակ բռնության հանդեպ: «Այստեղ և հիմա» շարքի 9 պատմվածքը արտահայտում է հեղինակի վրդովմունքը բռնության և խորին համակրանքը դրա դեմ ընդվզող անհատների հանդեպ:,16.0,"Դրամա, Կենսագրություն"
1613,Աուրա,Կառլոս Ֆուենտես,https://zangakbookstore.am/media/products/300x0/e1b791df2b462beff7c2b307cd08d4b4.jpg,https://zangakbookstore.am/aura,"«Աուրա» վիպակը գրվել է 1961 թվականին, լույս տեսել 1962-ին: Համարվում է լատինաամերիկյան բումի և համաշխարհային գրականության ամենանշանակալի և ամենաշատ ընթերցվող գործերից մեկը:",16.0,"Պոեզիա, Կենսագրություն"
1614,Լրտեսը,Պաուլու Կոելյու,https://zangakbookstore.am/media/products/300x0/3dbf01005768f7b5ceb168325ff1d1a0.jfif,https://zangakbookstore.am/lrtesy,"Պաուլու Կոելյուի «Լրտեսը» վեպը իրական փաստերի հիման վրա գրված խորհրդավոր մի պատմություն է,որում զուգակցվում են մի կողմից՝ Առաջին համաշխարհային պատերազմի տարիների տարբեր իրադարձությունները՝ քաղաքական շահերի անխուսափելի բախումներով, մյուս կողմից՝ հանրահայտ պարուհու հուզիչ կենսագրությունն ու չհասկացված անհատականության ողբերգությունը:",16.0,"Կենսագրություն, Դրամա"
1615,Լուր չկա,Գուրգեն Խանջյան,https://zangakbookstore.am/media/products/300x0/95340cd21526c1ff2276c0180aae13e3.jfif,https://zangakbookstore.am/lur-chka,"Երևանյան հիպիներ` սեքս, թմրանյութեր, ազատություն... Վեպը ժամանակների սահմանին հայտնված մարդկանց մասին է: Սահման, որտեղ չկան փշալար, սահմանապահներ, ճանապարհային նշաններ, և որտեղ սահմանախաղտման արարքը զրկված է վեհությունից: Արվեստագետն այլևս սովորական մարդն է` թերևս միայն դրանով տարբերվող արտառոցների հասարակությունից:",16.0,"Դրամա, Դետեկտիվ"
1616,Ստամբուլի բիճը,Էլիֆ Շաֆաք,https://zangakbookstore.am/media/products/300x0/56d944f1e96a034a905a86e08ae9656c.jpg,https://zangakbookstore.am/stambuli-bichy,"Թուրք ժամանակակից արձակագիր Էլիֆ Շաֆաքի այս վեպն առաջին անգամ լույս է տեսել անգլերեն։ Այնուհետև հեղինակն ինքը այն թարգմանել է թուրքերեն։ Սթափ հայացքով ու մեծ քաղաքի կոլորիտային մանրամասների վարպետ ներկայացմամբ Շաֆաքը վեր է հանում թուրք հասարակության ներքին բազմաթիվ խնդիրներ, որոնց թվում կարևորագույն տեղ է զբաղեցնում Հայոց մեծ եղեռնը՝ իբրև թուրքի հոգեբանության չհաղթահարվող բարդույթ։",16.0,"Կենսագրություն, Դրամա"
1617,Ջինսի սերունդը,Դաթո Տուրաշվիլի,https://zangakbookstore.am/media/products/300x0/fb17ca577d1febc4190b875df613d02b.jpg,https://zangakbookstore.am/jinsi-serundy,"Նրանք հոգեպես խեղդամահ էին լինում ԽՍՀՄ-ում, նրանց Ամերիկան էր ձգում և ազատությունը: Եվ այնտեղ հասնելու համար վրացի երիտասարդները պատրաստ էին վտանգել անգամ իրենց կյանքը: Իրական փաստերի հիման վրա գրված այս վեպը ԽՍՀՄ վերջին տարիներին այսպես կոչված՝ «ջինսի սերնդի» ձգտումների, երազանքների և խորտակված պատրանքների դրամատիկ պատմությունն է:",16.0,"Դրամա, Թրիլլեր"
1618,Իմ անունը կարմիր է,Օրհան Փամուք,https://zangakbookstore.am/media/products/300x0/1609f8ce6bc6a0eebdc3ca046b4b270d.jpg,https://zangakbookstore.am/im-anuny-karmir-e,"Օրհան Փամուքի «Իմ անունը կարմիր է» վեպը, որի հեղինակի խոստովանությամբ իր ամենա գունեղ և լավատեսական ստեղծագործությունն է, լույս է տեսել Թուրքիայում 1998-ին, երբ նա արդեն համբավավոր գրող էր, և այս վեպը պետք է նոր քայլ լիներ հեղինակի հռչակը նաև Արևմուտք տարածելու գործում: Վեպի ժանրին տիրապետելու իր հմտություններով ու կիրառված բոլոր լուծումներով հանդերձ՝ Փամուքի վեպի գրավչության ամենամեծ գաղտնիքը իր նյութի հանդեպ դրսևորած անսահման սերն է:",18.0,"Կենսագրություն, Պոեզիա"
1619,1984,Ջորջ Օրուել,https://zangakbookstore.am/media/products/300x0/60371c259a283e929af10f4fe2b9efac.jpg,https://zangakbookstore.am/1985,1949 թ. հրատարակված Ջորջ Օրուելի «1984» հանրահայտ վեպը նախկին ԽՍՀՄ տարածքում առաջին անգամ լույս տեսավ միայն 1988 թ.։ Տարբեր ժամանակներում տարբեր երկրներում վեպը պարբերաբար արգելվել է՝ երբեմն ծիծաղելի պատճառաբանություններով։ Հայերեն լույս է տեսնում առաջին անգամ։,16.0,"Պոեզիա, Կենսագրություն"
1620,Երևան (արգելված),Մկրտիչ Արմեն,https://zangakbookstore.am/media/products/300x0/2aef66575e06ae78cb04d1be859eb6d5.jpg,https://zangakbookstore.am/erevan,"Մկրտիչ Արմենի (1906-1972) 1931 թվականին լույս տեսած «Երևան» վեպ-էպոպեան խորհրդային գրականագիտության կողմից պիտակվել է որպես «մոդեռնիստական», այն է՝ անարժեք ստեղծագործություն։ Այդ պատճառով էլ ոչ մի անգամ չի վերահրատարակվել և անարդարացիոերն մոռացվել է։ Այնինչ, այն 20-րդ դարի հայ վեպի պատմության կարևորագույն իրողություններից մեկը համարվելու բոլոր նախադրյալներն ունի։",16.0,"Պատմական գեղարվեստական գրականություն, Կենսագրություն"
1621,Դաշնակահարուհին,Էլֆրիդե Ելինեկ,https://zangakbookstore.am/media/products/300x0/dccdd425601a10fca6c0a7141fa317c6.jpg,https://zangakbookstore.am/dashnakaharuhin,"«Դաշնակահարուհին» Էլֆրիդե Ելինեկի վեպն է, որով հեղինակը հայտնի է դարձել աշխարհին: Վեպում ներկայացվում է բարդ հոգեբանությամբ մի կերպար, որի ներաշխարհում կանոնիկ կյանքի և սեռական ներքին ձգտումների բարդ հակադրությունն է:",18.0,"Դրամա, Կատակերգություն"
1622,Պարոն Դալդրիի տարօրինակ ճամփորդությունը,Մարկ Լևի,https://zangakbookstore.am/media/products/300x0/8037f5796ebf18ba4cbb44cda587ac4b.jpg,https://zangakbookstore.am/paron-daldrii-tarorinak-champordutyuny,"«Պարոն Դալդրիի տարօրինակ ճամփորդությունը վեպը» (2011) ֆրանսիացի հայտնի ժամանակակից գրող Մարկ Լեւիի հայերեն թարգմանված առաջին ստեղծագործությունն է: Հեղինակն իրեն հատուկ ռոմանտիկ ոճով հյուսում է մի գեղեցիկ, հուզիչ սիրո պատմություն։ Հետեւելով բախտագուշակի կանխասումներին՝ վեպի հերոսուհին՝ Ալիսը, որը տաղանդավոր օծանագործ է, երկար ճամփորդություն է կատարում դեպի Թուրքիա, որտեղ հանդիպում է իր կյանքի տղամարդուն: Այնտեղ Ալիսը բացահայտում է իր կյանքի իրական պատմությունը։",16.0,"Ռոմանս, Կատակերգություն"
1623,Կամելիազարդ տիկինը,Ալեքսանդր Դյումա,https://zangakbookstore.am/media/products/300x0/8a5b6c2649652c25221e0942cee82a05.jpg,https://zangakbookstore.am/kameliazard-tikiny,"«Կամելիազարդ տիկինը» վեպը ֆրանսիացի դրամատուրգ, բանաստեղծ և վիպասան Ալեքսանդր Դյումա որդու անունը միանգամից հանրաճանաչ դարձրեց ամբողջ աշխարհում: Փարիզյան կուրտիզանուհի Մարգարիտ Գոթիեի ողբերգական կյանքի պատմությամբ՝ Դյումա որդին վեր էր հանում հասարակության քաղքենիական նախապաշարումների պատճառով խորտակվող ճակատագրերի դրաման:",16.0,"Դրամա, Կենսագրություն"
1624,Վիլյամ Սարոյան,Ուիլյամ Սարոյան,https://zangakbookstore.am/media/products/300x0/a611b40de8ecb17c24ef5378df65e503.jpg,https://zangakbookstore.am/vilyam-saroyan,"Ժողովածուն ընդգրկում է ամերիկյան ականավոր գրող՝ Վիլյամ Սարոյանի (1908-1981) ընտիր պատմվածքների մի փունջ, նրա էսեները գրողի եւ գրականության մասին, նամակները Եղիշե Չարենցին, Լեւ Տոլստոյին, Անտոն Չեխովին, Չարլի Չապլինին, Գրետա Գարբոյին, Մերիլին Մոնրոյին, ովքեր նրա համար եղել են «ներշնչման հրաշալի աղբյուր»: Ներկայացված են պատառիկներ որդու` Արամ Սարոյանի, նաեւ Մայքլ Առլեն կրտսերի հուշերից:",16.0,"Կենսագրություն, Պոեզիա"
1625,Անկումը,Ալբեր Կամյու,https://zangakbookstore.am/media/products/300x0/3a3bf7486aad5326138e2629832599a4.jpg,https://zangakbookstore.am/ankumy,"Գիշերային Ամստերդամի աղմկոտ գինետներից մեկում մի անծանոթ՝ բաժակը ձեռքին, անանուն զրուցակցին ներկայացնում է վերելքների ու վայրէջքների պատմությունը: Մտացածին երկխոսություն, որտեղ ընթերցողին է վիճակված գուշակել պատասխանները: Ալբեր Կամյուի՝ 1956-ին գրված այս վիպակի առանցքում իրական անկման մի պատմություն է. գիշերային Փարիզի կամուրջներից մեկին կռթնած երիտասարդ մի անծանոթուհի, որին չի հաջողվում փրկել: Գլխավոր հերոսի հետագա կյանքը, ինչպես և իրականությունն իր շուրջ դառնում են անկման երկարող հետագիծ:",16.0,"Դրամա, Առեղծված"
1626,Դեղին կազմով գիրքը,Գրիգոր Գրիգորյան,https://zangakbookstore.am/media/products/300x0/885f88942bcd6a63a28fb9ba243aaba0.jpg,https://zangakbookstore.am/dekhin-kazmov-girqy,Հուսամ` Դեղին կազմով գիրքն աշխարհը փոքր-ինչ բարի կդարձնի։,16.0,"Կատակերգություն, Մանկական գրականություն"
1627,Դեղին կազմով գիրքը,Գրիգոր Գրիգորյան,https://zangakbookstore.am/media/products/300x0/54b8796fada645c885030f1f794788cf.jpg,https://zangakbookstore.am/dekhin-kazmov-girqy-1,Հուսամ` Դեղին կազմով գիրքն աշխարհը փոքր-ինչ բարի կդարձնի։,16.0,"Կատակերգություն, Մանկական գրականություն"
1628,Սովորական սենտիմենտալ պատմություն,Հովհաննես Թաքուկյան,https://zangakbookstore.am/media/products/300x0/cc163aa9809b976d8dc38ceee0843bd7.jpg,https://zangakbookstore.am/sovorakan-sentimental-patmutyun,"Սա հեղինակի երկրորդ հրատարակված գիրքն է։ Վիպակը Երևանում ծնված ու մեծացած մի երիտասարդ կնոջ պատմությունն է։ Տաղանդավոր դաշնակահարուհի Լուսինեն ամուսնանալով և տեղափոխվելով Փարիզ,չէր էլ կարող պատկերացնել,թե որքան դժվար է հաղթահարել սիրելի ծննդավայրի ու հարազատների կարոտը,նույնիսկ եթե ապրում ես նյութապես ապահովված ընտանիքում և սիրող ամուսին ունես․․․",16.0,"Երիտասարդական, Ռոմանս"
1629,Ուսուցիչը,Սերժ Սարխոշյան,https://zangakbookstore.am/media/products/300x0/1c04c1d084a2196351d72732e822f2e4.jpg,https://zangakbookstore.am/usutsichy,,16.0,Unknown
1630,Անունս Արամ է,Ուիլյամ Սարոյան,https://zangakbookstore.am/media/products/300x0/68b7fbee3d2625be158d259e44e46374.jpg,https://zangakbookstore.am/anuns-aram-e-1,"«Անունս Արամ է» պատմվածքների շարքը Սարոյանի մանկական ու պատանեկան հիշողությունների արձագանքն է՝ յոթնամյա տղայի բացահայտումներից մինչև տասնյոթամյա պատանու ներաշխարհը։ Ծայրից ծայր զուտ սարոյանական՝ զարմանալի խանդավառությամբ, խրոխտությամբ ու գաղտնախորհուրդ թախիծով շաղախված, նուրբ հումորով ներծծված պատմություններ՝ հարազատ փոքրիկ քաղաքի զավեշտալի մարդկանց և դրանց դիմակայող՝ Սարոյանների հերսոտ ու հպարտ ընտանիքի մասին։ Պատմվածքները թարգմանված են գրքի երկրորդ՝ հեղինակի լրամշակումներով հրատարակությունից։",12.0,"Կատակերգություն, Պոեզիա"
1631,Կնքահայրը։ Մարիո Պյուզո,Մարիո Պյուզո,https://zangakbookstore.am/media/products/300x0/d9e35a6affe11496fb4b1ebfbc752d8b.jpg,https://zangakbookstore.am/knqahayry,"«Կնքահայրը» վեպը համաշխարհային ճանաչում ունի: Այն սովորական դետեկտիվ չէ: Վեպը սոցիալական լուրջ հիմնավորում ունի: Այստեղ ներկայացվում է 1920-30- ական թվականներին ԱՄՆ-ում կազմակերպված հանցագործության առաջացումը, որը հեղինակը դիտում է որպես օրինաչափ երևույթ, ինչու՞ և ինչպե՞ս են կազմակերպվել մաֆիաները, ինչպե՞ս են առաջացել նրանց կապը քաղաքական բոլորշրջանակների հետ:«Կնքահայրը» վեպը համաշխարհային ճանաչում ունի: Այն սովորական դետեկտիվ չէ: Վեպը սոցիալական լուրջ հիմնավորում ունի: Այստեղ ներկայացվում է 1920-30- ական թվականներին ԱՄՆ-ում կազմակերպված հանցագործության առաջացումը, որը հեղինակը դիտում է որպես օրինաչափ երևույթ, ինչու՞ և ինչպե՞ս են կազմակերպվել մաֆիաները, ինչպե՞ս են առաջացել նրանց կապը քաղաքական բոլորշրջանակների հետ:",16.0,"Դրամա, Առեղծված"
1632,Անլռելի Զանգակատուն,Պարույր Սևակ,https://zangakbookstore.am/media/products/300x0/28c601f8a5e6798f1fbbea62e6d4cc47.jpg,https://zangakbookstore.am/anlreli-zangakatun,Տպագրվում է պոեմի երկրորդ հրատարակությունից` հաշվի առնելով Պ. Սևակի ձեռագիր ուղղում-շտկումները: Կատարվել են բազմաթիվ այլ ճշգրտումներ ևս:,16.0,"Պոեզիա, Պատմական գեղարվեստական գրականություն"
1633,Աշխարհի մեծագույն վաճառականը,Օգ Մանդինո,https://zangakbookstore.am/media/products/300x0/41d0491c6b8d3973e713ba12e15c8c83.jpg,https://zangakbookstore.am/ashkharhi-metsaguyn-vacharakany,"Կարևոր չէ, թե ով ես դու այսօր, քանի որ այս համամարդկային բեսթսելերի հետ կսովորես՝ ինչպես փոխել կյանքդ՝ կիրառելով այն գաղտնիքները, որոնք կգտնես հնագույն գալարներում: «Աշխարհի մեծագույն վաճառականը» գրքի հեղինակը արտասովոր ու բարդ ճակատագրով մեկն է, որ մի ժամանակ հասել էր կործանման եզրին. ուժերի ծաղկման շրջանում նա մտածում էր ինքնասպանության մասին, քանի որ կորցրել էր ամեն ինչ՝ աշխատանք, տուն, կյանքի իմաստը, ու հայտնվել խորը հուսահատության մեջ: Բայց նա կարողացավ հաղթահարել այս ամենն ու մագլցել մինչև հաջողության ամենաբարձունքները: Իր սեփական փորձը նա հետագայում դարձրեց հազարավոր մարդկանց հաջողության հասնելու միջոց, նրանց հնարավորություն տվեց հաղթահարելու ճգնաժամերն ու հասնել հաջողությունների: «Անհաջողությունների սպանդանոցն իմ ճակատագիրը չէ: Ես պայքարելու եմ, մինչև հաջողության հասնեմ»: ​Այս գիրքը հարգանքի տուրք է հանճարեղ վաճառականին՝ Վ. Քլեմենտ Սթոունին, ով սերը, կարեկցանքը և վաճառելու արվեստի յուրօրինակ գաղափարախոսությունն իրար է միախառնել՝ ստեղծելով հաջողության մի դինամիկ փիլիսոփայություն, որը տարեցտարի ոգևորում և ուղղորդում է հազարավոր մարդկանց՝ բացահայտելու էլ ավելի մեծ երջանկություն, լինելու առողջ թե՛ հոգեպես, թե՛ ֆիզիկապես, վերագտնելու իրենց մտքի խաղաղությունը, լինելու ազդեցիկ և հարուստ:",16.0,"Դրամա, Առեղծված"
1634,Խոհեր... Խոհեր,Գրիգոր Գուրզադյան,https://zangakbookstore.am/media/products/300x0/0bf9cb6e894ece248fe3e402fc891891.jpg,https://zangakbookstore.am/khoher-khoher,"Սա տասներկուերորդ ժողովածուն է հեղինակի էսսեների` նվիրված արվեստի, գրականության, գիտության, պատմության, փիլիսոփայության և այլ հարցերին: Ուշագրավ է էսսեների ոճական հարստությունը: Գիրքն առատորեն հագեցված է իր իսկ` հեղինակի նկարչական գործերով:",16.0,"Պոեզիա, Կենսագրություն"
1635,Նատյուրմորտ սև ֆոնի վրա,Էլդա Գրին,https://zangakbookstore.am/media/products/300x0/f5232af2a0f5dcad63ae6ea35c40f2b3.jpg,https://zangakbookstore.am/natyurmort-sev-foni-vra,"Գիրքն աչքի է ընկնում մի յուրահատկությամբ: Սովորաբար նկարիչները գեղարվեստական գրքեր ձևավորելու նպատակով նախ ծանոթանում են դրանց բովանդակությանը՝ աշխատելով հնարավորինս հարազատ մնալ հեղինակի մտահղացումներին: Մինչդեռ ճանաչված գրող Էլդա Գրինը գրքում ընդգրկված պատմվածքները ստեղծել է նկարիչների կտավների ազդեցության տակ՝ արտահայտելով իր անհատական ընկալումներն ու զուգորդումները, տալով նկարների բովանդակության իր մեկնաբանությունները: Բոլոր նկարները ներկայացված են համապատասխան պատմվածքներում:",16.0,"Կենսագրություն, Պոեզիա"
1636,Ընտրանի։ Համո Սահյան,Համո Սահյան,https://zangakbookstore.am/media/products/300x0/9c452acb126f29111c5fda84fc9063ce.jpg,https://zangakbookstore.am/yntrani-1,Համո Սահյանի ստեղծագործությունների ընտրանին մեծ բանաստեղծի տարբեր ժողովածուներից լավագույն ստեղծագործությունների մեկտեղումն է:,12.0,"Պոեզիա, Կենսագրություն"
1637,Ինֆեռնո (փափուկ),Դեն Բրաուն,https://zangakbookstore.am/media/products/300x0/6daa1b598d2ecedfed437779491e6966.jpg,https://zangakbookstore.am/inferno-1,"Երկրի և մարդկության փրկության սևեռուն գաղափարով տարված տաղանդավոր գիտնականի ահասարսուռ ուղերձի հետքով են ընթանում գրքի հերոսները: Ամերիկացի պրոֆեսորը և նրա հնարամիտ ուղեկցորդուհին խելահեղ որոնումների մեջ են հիասքանչ Ֆլորենցիայում, Վենետիկում և Ստամբուլում: Արդյո՞ք զուր են ջանքերը... Վեպում անդադար փախուստ է և փնտրում. ընթերցողի առջև մերթ ընդ մերթ հառնում է Դանտե Ալիգիերիի դժոխքը՝ Ինֆեռնոն, և ոչ միայն «Աստվածային կատակերգության»՝ գաղտնաբառեր ծառայող տողերում, այլև Վերածննդի մեծագույն վարպետների կտավներում:",16.0,"Կատակերգություն, Դրամա"
1638,Ռոբինզոն,Արամ Պաչյան,https://zangakbookstore.am/media/products/300x0/93d08e556760a1eb545835c559421882(1).jpg,https://zangakbookstore.am/robinzon-papuk-kazm,"Պատմվածքների այս ժողովածուն համաշխարհային «ռոբինզոնադի» ավանդույթների յուրօրինակ շարունակությունն է՝ Արամ Պաչյանի գրողական ինքնատիպության դրոշմով: Երբեք չթուլացող զգայականությամբ, կառուցվածքային նուրբ խաղարկումներով հատկանշվող այդ պատմվածքներում յուրաքանչյուր հերոս յուրովի է փնտրում ու գտնում մարդկային նախաստեղծ պարզ ու անկեղծ կեցության իր վերջին կղզին:",18.0,"Պոեզիա, Դրամա"
1639,Ռոբինզոն,Արամ Պաչյան,https://zangakbookstore.am/media/products/300x0/58c041e94029cdd7114ed9081de44d8b.jpg,https://zangakbookstore.am/robinzon-kosht-kazm,"Պատմվածքների այս ժողովածուն համաշխարհային «ռոբինզոնադի» ավանդույթների յուրօրինակ շարունակությունն է՝ Արամ Պաչյանի գրողական ինքնատիպության դրոշմով: Երբեք չթուլացող զգայականությամբ, կառուցվածքային նուրբ խաղարկումներով հատկանշվող այդ պատմվածքներում յուրաքանչյուր հերոս յուրովի է փնտրում ու գտնում մարդկային նախաստեղծ պարզ ու անկեղծ կեցության իր վերջին կղզին:",18.0,"Պոեզիա, Դրամա"
1640,Ցտեսություն ծիտ,Արամ Պաչյան,https://zangakbookstore.am/media/products/300x0/1a0409d6903978dd086e353bb98dd41c.jpg,https://zangakbookstore.am/tstesutyun-tsit-kosht-kazm,"Պատմվածքների այս ժողովածուն համաշխարհային «ռոբինզոնադի» ավանդույթների յուրօրինակ շարունակությունն է՝ Արամ Պաչյանի գրողական ինքնատիպության դրոշմով: Երբեք չթուլացող զգայականությամբ, կառուցվածքային նուրբ խաղարկումներով հատկանշվող այդ պատմվածքներում յուրաքանչյուր հերոս յուրովի է փնտրում ու գտնում մարդկային նախաստեղծ պարզ ու անկեղծ կեցության իր վերջին կղզին:",18.0,"Պոեզիա, Դրամա"
1641,Ցտեսություն ծիտ,Արամ Պաչյան,https://zangakbookstore.am/media/products/300x0/cff99003b26a8c2fb3785c56222a27fc.jpg,https://zangakbookstore.am/tstesutyun-tsit-papuk-kazm,"Պատմվածքների այս ժողովածուն համաշխարհային «ռոբինզոնադի» ավանդույթների յուրօրինակ շարունակությունն է՝ Արամ Պաչյանի գրողական ինքնատիպության դրոշմով: Երբեք չթուլացող զգայականությամբ, կառուցվածքային նուրբ խաղարկումներով հատկանշվող այդ պատմվածքներում յուրաքանչյուր հերոս յուրովի է փնտրում ու գտնում մարդկային նախաստեղծ պարզ ու անկեղծ կեցության իր վերջին կղզին:",18.0,"Պոեզիա, Դրամա"
1642,Նախաճաշ Թիֆընիի մոտ,Թրումեն Կապոտե,https://zangakbookstore.am/media/products/300x0/3047ca1e29aadd07da354ad87233e295.jpeg,https://zangakbookstore.am/nakhachash-tifynii-mot,"Թրումեն Կապոտեն ամերիկյան նշանավոր գրողներից է, բազմաթիվ վեպերի, վիպակների, պատմվածքների հեղինակ: Հայ ընթերցողին նա ծանոթ է «Խոտի մեղեդին» վիպակով և մի շարք պատմվածքներով («Սովետական գրող», 1981): Ընթերցողի ուշադրությանը ներկայացվող «Նախաճաշ Թիֆընիի մոտ» (1958) վիպակը գրողին ճանաչում բերած ստեղծագործություններից է: Դա տասնիննամյա Հոլլի Գոլայթլիի կյանքի և դառը ճակատագրի պատմությունն է: Գավառից քաղաք գալով՝ նա միանգամից ընկնում է մեծ քաղաքի գայթակղությունների և որոգայթների մեջ, սակայն էությամբ օտար լինելով ստին ու կեղծիքին՝ չի կարողանում իր տեղը գտնել այդ հասարակության մեջ:",16.0,"Կենսագրություն, Դրամա"
1643,Կոմս Մոնտե Քրիստո 1,Ալեքսանդր Դյումա,https://zangakbookstore.am/media/products/300x0/9a4eaa37fdaa8d8c15560a833fd3f9f8.jpg,https://zangakbookstore.am/koms-monte-qristo-1,"«Կոմս Մոնտե-Քրիստո» վեպն արկածային ժանրի լավագույն ստեղծագործություններից է՝ գրված 1844-1845 թթ.: Հեղինակը գրքի սյուժեն ու գլխավոր հերոսի անունը մտահղացել է Միջերկրական ծովով շրջագայելիս, երբ տեսել է Մոնտեքրիստո կղզին ու լսել այնտեղ թաքնված բազմաթիվ գանձերի մասին: Վեպի սկզբում հանդիպում ենք մի սովորական երիտասարդի, որը «Փարավոն» նավի նավապետի օգնականն էր, ուներ սիրելի աղջիկ՝ Մերսեդես անունով, և ապրում էր տասնութ-քսան տարեկան բոլոր երիտասարդներին բնորոշ նպատակներով ու երազանքներով: Դեռ վաղ տարիքից վտանգի դեմ պայքարելու սովոր Դանտեսը ոչ մի կերպ չի կարողանում պայքարել աշխարհում գոյություն ունեցող անարդարության դեմ ու «ընկերների» կազմակերպած դավադրության հետևանքով հայտնվում է Իֆ ամրոց-բանտում, որտեղից ելք կարող էր լինել միայն հրաշքի դեպքում:",16.0,"Թրիլլեր, Ֆանտաստիկա"
1644,Ապուշների ուղևորությունը,Հրաչյա Սարիբեկյան,https://zangakbookstore.am/media/products/300x0/37991d026475adf3543cdd6503c8f1e4.jpg,https://zangakbookstore.am/apushneri-ukhevorutyuny,"1990-ականների սկզբի հայաստանյան իրականության բազմաթիվ հարցեր դեռ անպատասխան են մնում, բազմաթիվ հարցեր առեղծվածի քողով են պատված, իսկ բազմաթիվ հարցերի մասին գերադասելին ընդհանրապես լռությունն է: Հրաչյա Սարիբեկյանի «Ապուշների ուղեւորությունը» «երկաթուղային վեպը» ռելսերին է դնում հարցեր, որոնց շուրջ մինչ այժմ առեղծվածային լռություն է: Օրինակ՝ ինչ եղան Բաքվի ու Ադրբեջանի մյուս քաղաքների հոգեբուժարանների հայ հիվանդները... Ուստի վեպի հերոսների ուղեւորությունը յուրատեսակ ուղեւորություն է նաեւ ընթերցողի համար եւ նույնքան վտանգավոր. «սարիբեկյանական իրականության» մեջ ընթերցողից հերոսի, նույնն է թե ապուշի վերածվելու սահմանը չափազանց հարաբերական է։",16.0,"Առեղծված, Դրամա"
1645,Արտավազդ Շիդար,Գուրգեն Խանջյան,https://zangakbookstore.am/media/products/300x0/45192bfa8bc967977db31502558a8eed.jpg,https://zangakbookstore.am/artavazd-shidar,Ժամանակակից հայ դրամատուրգիայի ամենաակնառու և ամենաբեմադրված հեղինակներից մեկի` Գուրգեն Խանջյանի պիեսների նոր ժողովածուն ամփոփում է նրա վերջին տարիների ստեղծագործությունները:,16.0,"Պոեզիա, Կենսագրություն"
1646,Հուլունքախաղ,Հերման Հեսսե,https://zangakbookstore.am/media/products/300x0/d9e4b83352a387e0a0d18a110fe61747.jpeg,https://zangakbookstore.am/hulunqakhakh,"«Հուլունքախաղը» Հերման Հեսսեի վերջին մեծ վեպնէ: Այն ոչ միայն եզրափակում, այլև ամփոփում է գրողի անցած ճանապարհտ՝ անդրադարձնելով նրա հոգեմտավոր որոնումների հարուստ պատմությունը՝ նոր ռոմանտիկական փորձերից մինչև հասուն մոդեռնիստական ստեղծագործությունները: «Հուլունքախաղ» վեպը Հեսսեին բերեց աննախընթաց հեղինակություն. ոչ միայն Նոբելյան մրցանակ, այլև չխամրող փառք՝ գրանցելով նրա անունը այն մեծերի շարքում, ովքեր կերտել են եվրոպական ոգին:",16.0,"Կենսագրություն, Պատմական գեղարվեստական գրականություն"
1647,Ռոդենի ձմեռը,Դավիթ Սամվելյան,https://zangakbookstore.am/media/products/300x0/629ae57fc0be7a42b44f51c1bf3f528b.jpg,https://zangakbookstore.am/rodeni-dzmery,"​«Ռոդենի ձմեռը» Դավիթ Սամվելյանի չորրորդ գիրքն է «Լուսե Երազ», «Նա և նրա», «Արտագաղթած կարոտ» ժողովածուներից հետո: Գիրքը ներառում է պատմվածքներ ու էսսեներ, որոնց առանցքային թեմաներն են մարդկային բնավորությունների ու խառնվածքների հակադրությունները, «մութ ու ցուրտ տարիները», այդ օրերի կոլորիտը, մարդկանց պահվածքի ու ներաշխարհի, փոխհարաբերությունների փոփոխությունները տարիների ընթացքում:",16.0,"Պոեզիա, Դրամա"
1648,Արտագաղթած կարոտ,Դավիթ Սամվելյան,https://zangakbookstore.am/media/products/300x0/b3c683f27ac00fac3bdb3ba5464b8a03.jfif,https://zangakbookstore.am/artagakhtats-karot,"«Արտագաղթած կարոտ» էսսեների և պատմվածքների ժողովածու: Կյանքում միշտ կամ մենք ենք հեռանում, կամ մեզնից են հեռու գնում: Հեռացումները միշտ ուղեկցվում են արցունքներով՝ ուրախության կամ տխրության, սակայն երբեմն էլ հոգիդ է լալիս իր անտես աչքով... Գիրքը նվիրվում է այն կարոտներին, որոնք արտագաղթել են հավերժորեն՝ անվերադարձ...",16.0,"Կատակերգություն, Դրամա"
1649,Օտարը,Ալբեր Կամյու,https://zangakbookstore.am/media/products/300x0/2027db12e3c3c90f64de86e087f95570.jpg,https://zangakbookstore.am/otary,"1942 թվականին լույս տեսած իր առաջին՝ «Օտարը» վեպում Ալբեր Կամյուն գեղարվեստականորեն առարկայացնում է աբսուրդի և էքզիստենցիալիզմի փիլիսոփայության վերաբերյալ իր հայացքները: Այդ հայացքները մարմնավորող վեպի գլխավոր հերոսի գլխավոր առանձնահատկությունը կեղծավորության ու ստի հանդեպ ատելությունն է, հավակնությունների գրեթե բացակայությունը, անգամ, եթե այդ ամենը հակասում է սեփական շահերին:",16.0,"Դրամա, Առեղծված"
1650,Բառի եզրագծեր,,https://zangakbookstore.am/media/products/300x0/faa6a43a7c953935b1d04d5a737953a5.jpeg,https://zangakbookstore.am/bari-ezragtser,«Բառի եզրագծեր»-ը «Արարատ Մկրտումյան» ամենամյա մրցանակաբաշխությանը մասնակցած և խրախուսական մրցանակների արժանացած Լոռու մարզի երիտասարդ բանաստեղծների գիրքն է:,12.0,"Պոեզիա, Երիտասարդական"
1651,Անասնաֆերմա (2018),Ջորջ Օրուել,https://zangakbookstore.am/media/products/300x0/33332d3c5c6c4049a950fd816325aa4b.jpg,https://zangakbookstore.am/anasnaferma-nkarazardumnerov,"«Անասնաֆերմա» վիպակը հրատարակվել է է 1945 թվականին: Այն կարելի է համարել երգիծական առակ-այլաբանություն, որտեղ Օրուելը պատկերել է 1917 թվականին Ռուսաստանում տեղի ունեցած Հոկտեմբերյան հեղաշրջման հեղափոխական սկզբունքների, գաղափարների ու ծրագրերի հետագա այլասերման ընթացքը, որն ի վերջո հանգեցրեց բռնապետության եւ տոտալիտարիզմի:",16.0,"Պատմական գեղարվեստական գրականություն, Կենսագրություն"
1652,Սպանիա,Կոստան Զարյան,https://zangakbookstore.am/media/products/300x0/8ad44636b2d1497fc31a503253c5b2f5.png,https://zangakbookstore.am/spania,Կոստան Զարեանի «Սպանիա»–ն մեծ գրողի լաւագոյն երկերից մեկն է: Գիրքը լոյս է տեսնում երկրորդ՝ բարեփոխւած հրատարակութեամբ:,16.0,"Պոեզիա, Կենսագրություն"
1653,Ապրիլյան հերոսամարտ,Ժաննա Հակոբյան,https://zangakbookstore.am/media/products/300x0/752d6029730f6e7b0f59de47ec4f34cf.jpg,https://zangakbookstore.am/aprilyan-herosamart,"Գրքում Ժ.Հակոբյանը գեղարվեստական վարպետությամբ պատկերել է ապրիլյան քառօրյա պատերազմում երիտասարդ հայ զինվորների ցուցաբերած սխրանքները, նրանց մարտական ոգին, ֆիզիկական պատրաստվածությունը, ինչպես նաեւ հոգեկան ապրումներն ու տագնապները։ Գրողը քայլ առ քայլ ցույց է տվել, որ մարտական ակտիվ գործողությունների մասնակցած մերօրյա հերոսներն իրենց հայրենապաշտությամբ ու քաջությամբ արժանի հետեւորդներն են Արցախյան գոյապայքարով անցած իրենց հայրերի, որոնց մի մասը որպես կամավորականներ նույնպես կանգնեցին իրենց որդիների կողքին: Եվ ընթերցողի համար պարզ է դառնում, որ հայրենիքի նվիրյալները պատրաստ են սուրը պատյան չդնել, քանի վերջնականապես չի ջախջախվել հայ ժողովրդի ցեղասպան թշնամին։ 
Վիպակում արձակագիրը հիմնականում անդրադարձել է հատկապես պատերազմի թիրախը դարձած Մարտակերտի, Մատաղիսի, Թալիշի հետ կապված դրվագներին։ Գրքում բոլոր դեպքերը բացառապես հիմնված են իրական փաստերի հիման վրա:",16.0,"Թրիլլեր, Կենսագրություն"
1654,Հազկերտի ցասումը,Արմեն Մալխասյան,https://zangakbookstore.am/media/products/300x0/8df87cdf1a7e08614d89b42fc51b6aeb.jpg,https://zangakbookstore.am/hazkerti-tsasumy,"Պատմավեպի մեջ նկարագրվում են 5-րդ դարի հայ-պարսկական կրոնական պատերազմներին նախորդող դեպքեր, որոնք գերազանցապես դիտարկում են հակամարտության գծի հակառակ կողմը` պարսկական արքունիքը, պատմական անձանց, զինվորական ու քաղաքական գործիչներին, պալատական բարքերն ու մեքենայությունները։ Հազկերտի ցասումը պատմավեպին հատուկ է կինոմտածողությունը եւ էզոտերիկ հարուստ շերտը: Դեպքերը զարգանում են արագ եւ անկանխատեսելի, բացահայտելով, թե իրականում որտեղ են թաքնված մեծ չարիքի սերմերը։",16.0,"Պատմական գեղարվեստական գրականություն, Կենսագրություն"
1655,"Մայրիկ, ես սիրում եմ քեզ",Ուիլյամ Սարոյան,https://zangakbookstore.am/media/products/300x0/7409133180895a504ad45ceef039e744.jpg,https://zangakbookstore.am/mayrik-es-sirum-em-qez,"«Անտարես» հրատարակչությունը Զավեն Բոյաջյանի թարգմանությամբ ընթերցողին է ներկայացնում Ուիլյամ Սարոյանի «Մայրիկ, ես սիրում եմ քեզ» (Mama, I love you) վեպի նոր հրատարակությունը:",12.0,"Ռոմանս, Պոեզիա"
1656,Հերվան ձյունի փնտրտուք,Աշոտ Հովսեփյան,https://zangakbookstore.am/media/products/300x0/1f41ab5c8ce4c25317282cd85122a965.jpg,https://zangakbookstore.am/hervan-dzyuni-pntrtuq,"Ժողովածուն հեղինակի առաջին գիրքն է եւ ներառում է նրա՝ վերջին տասնամյակի տարբեր տարիներին գրական ու պարբերական մամուլում հրապարակված, ինչպես նաեւ անտիպ ստեղծագործություններ։ Ընթերցողին են ներկայացվում պատմվածքների երկու շարք, երկու վիպակ, մեկ կինոպատում, ինչպես նաեւ մանրապատումներ եւ էսսեներ։ 
Հեղինակը պատկերել է մեր իրականությունը` անկախացման տարիներից մինչեւ մեր օրերն ընկած մի բարդ ժամանակահատված, մարդկային ճակատագրերի վրա ունեցած խոր ազդեցություններով: Հերոսները սովորական մարդիկ են` իրենց հոգեկան տվայտանքներով, տանջող ցավերով, թեպետեւ սակավ, բայց նաեւ ուրախության պահերով:",16.0,"Կենսագրություն, Պոեզիա"
1657,Մեծ վախը լեռներում,Ռամյու Ֆերդինանդ,https://zangakbookstore.am/media/products/300x0/197433067fd88f4eb644372525fd0163.jpg,https://zangakbookstore.am/mets-vakhy-lernerum,"«Մեծ վախը լեռներում» վեպը Շ.Ֆ. Ռամյուի ամենահայտնի գործերից մեկն է, որը թարգմանվել է բազմաթիվ լեզուներով, քանիցս էկրանավորվել, դարձել ուսումնասիրության նյութ։ Գործն առաջին անգամ է թարգմանվում հայերեն։",18.0,"Դրամա, Պոեզիա"
1658,"Մայրիկ, ես քեզ սիրում եմ",Ուիլյամ Սարոյան,https://zangakbookstore.am/media/products/300x0/ee0fb92c11fecc4f41295029c96e9277.jpg,https://zangakbookstore.am/mayrik-es-qez-sirum-em,"Ուիլյամ Սարոյանի շենշող գործերից մեկը՝ «Մայրիկ, ես սիրում եմ քեզ» վեպը (1956), իննամյա աղջնակի անխաթար հայացքով է ներկայացնում կյանքը, ընտանեկան հարաբերություններն ու թատրոնի աշխարհը, որտեղ նա հայտնվում է դերասանուհի մոր մասնագիտության բերումով: Սրտառուչ քնարականության և կենսուրախ հումորի զուտ սարոյանական շաղախը անկրկնելի հմայք է տալիս ցանկացած տարիքի ընթերցողին ջերմացնելու ընդունակ այս լուսե, ներդաշնակ ու հաճելի գրքին, որը հրատարակվում է վերանայված թարգմանությամբ:",16.0,"Ռոմանս, Կատակերգություն"
1659,Լարովի նարինջ,Էնթոնի Բյորջես,https://zangakbookstore.am/media/products/300x0/db39ac7642c7d29390d6ec552e6cc66f.jpg,https://zangakbookstore.am/larovi-narinj,"«Լարովի նարինջ» երգիծական հակաուտոպիան XX դարի ամենահռչակավոր գրական գործերից է: Անթընի Բըրջեսի պատկերած մղձավանջային ապագայում պատանի հերոսը՝ հանցախմբի պարագլուխ Ալեքսը, գրողի հորինած ժարգոնով իր արկածների և իրեն «շտկելու» իշխանությունների փորձի պատմությունն է անում: Սա ահազդու առականման պատում է բարու և չարի, բռնության, մարդու ազատության իմաստի մասին: Ավելի քան 50 տարի առաջ գրված գիրքը պահպանել է ընթերցողին խռովքի մատնելու իր ուժը: Հայերեն թարգմանությունը հենվել է հեղինակային բնագրի վերականգնված տեքստի վրա:",18.0,"Պոեզիա, Կենսագրություն"
